ISO-10303-21;
HEADER;
/* Generated by software containing ST-Developer
 * from STEP Tools, Inc. (www.steptools.com) 
 */
/* OPTION: using custom renumber hook */

FILE_DESCRIPTION(
/* description */ ('STEP AP242 Edition 2',
'CAx-IF Rec.Pracs.---Representation and Presentation of Product Manufa
cturing Information (PMI)---4.0---2014-10-13',
'CAx-IF Rec.Pracs.---3D Tessellated Geometry---0.4---2014-09-14','2;1',
'CAx-IF Rec.Pracs.---User Defined Attributes---1.5---2016-08-15'),
/* implementation_level */ '2;1');

FILE_NAME(
/* name */ 'Part Studio 1',
/* time_stamp */ '2026-06-09T11:50:25Z',
/* author */ (''),
/* organization */ (''),
/* preprocessor_version */ 'ST-DEVELOPER v20',
/* originating_system */ 'ONSHAPE BY PTC INC, 1.216',
/* authorisation */ '  ');

FILE_SCHEMA (('AP242_MANAGED_MODEL_BASED_3D_ENGINEERING_MIM_LF { 1 0 10303 442 3 1 4 }'));
ENDSEC;

DATA;
#10=VERTEX_LOOP('',#3501);
#11=VERTEX_LOOP('',#3503);
#12=VERTEX_LOOP('',#3505);
#13=VERTEX_LOOP('',#3507);
#14=CONICAL_SURFACE('',#5850,0.0008,1.02974425867665);
#15=CONICAL_SURFACE('',#5853,0.0008,1.02974425867665);
#16=CONICAL_SURFACE('',#5856,0.0008,1.02974425867665);
#17=CONICAL_SURFACE('',#5859,0.0008,1.02974425867665);
#18=SHAPE_REPRESENTATION_RELATIONSHIP('','',#5403,#20);
#19=SHAPE_REPRESENTATION_RELATIONSHIP('','',#5404,#21);
#20=ADVANCED_BREP_SHAPE_REPRESENTATION('',(#5399),#9575);
#21=ADVANCED_BREP_SHAPE_REPRESENTATION('',(#5400),#9576);
#22=B_SPLINE_SURFACE_WITH_KNOTS('',3,1,((#7742,#7743),(#7744,#7745),(#7746,
#7747),(#7748,#7749)),.SURF_OF_LINEAR_EXTRUSION.,.F.,.F.,.F.,(4,4),(2,2),
(0.,1.),(0.,1.),.PIECEWISE_BEZIER_KNOTS.);
#23=B_SPLINE_SURFACE_WITH_KNOTS('',3,1,((#7757,#7758),(#7759,#7760),(#7761,
#7762),(#7763,#7764)),.SURF_OF_LINEAR_EXTRUSION.,.F.,.F.,.F.,(4,4),(2,2),
(0.,1.),(0.,1.),.PIECEWISE_BEZIER_KNOTS.);
#24=B_SPLINE_SURFACE_WITH_KNOTS('',3,1,((#7770,#7771),(#7772,#7773),(#7774,
#7775),(#7776,#7777)),.SURF_OF_LINEAR_EXTRUSION.,.F.,.F.,.F.,(4,4),(2,2),
(0.,1.),(0.,1.),.PIECEWISE_BEZIER_KNOTS.);
#25=B_SPLINE_SURFACE_WITH_KNOTS('',3,1,((#7783,#7784),(#7785,#7786),(#7787,
#7788),(#7789,#7790)),.SURF_OF_LINEAR_EXTRUSION.,.F.,.F.,.F.,(4,4),(2,2),
(0.,1.),(0.,1.),.PIECEWISE_BEZIER_KNOTS.);
#26=B_SPLINE_SURFACE_WITH_KNOTS('',3,1,((#7804,#7805),(#7806,#7807),(#7808,
#7809),(#7810,#7811)),.SURF_OF_LINEAR_EXTRUSION.,.F.,.F.,.F.,(4,4),(2,2),
(0.,1.),(0.,1.),.PIECEWISE_BEZIER_KNOTS.);
#27=B_SPLINE_SURFACE_WITH_KNOTS('',3,1,((#7829,#7830),(#7831,#7832),(#7833,
#7834),(#7835,#7836)),.SURF_OF_LINEAR_EXTRUSION.,.F.,.F.,.F.,(4,4),(2,2),
(0.,1.),(0.,1.),.PIECEWISE_BEZIER_KNOTS.);
#28=B_SPLINE_SURFACE_WITH_KNOTS('',3,1,((#7842,#7843),(#7844,#7845),(#7846,
#7847),(#7848,#7849)),.SURF_OF_LINEAR_EXTRUSION.,.F.,.F.,.F.,(4,4),(2,2),
(0.,1.),(0.,1.),.PIECEWISE_BEZIER_KNOTS.);
#29=B_SPLINE_SURFACE_WITH_KNOTS('',3,1,((#7855,#7856),(#7857,#7858),(#7859,
#7860),(#7861,#7862)),.SURF_OF_LINEAR_EXTRUSION.,.F.,.F.,.F.,(4,4),(2,2),
(0.,1.),(0.,1.),.PIECEWISE_BEZIER_KNOTS.);
#30=B_SPLINE_SURFACE_WITH_KNOTS('',3,1,((#7868,#7869),(#7870,#7871),(#7872,
#7873),(#7874,#7875)),.SURF_OF_LINEAR_EXTRUSION.,.F.,.F.,.F.,(4,4),(2,2),
(0.,1.),(0.,1.),.PIECEWISE_BEZIER_KNOTS.);
#31=B_SPLINE_SURFACE_WITH_KNOTS('',3,1,((#7881,#7882),(#7883,#7884),(#7885,
#7886),(#7887,#7888)),.SURF_OF_LINEAR_EXTRUSION.,.F.,.F.,.F.,(4,4),(2,2),
(0.,1.),(0.,1.),.PIECEWISE_BEZIER_KNOTS.);
#32=B_SPLINE_SURFACE_WITH_KNOTS('',3,1,((#7894,#7895),(#7896,#7897),(#7898,
#7899),(#7900,#7901)),.SURF_OF_LINEAR_EXTRUSION.,.F.,.F.,.F.,(4,4),(2,2),
(0.,1.),(0.,1.),.PIECEWISE_BEZIER_KNOTS.);
#33=B_SPLINE_SURFACE_WITH_KNOTS('',3,1,((#7907,#7908),(#7909,#7910),(#7911,
#7912),(#7913,#7914)),.SURF_OF_LINEAR_EXTRUSION.,.F.,.F.,.F.,(4,4),(2,2),
(0.,1.),(0.,1.),.PIECEWISE_BEZIER_KNOTS.);
#34=B_SPLINE_SURFACE_WITH_KNOTS('',3,1,((#7944,#7945),(#7946,#7947),(#7948,
#7949),(#7950,#7951)),.SURF_OF_LINEAR_EXTRUSION.,.F.,.F.,.F.,(4,4),(2,2),
(0.,1.),(0.,1.),.PIECEWISE_BEZIER_KNOTS.);
#35=B_SPLINE_SURFACE_WITH_KNOTS('',3,1,((#7957,#7958),(#7959,#7960),(#7961,
#7962),(#7963,#7964)),.SURF_OF_LINEAR_EXTRUSION.,.F.,.F.,.F.,(4,4),(2,2),
(0.,1.),(0.,1.),.PIECEWISE_BEZIER_KNOTS.);
#36=B_SPLINE_SURFACE_WITH_KNOTS('',3,1,((#7970,#7971),(#7972,#7973),(#7974,
#7975),(#7976,#7977)),.SURF_OF_LINEAR_EXTRUSION.,.F.,.F.,.F.,(4,4),(2,2),
(0.,1.),(0.,1.),.PIECEWISE_BEZIER_KNOTS.);
#37=B_SPLINE_SURFACE_WITH_KNOTS('',3,1,((#7983,#7984),(#7985,#7986),(#7987,
#7988),(#7989,#7990)),.SURF_OF_LINEAR_EXTRUSION.,.F.,.F.,.F.,(4,4),(2,2),
(0.,1.),(0.,1.),.PIECEWISE_BEZIER_KNOTS.);
#38=B_SPLINE_SURFACE_WITH_KNOTS('',3,1,((#8017,#8018),(#8019,#8020),(#8021,
#8022),(#8023,#8024)),.SURF_OF_LINEAR_EXTRUSION.,.F.,.F.,.F.,(4,4),(2,2),
(0.,1.),(0.,1.),.PIECEWISE_BEZIER_KNOTS.);
#39=B_SPLINE_SURFACE_WITH_KNOTS('',3,1,((#8034,#8035),(#8036,#8037),(#8038,
#8039),(#8040,#8041)),.SURF_OF_LINEAR_EXTRUSION.,.F.,.F.,.F.,(4,4),(2,2),
(0.,1.),(0.,1.),.PIECEWISE_BEZIER_KNOTS.);
#40=B_SPLINE_SURFACE_WITH_KNOTS('',3,1,((#8142,#8143),(#8144,#8145),(#8146,
#8147),(#8148,#8149)),.SURF_OF_LINEAR_EXTRUSION.,.F.,.F.,.F.,(4,4),(2,2),
(0.,1.),(0.,1.),.PIECEWISE_BEZIER_KNOTS.);
#41=B_SPLINE_SURFACE_WITH_KNOTS('',3,1,((#8157,#8158),(#8159,#8160),(#8161,
#8162),(#8163,#8164)),.SURF_OF_LINEAR_EXTRUSION.,.F.,.F.,.F.,(4,4),(2,2),
(0.,1.),(0.,1.),.PIECEWISE_BEZIER_KNOTS.);
#42=B_SPLINE_SURFACE_WITH_KNOTS('',3,1,((#8230,#8231),(#8232,#8233),(#8234,
#8235),(#8236,#8237)),.SURF_OF_LINEAR_EXTRUSION.,.F.,.F.,.F.,(4,4),(2,2),
(0.,1.),(0.,1.),.PIECEWISE_BEZIER_KNOTS.);
#43=B_SPLINE_SURFACE_WITH_KNOTS('',3,1,((#8243,#8244),(#8245,#8246),(#8247,
#8248),(#8249,#8250)),.SURF_OF_LINEAR_EXTRUSION.,.F.,.F.,.F.,(4,4),(2,2),
(0.,1.),(0.,1.),.PIECEWISE_BEZIER_KNOTS.);
#44=B_SPLINE_SURFACE_WITH_KNOTS('',3,1,((#8256,#8257),(#8258,#8259),(#8260,
#8261),(#8262,#8263)),.SURF_OF_LINEAR_EXTRUSION.,.F.,.F.,.F.,(4,4),(2,2),
(0.,1.),(0.,1.),.PIECEWISE_BEZIER_KNOTS.);
#45=B_SPLINE_SURFACE_WITH_KNOTS('',3,1,((#8269,#8270),(#8271,#8272),(#8273,
#8274),(#8275,#8276)),.SURF_OF_LINEAR_EXTRUSION.,.F.,.F.,.F.,(4,4),(2,2),
(0.,1.),(0.,1.),.PIECEWISE_BEZIER_KNOTS.);
#46=B_SPLINE_SURFACE_WITH_KNOTS('',3,1,((#8310,#8311),(#8312,#8313),(#8314,
#8315),(#8316,#8317)),.SURF_OF_LINEAR_EXTRUSION.,.F.,.F.,.F.,(4,4),(2,2),
(0.,1.),(0.,1.),.PIECEWISE_BEZIER_KNOTS.);
#47=B_SPLINE_SURFACE_WITH_KNOTS('',3,1,((#8407,#8408),(#8409,#8410),(#8411,
#8412),(#8413,#8414)),.SURF_OF_LINEAR_EXTRUSION.,.F.,.F.,.F.,(4,4),(2,2),
(0.,1.),(0.,1.),.PIECEWISE_BEZIER_KNOTS.);
#48=B_SPLINE_SURFACE_WITH_KNOTS('',3,1,((#8422,#8423),(#8424,#8425),(#8426,
#8427),(#8428,#8429)),.SURF_OF_LINEAR_EXTRUSION.,.F.,.F.,.F.,(4,4),(2,2),
(0.,1.),(0.,1.),.PIECEWISE_BEZIER_KNOTS.);
#49=B_SPLINE_SURFACE_WITH_KNOTS('',3,1,((#8435,#8436),(#8437,#8438),(#8439,
#8440),(#8441,#8442)),.SURF_OF_LINEAR_EXTRUSION.,.F.,.F.,.F.,(4,4),(2,2),
(0.,1.),(0.,1.),.PIECEWISE_BEZIER_KNOTS.);
#50=B_SPLINE_SURFACE_WITH_KNOTS('',3,1,((#8472,#8473),(#8474,#8475),(#8476,
#8477),(#8478,#8479)),.SURF_OF_LINEAR_EXTRUSION.,.F.,.F.,.F.,(4,4),(2,2),
(0.,1.),(0.,1.),.PIECEWISE_BEZIER_KNOTS.);
#51=B_SPLINE_SURFACE_WITH_KNOTS('',3,1,((#8485,#8486),(#8487,#8488),(#8489,
#8490),(#8491,#8492)),.SURF_OF_LINEAR_EXTRUSION.,.F.,.F.,.F.,(4,4),(2,2),
(0.,1.),(0.,1.),.PIECEWISE_BEZIER_KNOTS.);
#52=B_SPLINE_SURFACE_WITH_KNOTS('',3,1,((#8498,#8499),(#8500,#8501),(#8502,
#8503),(#8504,#8505)),.SURF_OF_LINEAR_EXTRUSION.,.F.,.F.,.F.,(4,4),(2,2),
(0.,1.),(0.,1.),.PIECEWISE_BEZIER_KNOTS.);
#53=B_SPLINE_SURFACE_WITH_KNOTS('',3,1,((#8511,#8512),(#8513,#8514),(#8515,
#8516),(#8517,#8518)),.SURF_OF_LINEAR_EXTRUSION.,.F.,.F.,.F.,(4,4),(2,2),
(0.,1.),(0.,1.),.PIECEWISE_BEZIER_KNOTS.);
#54=B_SPLINE_SURFACE_WITH_KNOTS('',3,1,((#8524,#8525),(#8526,#8527),(#8528,
#8529),(#8530,#8531)),.SURF_OF_LINEAR_EXTRUSION.,.F.,.F.,.F.,(4,4),(2,2),
(0.,1.),(0.,1.),.PIECEWISE_BEZIER_KNOTS.);
#55=B_SPLINE_SURFACE_WITH_KNOTS('',3,1,((#8577,#8578),(#8579,#8580),(#8581,
#8582),(#8583,#8584)),.SURF_OF_LINEAR_EXTRUSION.,.F.,.F.,.F.,(4,4),(2,2),
(0.,1.),(0.,1.),.PIECEWISE_BEZIER_KNOTS.);
#56=B_SPLINE_SURFACE_WITH_KNOTS('',3,1,((#8619,#8620),(#8621,#8622),(#8623,
#8624),(#8625,#8626)),.SURF_OF_LINEAR_EXTRUSION.,.F.,.F.,.F.,(4,4),(2,2),
(0.,1.),(0.,1.),.PIECEWISE_BEZIER_KNOTS.);
#57=B_SPLINE_SURFACE_WITH_KNOTS('',3,1,((#8632,#8633),(#8634,#8635),(#8636,
#8637),(#8638,#8639)),.SURF_OF_LINEAR_EXTRUSION.,.F.,.F.,.F.,(4,4),(2,2),
(0.,1.),(0.,1.),.PIECEWISE_BEZIER_KNOTS.);
#58=B_SPLINE_SURFACE_WITH_KNOTS('',3,1,((#8645,#8646),(#8647,#8648),(#8649,
#8650),(#8651,#8652)),.SURF_OF_LINEAR_EXTRUSION.,.F.,.F.,.F.,(4,4),(2,2),
(0.,1.),(0.,1.),.PIECEWISE_BEZIER_KNOTS.);
#59=B_SPLINE_SURFACE_WITH_KNOTS('',3,1,((#8658,#8659),(#8660,#8661),(#8662,
#8663),(#8664,#8665)),.SURF_OF_LINEAR_EXTRUSION.,.F.,.F.,.F.,(4,4),(2,2),
(0.,1.),(0.,1.),.PIECEWISE_BEZIER_KNOTS.);
#60=B_SPLINE_SURFACE_WITH_KNOTS('',3,1,((#8671,#8672),(#8673,#8674),(#8675,
#8676),(#8677,#8678)),.SURF_OF_LINEAR_EXTRUSION.,.F.,.F.,.F.,(4,4),(2,2),
(0.,1.),(0.,1.),.PIECEWISE_BEZIER_KNOTS.);
#61=B_SPLINE_SURFACE_WITH_KNOTS('',3,1,((#8684,#8685),(#8686,#8687),(#8688,
#8689),(#8690,#8691)),.SURF_OF_LINEAR_EXTRUSION.,.F.,.F.,.F.,(4,4),(2,2),
(0.,1.),(0.,1.),.PIECEWISE_BEZIER_KNOTS.);
#62=B_SPLINE_SURFACE_WITH_KNOTS('',3,1,((#8742,#8743),(#8744,#8745),(#8746,
#8747),(#8748,#8749)),.SURF_OF_LINEAR_EXTRUSION.,.F.,.F.,.F.,(4,4),(2,2),
(0.,1.),(0.,1.),.PIECEWISE_BEZIER_KNOTS.);
#63=B_SPLINE_SURFACE_WITH_KNOTS('',3,1,((#8765,#8766),(#8767,#8768),(#8769,
#8770),(#8771,#8772)),.SURF_OF_LINEAR_EXTRUSION.,.F.,.F.,.F.,(4,4),(2,2),
(0.,1.),(0.,1.),.PIECEWISE_BEZIER_KNOTS.);
#64=B_SPLINE_SURFACE_WITH_KNOTS('',3,1,((#8782,#8783),(#8784,#8785),(#8786,
#8787),(#8788,#8789)),.SURF_OF_LINEAR_EXTRUSION.,.F.,.F.,.F.,(4,4),(2,2),
(0.,1.),(0.,1.),.PIECEWISE_BEZIER_KNOTS.);
#65=B_SPLINE_SURFACE_WITH_KNOTS('',3,1,((#8799,#8800),(#8801,#8802),(#8803,
#8804),(#8805,#8806)),.SURF_OF_LINEAR_EXTRUSION.,.F.,.F.,.F.,(4,4),(2,2),
(0.,1.),(0.,1.),.PIECEWISE_BEZIER_KNOTS.);
#66=B_SPLINE_SURFACE_WITH_KNOTS('',3,1,((#8822,#8823),(#8824,#8825),(#8826,
#8827),(#8828,#8829)),.SURF_OF_LINEAR_EXTRUSION.,.F.,.F.,.F.,(4,4),(2,2),
(0.,1.),(0.,1.),.PIECEWISE_BEZIER_KNOTS.);
#67=B_SPLINE_SURFACE_WITH_KNOTS('',3,1,((#8850,#8851),(#8852,#8853),(#8854,
#8855),(#8856,#8857)),.SURF_OF_LINEAR_EXTRUSION.,.F.,.F.,.F.,(4,4),(2,2),
(0.,1.),(0.,1.),.PIECEWISE_BEZIER_KNOTS.);
#68=B_SPLINE_SURFACE_WITH_KNOTS('',3,1,((#8863,#8864),(#8865,#8866),(#8867,
#8868),(#8869,#8870)),.SURF_OF_LINEAR_EXTRUSION.,.F.,.F.,.F.,(4,4),(2,2),
(0.,1.),(0.,1.),.PIECEWISE_BEZIER_KNOTS.);
#69=B_SPLINE_SURFACE_WITH_KNOTS('',3,1,((#8876,#8877),(#8878,#8879),(#8880,
#8881),(#8882,#8883)),.SURF_OF_LINEAR_EXTRUSION.,.F.,.F.,.F.,(4,4),(2,2),
(0.,1.),(0.,1.),.PIECEWISE_BEZIER_KNOTS.);
#70=B_SPLINE_SURFACE_WITH_KNOTS('',3,1,((#8889,#8890),(#8891,#8892),(#8893,
#8894),(#8895,#8896)),.SURF_OF_LINEAR_EXTRUSION.,.F.,.F.,.F.,(4,4),(2,2),
(0.,1.),(0.,1.),.PIECEWISE_BEZIER_KNOTS.);
#71=B_SPLINE_SURFACE_WITH_KNOTS('',3,1,((#8910,#8911),(#8912,#8913),(#8914,
#8915),(#8916,#8917)),.SURF_OF_LINEAR_EXTRUSION.,.F.,.F.,.F.,(4,4),(2,2),
(0.,1.),(0.,1.),.PIECEWISE_BEZIER_KNOTS.);
#72=B_SPLINE_SURFACE_WITH_KNOTS('',3,1,((#8927,#8928),(#8929,#8930),(#8931,
#8932),(#8933,#8934)),.SURF_OF_LINEAR_EXTRUSION.,.F.,.F.,.F.,(4,4),(2,2),
(0.,1.),(0.,1.),.PIECEWISE_BEZIER_KNOTS.);
#73=B_SPLINE_SURFACE_WITH_KNOTS('',3,1,((#8965,#8966),(#8967,#8968),(#8969,
#8970),(#8971,#8972)),.SURF_OF_LINEAR_EXTRUSION.,.F.,.F.,.F.,(4,4),(2,2),
(0.,1.),(0.,1.),.PIECEWISE_BEZIER_KNOTS.);
#74=B_SPLINE_SURFACE_WITH_KNOTS('',3,1,((#8988,#8989),(#8990,#8991),(#8992,
#8993),(#8994,#8995)),.SURF_OF_LINEAR_EXTRUSION.,.F.,.F.,.F.,(4,4),(2,2),
(0.,1.),(0.,1.),.PIECEWISE_BEZIER_KNOTS.);
#75=B_SPLINE_SURFACE_WITH_KNOTS('',3,1,((#9005,#9006),(#9007,#9008),(#9009,
#9010),(#9011,#9012)),.SURF_OF_LINEAR_EXTRUSION.,.F.,.F.,.F.,(4,4),(2,2),
(0.,1.),(0.,1.),.PIECEWISE_BEZIER_KNOTS.);
#76=B_SPLINE_SURFACE_WITH_KNOTS('',3,1,((#9022,#9023),(#9024,#9025),(#9026,
#9027),(#9028,#9029)),.SURF_OF_LINEAR_EXTRUSION.,.F.,.F.,.F.,(4,4),(2,2),
(0.,1.),(0.,1.),.PIECEWISE_BEZIER_KNOTS.);
#77=B_SPLINE_SURFACE_WITH_KNOTS('',3,1,((#9039,#9040),(#9041,#9042),(#9043,
#9044),(#9045,#9046)),.SURF_OF_LINEAR_EXTRUSION.,.F.,.F.,.F.,(4,4),(2,2),
(0.,1.),(0.,1.),.PIECEWISE_BEZIER_KNOTS.);
#78=B_SPLINE_SURFACE_WITH_KNOTS('',3,1,((#9083,#9084),(#9085,#9086),(#9087,
#9088),(#9089,#9090)),.SURF_OF_LINEAR_EXTRUSION.,.F.,.F.,.F.,(4,4),(2,2),
(0.,1.),(0.,1.),.PIECEWISE_BEZIER_KNOTS.);
#79=B_SPLINE_SURFACE_WITH_KNOTS('',3,1,((#9100,#9101),(#9102,#9103),(#9104,
#9105),(#9106,#9107)),.SURF_OF_LINEAR_EXTRUSION.,.F.,.F.,.F.,(4,4),(2,2),
(0.,1.),(0.,1.),.PIECEWISE_BEZIER_KNOTS.);
#80=B_SPLINE_SURFACE_WITH_KNOTS('',3,1,((#9117,#9118),(#9119,#9120),(#9121,
#9122),(#9123,#9124)),.SURF_OF_LINEAR_EXTRUSION.,.F.,.F.,.F.,(4,4),(2,2),
(0.,1.),(0.,1.),.PIECEWISE_BEZIER_KNOTS.);
#81=B_SPLINE_SURFACE_WITH_KNOTS('',3,1,((#9134,#9135),(#9136,#9137),(#9138,
#9139),(#9140,#9141)),.SURF_OF_LINEAR_EXTRUSION.,.F.,.F.,.F.,(4,4),(2,2),
(0.,1.),(0.,1.),.PIECEWISE_BEZIER_KNOTS.);
#82=B_SPLINE_SURFACE_WITH_KNOTS('',3,1,((#9157,#9158),(#9159,#9160),(#9161,
#9162),(#9163,#9164)),.SURF_OF_LINEAR_EXTRUSION.,.F.,.F.,.F.,(4,4),(2,2),
(0.,1.),(0.,1.),.PIECEWISE_BEZIER_KNOTS.);
#83=B_SPLINE_SURFACE_WITH_KNOTS('',3,1,((#9171,#9172),(#9173,#9174),(#9175,
#9176),(#9177,#9178)),.SURF_OF_LINEAR_EXTRUSION.,.F.,.F.,.F.,(4,4),(2,2),
(0.,1.),(0.,1.),.PIECEWISE_BEZIER_KNOTS.);
#84=B_SPLINE_SURFACE_WITH_KNOTS('',3,1,((#9190,#9191),(#9192,#9193),(#9194,
#9195),(#9196,#9197)),.SURF_OF_LINEAR_EXTRUSION.,.F.,.F.,.F.,(4,4),(2,2),
(0.,1.),(0.,1.),.PIECEWISE_BEZIER_KNOTS.);
#85=B_SPLINE_SURFACE_WITH_KNOTS('',3,1,((#9233,#9234),(#9235,#9236),(#9237,
#9238),(#9239,#9240)),.SURF_OF_LINEAR_EXTRUSION.,.F.,.F.,.F.,(4,4),(2,2),
(0.,1.),(0.,1.),.PIECEWISE_BEZIER_KNOTS.);
#86=B_SPLINE_SURFACE_WITH_KNOTS('',3,1,((#9246,#9247),(#9248,#9249),(#9250,
#9251),(#9252,#9253)),.SURF_OF_LINEAR_EXTRUSION.,.F.,.F.,.F.,(4,4),(2,2),
(0.,1.),(0.,1.),.PIECEWISE_BEZIER_KNOTS.);
#87=B_SPLINE_SURFACE_WITH_KNOTS('',3,1,((#9259,#9260),(#9261,#9262),(#9263,
#9264),(#9265,#9266)),.SURF_OF_LINEAR_EXTRUSION.,.F.,.F.,.F.,(4,4),(2,2),
(0.,1.),(0.,1.),.PIECEWISE_BEZIER_KNOTS.);
#88=B_SPLINE_SURFACE_WITH_KNOTS('',3,1,((#9272,#9273),(#9274,#9275),(#9276,
#9277),(#9278,#9279)),.SURF_OF_LINEAR_EXTRUSION.,.F.,.F.,.F.,(4,4),(2,2),
(0.,1.),(0.,1.),.PIECEWISE_BEZIER_KNOTS.);
#89=B_SPLINE_SURFACE_WITH_KNOTS('',3,1,((#9313,#9314),(#9315,#9316),(#9317,
#9318),(#9319,#9320)),.SURF_OF_LINEAR_EXTRUSION.,.F.,.F.,.F.,(4,4),(2,2),
(0.,1.),(0.,1.),.PIECEWISE_BEZIER_KNOTS.);
#90=CYLINDRICAL_SURFACE('',#5517,0.003);
#91=CYLINDRICAL_SURFACE('',#5518,0.003);
#92=CYLINDRICAL_SURFACE('',#5519,0.003);
#93=CYLINDRICAL_SURFACE('',#5520,0.003);
#94=CYLINDRICAL_SURFACE('',#5521,0.0029814541200889);
#95=CYLINDRICAL_SURFACE('',#5523,0.000340552370409544);
#96=CYLINDRICAL_SURFACE('',#5526,0.000889386782650946);
#97=CYLINDRICAL_SURFACE('',#5528,0.000711851447236442);
#98=CYLINDRICAL_SURFACE('',#5530,0.0040863687691159);
#99=CYLINDRICAL_SURFACE('',#5532,0.00036484840273152);
#100=CYLINDRICAL_SURFACE('',#5534,0.000318422623764054);
#101=CYLINDRICAL_SURFACE('',#5537,0.000809639056902391);
#102=CYLINDRICAL_SURFACE('',#5539,0.000663791719020609);
#103=CYLINDRICAL_SURFACE('',#5542,0.000513726931324776);
#104=CYLINDRICAL_SURFACE('',#5545,0.000531033954256216);
#105=CYLINDRICAL_SURFACE('',#5547,0.000531033954265461);
#106=CYLINDRICAL_SURFACE('',#5552,0.000531033954286797);
#107=CYLINDRICAL_SURFACE('',#5554,0.000531033954286835);
#108=CYLINDRICAL_SURFACE('',#5557,0.000513726931324764);
#109=CYLINDRICAL_SURFACE('',#5559,0.000539728400728826);
#110=CYLINDRICAL_SURFACE('',#5562,0.000539728400724293);
#111=CYLINDRICAL_SURFACE('',#5564,0.00051372693134573);
#112=CYLINDRICAL_SURFACE('',#5567,0.000531033954286846);
#113=CYLINDRICAL_SURFACE('',#5569,0.000531033954256228);
#114=CYLINDRICAL_SURFACE('',#5572,6.72147139385493E-5);
#115=CYLINDRICAL_SURFACE('',#5575,6.72147139553744E-5);
#116=CYLINDRICAL_SURFACE('',#5578,0.000531033954286763);
#117=CYLINDRICAL_SURFACE('',#5580,0.000531033954286709);
#118=CYLINDRICAL_SURFACE('',#5583,0.000513726931345734);
#119=CYLINDRICAL_SURFACE('',#5585,0.000539728400728736);
#120=CYLINDRICAL_SURFACE('',#5588,0.000539728400714631);
#121=CYLINDRICAL_SURFACE('',#5591,3.25354116859011E-5);
#122=CYLINDRICAL_SURFACE('',#5593,8.26451695168196E-6);
#123=CYLINDRICAL_SURFACE('',#5596,0.000566197823230295);
#124=CYLINDRICAL_SURFACE('',#5598,0.000535103789761357);
#125=CYLINDRICAL_SURFACE('',#5601,0.000515378930986305);
#126=CYLINDRICAL_SURFACE('',#5603,0.00053972840072882);
#127=CYLINDRICAL_SURFACE('',#5606,0.000539728400728828);
#128=CYLINDRICAL_SURFACE('',#5608,0.000515378930986344);
#129=CYLINDRICAL_SURFACE('',#5611,0.000528532988930088);
#130=CYLINDRICAL_SURFACE('',#5613,0.000532221912333489);
#131=CYLINDRICAL_SURFACE('',#5617,0.000531033954256309);
#132=CYLINDRICAL_SURFACE('',#5619,0.000531033954256379);
#133=CYLINDRICAL_SURFACE('',#5622,0.000528532988958973);
#134=CYLINDRICAL_SURFACE('',#5624,0.000532221912333402);
#135=CYLINDRICAL_SURFACE('',#5629,0.000816971985575094);
#136=CYLINDRICAL_SURFACE('',#5631,0.000729222600575376);
#137=CYLINDRICAL_SURFACE('',#5634,0.000742855086237408);
#138=CYLINDRICAL_SURFACE('',#5636,0.000761346801887704);
#139=CYLINDRICAL_SURFACE('',#5639,0.000374879688244251);
#140=CYLINDRICAL_SURFACE('',#5641,0.000369511562105175);
#141=CYLINDRICAL_SURFACE('',#5644,0.000729222600575192);
#142=CYLINDRICAL_SURFACE('',#5646,0.000703032119754785);
#143=CYLINDRICAL_SURFACE('',#5649,8.2645169517035E-6);
#144=CYLINDRICAL_SURFACE('',#5651,8.26451695169785E-6);
#145=CYLINDRICAL_SURFACE('',#5654,0.000663020048534473);
#146=CYLINDRICAL_SURFACE('',#5656,0.000737261170231845);
#147=CYLINDRICAL_SURFACE('',#5659,0.000369511562105172);
#148=CYLINDRICAL_SURFACE('',#5661,0.000377944446240102);
#149=CYLINDRICAL_SURFACE('',#5664,0.00594600188718104);
#150=CYLINDRICAL_SURFACE('',#5666,0.000655808592342753);
#151=CYLINDRICAL_SURFACE('',#5668,0.00081074341193972);
#152=CYLINDRICAL_SURFACE('',#5671,0.000331597401779959);
#153=CYLINDRICAL_SURFACE('',#5673,0.000345019897822498);
#154=CYLINDRICAL_SURFACE('',#5675,0.000539728400713192);
#155=CYLINDRICAL_SURFACE('',#5677,0.000513726931345795);
#156=CYLINDRICAL_SURFACE('',#5680,0.000531033954256463);
#157=CYLINDRICAL_SURFACE('',#5682,0.000531033954286777);
#158=CYLINDRICAL_SURFACE('',#5684,0.000513726931345773);
#159=CYLINDRICAL_SURFACE('',#5686,0.00053972840072886);
#160=CYLINDRICAL_SURFACE('',#5689,8.92144378328162E-6);
#161=CYLINDRICAL_SURFACE('',#5691,6.22133621159262E-5);
#162=CYLINDRICAL_SURFACE('',#5694,0.000528532988958958);
#163=CYLINDRICAL_SURFACE('',#5697,0.000535103789773343);
#164=CYLINDRICAL_SURFACE('',#5699,0.000566197823230515);
#165=CYLINDRICAL_SURFACE('',#5702,8.26451695168136E-6);
#166=CYLINDRICAL_SURFACE('',#5704,3.25354116858908E-5);
#167=CYLINDRICAL_SURFACE('',#5706,2.7055133142145E-5);
#168=CYLINDRICAL_SURFACE('',#5708,8.26451695697655E-6);
#169=CYLINDRICAL_SURFACE('',#5711,0.000532221912333392);
#170=CYLINDRICAL_SURFACE('',#5713,0.000530186537105692);
#171=CYLINDRICAL_SURFACE('',#5716,0.000528532988958955);
#172=CYLINDRICAL_SURFACE('',#5718,0.000532221912333469);
#173=CYLINDRICAL_SURFACE('',#5722,0.00112677421457917);
#174=CYLINDRICAL_SURFACE('',#5725,0.00112677421457909);
#175=CYLINDRICAL_SURFACE('',#5728,0.000532221912333496);
#176=CYLINDRICAL_SURFACE('',#5732,0.000555814746609526);
#177=CYLINDRICAL_SURFACE('',#5734,0.0147258321624064);
#178=CYLINDRICAL_SURFACE('',#5736,1.69848372620213E-5);
#179=CYLINDRICAL_SURFACE('',#5738,7.90761340586409E-6);
#180=CYLINDRICAL_SURFACE('',#5740,0.00147751608728092);
#181=CYLINDRICAL_SURFACE('',#5742,0.013020937752293);
#182=CYLINDRICAL_SURFACE('',#5744,0.000563905952639817);
#183=CYLINDRICAL_SURFACE('',#5746,0.000626682059006876);
#184=CYLINDRICAL_SURFACE('',#5750,0.00388816941077521);
#185=CYLINDRICAL_SURFACE('',#5755,6.72147139553318E-5);
#186=CYLINDRICAL_SURFACE('',#5759,0.00456142126155508);
#187=CYLINDRICAL_SURFACE('',#5762,0.000626682059006813);
#188=CYLINDRICAL_SURFACE('',#5768,0.000531033954286838);
#189=CYLINDRICAL_SURFACE('',#5770,0.000531033954286838);
#190=CYLINDRICAL_SURFACE('',#5773,0.00053103395428667);
#191=CYLINDRICAL_SURFACE('',#5775,0.000531033954259652);
#192=CYLINDRICAL_SURFACE('',#5779,0.000532221912333502);
#193=CYLINDRICAL_SURFACE('',#5781,0.000528532988958938);
#194=CYLINDRICAL_SURFACE('',#5784,0.000528532988929996);
#195=CYLINDRICAL_SURFACE('',#5786,0.000532221912333478);
#196=CYLINDRICAL_SURFACE('',#5817,0.003);
#197=CYLINDRICAL_SURFACE('',#5819,0.003);
#198=CYLINDRICAL_SURFACE('',#5821,0.003);
#199=CYLINDRICAL_SURFACE('',#5823,0.003);
#200=CYLINDRICAL_SURFACE('',#5825,0.003);
#201=CYLINDRICAL_SURFACE('',#5826,0.003);
#202=CYLINDRICAL_SURFACE('',#5827,0.003);
#203=CYLINDRICAL_SURFACE('',#5828,0.003);
#204=CYLINDRICAL_SURFACE('',#5852,0.0008);
#205=CYLINDRICAL_SURFACE('',#5855,0.0008);
#206=CYLINDRICAL_SURFACE('',#5858,0.0008);
#207=CYLINDRICAL_SURFACE('',#5861,0.0008);
#208=B_SPLINE_CURVE_WITH_KNOTS('',2,(#7219,#7220,#7221),.UNSPECIFIED.,.F.,
 .F.,(3,3),(0.,1.),.PIECEWISE_BEZIER_KNOTS.);
#209=B_SPLINE_CURVE_WITH_KNOTS('',2,(#7224,#7225,#7226),.UNSPECIFIED.,.F.,
 .F.,(3,3),(0.,1.),.PIECEWISE_BEZIER_KNOTS.);
#210=B_SPLINE_CURVE_WITH_KNOTS('',2,(#7228,#7229,#7230),.UNSPECIFIED.,.F.,
 .F.,(3,3),(0.,1.),.PIECEWISE_BEZIER_KNOTS.);
#211=B_SPLINE_CURVE_WITH_KNOTS('',2,(#7232,#7233,#7234),.UNSPECIFIED.,.F.,
 .F.,(3,3),(0.,1.),.PIECEWISE_BEZIER_KNOTS.);
#212=B_SPLINE_CURVE_WITH_KNOTS('',2,(#7236,#7237,#7238),.UNSPECIFIED.,.F.,
 .F.,(3,3),(0.,1.),.PIECEWISE_BEZIER_KNOTS.);
#213=B_SPLINE_CURVE_WITH_KNOTS('',2,(#7240,#7241,#7242),.UNSPECIFIED.,.F.,
 .F.,(3,3),(0.,1.),.PIECEWISE_BEZIER_KNOTS.);
#214=B_SPLINE_CURVE_WITH_KNOTS('',2,(#7256,#7257,#7258),.UNSPECIFIED.,.F.,
 .F.,(3,3),(0.,1.),.PIECEWISE_BEZIER_KNOTS.);
#215=B_SPLINE_CURVE_WITH_KNOTS('',2,(#7260,#7261,#7262),.UNSPECIFIED.,.F.,
 .F.,(3,3),(0.,1.),.PIECEWISE_BEZIER_KNOTS.);
#216=B_SPLINE_CURVE_WITH_KNOTS('',2,(#7264,#7265,#7266),.UNSPECIFIED.,.F.,
 .F.,(3,3),(0.,1.),.PIECEWISE_BEZIER_KNOTS.);
#217=B_SPLINE_CURVE_WITH_KNOTS('',2,(#7268,#7269,#7270),.UNSPECIFIED.,.F.,
 .F.,(3,3),(0.,1.),.PIECEWISE_BEZIER_KNOTS.);
#218=B_SPLINE_CURVE_WITH_KNOTS('',2,(#7272,#7273,#7274),.UNSPECIFIED.,.F.,
 .F.,(3,3),(0.,1.),.PIECEWISE_BEZIER_KNOTS.);
#219=B_SPLINE_CURVE_WITH_KNOTS('',2,(#7276,#7277,#7278),.UNSPECIFIED.,.F.,
 .F.,(3,3),(0.,1.),.PIECEWISE_BEZIER_KNOTS.);
#220=B_SPLINE_CURVE_WITH_KNOTS('',2,(#7280,#7281,#7282),.UNSPECIFIED.,.F.,
 .F.,(3,3),(0.,1.),.PIECEWISE_BEZIER_KNOTS.);
#221=B_SPLINE_CURVE_WITH_KNOTS('',2,(#7290,#7291,#7292),.UNSPECIFIED.,.F.,
 .F.,(3,3),(0.,1.),.PIECEWISE_BEZIER_KNOTS.);
#222=B_SPLINE_CURVE_WITH_KNOTS('',2,(#7298,#7299,#7300),.UNSPECIFIED.,.F.,
 .F.,(3,3),(0.,1.),.PIECEWISE_BEZIER_KNOTS.);
#223=B_SPLINE_CURVE_WITH_KNOTS('',2,(#7302,#7303,#7304),.UNSPECIFIED.,.F.,
 .F.,(3,3),(0.,1.),.PIECEWISE_BEZIER_KNOTS.);
#224=B_SPLINE_CURVE_WITH_KNOTS('',2,(#7358,#7359,#7360),.UNSPECIFIED.,.F.,
 .F.,(3,3),(0.,1.),.PIECEWISE_BEZIER_KNOTS.);
#225=B_SPLINE_CURVE_WITH_KNOTS('',2,(#7364,#7365,#7366),.UNSPECIFIED.,.F.,
 .F.,(3,3),(0.,1.),.PIECEWISE_BEZIER_KNOTS.);
#226=B_SPLINE_CURVE_WITH_KNOTS('',2,(#7373,#7374,#7375),.UNSPECIFIED.,.F.,
 .F.,(3,3),(0.,1.),.PIECEWISE_BEZIER_KNOTS.);
#227=B_SPLINE_CURVE_WITH_KNOTS('',2,(#7378,#7379,#7380),.UNSPECIFIED.,.F.,
 .F.,(3,3),(0.,1.),.PIECEWISE_BEZIER_KNOTS.);
#228=B_SPLINE_CURVE_WITH_KNOTS('',2,(#7382,#7383,#7384),.UNSPECIFIED.,.F.,
 .F.,(3,3),(0.,1.),.PIECEWISE_BEZIER_KNOTS.);
#229=B_SPLINE_CURVE_WITH_KNOTS('',2,(#7400,#7401,#7402),.UNSPECIFIED.,.F.,
 .F.,(3,3),(0.,1.),.PIECEWISE_BEZIER_KNOTS.);
#230=B_SPLINE_CURVE_WITH_KNOTS('',2,(#7404,#7405,#7406),.UNSPECIFIED.,.F.,
 .F.,(3,3),(0.,1.),.PIECEWISE_BEZIER_KNOTS.);
#231=B_SPLINE_CURVE_WITH_KNOTS('',2,(#7408,#7409,#7410),.UNSPECIFIED.,.F.,
 .F.,(3,3),(0.,1.),.PIECEWISE_BEZIER_KNOTS.);
#232=B_SPLINE_CURVE_WITH_KNOTS('',2,(#7412,#7413,#7414),.UNSPECIFIED.,.F.,
 .F.,(3,3),(0.,1.),.PIECEWISE_BEZIER_KNOTS.);
#233=B_SPLINE_CURVE_WITH_KNOTS('',2,(#7487,#7488,#7489),.UNSPECIFIED.,.F.,
 .F.,(3,3),(0.,1.),.PIECEWISE_BEZIER_KNOTS.);
#234=B_SPLINE_CURVE_WITH_KNOTS('',2,(#7492,#7493,#7494),.UNSPECIFIED.,.F.,
 .F.,(3,3),(0.,1.),.PIECEWISE_BEZIER_KNOTS.);
#235=B_SPLINE_CURVE_WITH_KNOTS('',2,(#7496,#7497,#7498),.UNSPECIFIED.,.F.,
 .F.,(3,3),(0.,1.),.PIECEWISE_BEZIER_KNOTS.);
#236=B_SPLINE_CURVE_WITH_KNOTS('',2,(#7520,#7521,#7522),.UNSPECIFIED.,.F.,
 .F.,(3,3),(0.,1.),.PIECEWISE_BEZIER_KNOTS.);
#237=B_SPLINE_CURVE_WITH_KNOTS('',2,(#7524,#7525,#7526),.UNSPECIFIED.,.F.,
 .F.,(3,3),(0.,1.),.PIECEWISE_BEZIER_KNOTS.);
#238=B_SPLINE_CURVE_WITH_KNOTS('',2,(#7528,#7529,#7530),.UNSPECIFIED.,.F.,
 .F.,(3,3),(0.,1.),.PIECEWISE_BEZIER_KNOTS.);
#239=B_SPLINE_CURVE_WITH_KNOTS('',2,(#7532,#7533,#7534),.UNSPECIFIED.,.F.,
 .F.,(3,3),(0.,1.),.PIECEWISE_BEZIER_KNOTS.);
#240=B_SPLINE_CURVE_WITH_KNOTS('',2,(#7536,#7537,#7538),.UNSPECIFIED.,.F.,
 .F.,(3,3),(0.,1.),.PIECEWISE_BEZIER_KNOTS.);
#241=B_SPLINE_CURVE_WITH_KNOTS('',2,(#7552,#7553,#7554),.UNSPECIFIED.,.F.,
 .F.,(3,3),(0.,1.),.PIECEWISE_BEZIER_KNOTS.);
#242=B_SPLINE_CURVE_WITH_KNOTS('',2,(#7580,#7581,#7582),.UNSPECIFIED.,.F.,
 .F.,(3,3),(0.,1.),.PIECEWISE_BEZIER_KNOTS.);
#243=B_SPLINE_CURVE_WITH_KNOTS('',2,(#7584,#7585,#7586),.UNSPECIFIED.,.F.,
 .F.,(3,3),(0.,1.),.PIECEWISE_BEZIER_KNOTS.);
#244=B_SPLINE_CURVE_WITH_KNOTS('',2,(#7588,#7589,#7590),.UNSPECIFIED.,.F.,
 .F.,(3,3),(0.,1.),.PIECEWISE_BEZIER_KNOTS.);
#245=B_SPLINE_CURVE_WITH_KNOTS('',2,(#7592,#7593,#7594),.UNSPECIFIED.,.F.,
 .F.,(3,3),(0.,1.),.PIECEWISE_BEZIER_KNOTS.);
#246=B_SPLINE_CURVE_WITH_KNOTS('',2,(#7596,#7597,#7598),.UNSPECIFIED.,.F.,
 .F.,(3,3),(0.,1.),.PIECEWISE_BEZIER_KNOTS.);
#247=B_SPLINE_CURVE_WITH_KNOTS('',2,(#7600,#7601,#7602),.UNSPECIFIED.,.F.,
 .F.,(3,3),(0.,1.),.PIECEWISE_BEZIER_KNOTS.);
#248=B_SPLINE_CURVE_WITH_KNOTS('',2,(#7628,#7629,#7630),.UNSPECIFIED.,.F.,
 .F.,(3,3),(0.,1.),.PIECEWISE_BEZIER_KNOTS.);
#249=B_SPLINE_CURVE_WITH_KNOTS('',2,(#7634,#7635,#7636),.UNSPECIFIED.,.F.,
 .F.,(3,3),(0.,1.),.PIECEWISE_BEZIER_KNOTS.);
#250=B_SPLINE_CURVE_WITH_KNOTS('',2,(#7642,#7643,#7644),.UNSPECIFIED.,.F.,
 .F.,(3,3),(0.,1.),.PIECEWISE_BEZIER_KNOTS.);
#251=B_SPLINE_CURVE_WITH_KNOTS('',2,(#7646,#7647,#7648),.UNSPECIFIED.,.F.,
 .F.,(3,3),(0.,1.),.PIECEWISE_BEZIER_KNOTS.);
#252=B_SPLINE_CURVE_WITH_KNOTS('',2,(#7650,#7651,#7652),.UNSPECIFIED.,.F.,
 .F.,(3,3),(0.,1.),.PIECEWISE_BEZIER_KNOTS.);
#253=B_SPLINE_CURVE_WITH_KNOTS('',2,(#7654,#7655,#7656),.UNSPECIFIED.,.F.,
 .F.,(3,3),(0.,1.),.PIECEWISE_BEZIER_KNOTS.);
#254=B_SPLINE_CURVE_WITH_KNOTS('',2,(#7660,#7661,#7662),.UNSPECIFIED.,.F.,
 .F.,(3,3),(0.,1.),.PIECEWISE_BEZIER_KNOTS.);
#255=B_SPLINE_CURVE_WITH_KNOTS('',2,(#7664,#7665,#7666),.UNSPECIFIED.,.F.,
 .F.,(3,3),(0.,1.),.PIECEWISE_BEZIER_KNOTS.);
#256=B_SPLINE_CURVE_WITH_KNOTS('',2,(#7682,#7683,#7684),.UNSPECIFIED.,.F.,
 .F.,(3,3),(0.,1.),.PIECEWISE_BEZIER_KNOTS.);
#257=B_SPLINE_CURVE_WITH_KNOTS('',2,(#7686,#7687,#7688),.UNSPECIFIED.,.F.,
 .F.,(3,3),(0.,1.),.PIECEWISE_BEZIER_KNOTS.);
#258=B_SPLINE_CURVE_WITH_KNOTS('',2,(#7690,#7691,#7692),.UNSPECIFIED.,.F.,
 .F.,(3,3),(0.,1.),.PIECEWISE_BEZIER_KNOTS.);
#259=B_SPLINE_CURVE_WITH_KNOTS('',2,(#7694,#7695,#7696),.UNSPECIFIED.,.F.,
 .F.,(3,3),(0.,1.),.PIECEWISE_BEZIER_KNOTS.);
#260=B_SPLINE_CURVE_WITH_KNOTS('',2,(#7752,#7753,#7754),.UNSPECIFIED.,.F.,
 .F.,(3,3),(0.,1.),.PIECEWISE_BEZIER_KNOTS.);
#261=B_SPLINE_CURVE_WITH_KNOTS('',2,(#7767,#7768,#7769),.UNSPECIFIED.,.F.,
 .F.,(3,3),(0.,1.),.PIECEWISE_BEZIER_KNOTS.);
#262=B_SPLINE_CURVE_WITH_KNOTS('',2,(#7780,#7781,#7782),.UNSPECIFIED.,.F.,
 .F.,(3,3),(0.,1.),.PIECEWISE_BEZIER_KNOTS.);
#263=B_SPLINE_CURVE_WITH_KNOTS('',2,(#7793,#7794,#7795),.UNSPECIFIED.,.F.,
 .F.,(3,3),(0.,1.),.PIECEWISE_BEZIER_KNOTS.);
#264=B_SPLINE_CURVE_WITH_KNOTS('',2,(#7814,#7815,#7816),.UNSPECIFIED.,.F.,
 .F.,(3,3),(0.,1.),.PIECEWISE_BEZIER_KNOTS.);
#265=B_SPLINE_CURVE_WITH_KNOTS('',2,(#7839,#7840,#7841),.UNSPECIFIED.,.F.,
 .F.,(3,3),(0.,1.),.PIECEWISE_BEZIER_KNOTS.);
#266=B_SPLINE_CURVE_WITH_KNOTS('',2,(#7852,#7853,#7854),.UNSPECIFIED.,.F.,
 .F.,(3,3),(0.,1.),.PIECEWISE_BEZIER_KNOTS.);
#267=B_SPLINE_CURVE_WITH_KNOTS('',2,(#7865,#7866,#7867),.UNSPECIFIED.,.F.,
 .F.,(3,3),(0.,1.),.PIECEWISE_BEZIER_KNOTS.);
#268=B_SPLINE_CURVE_WITH_KNOTS('',2,(#7878,#7879,#7880),.UNSPECIFIED.,.F.,
 .F.,(3,3),(0.,1.),.PIECEWISE_BEZIER_KNOTS.);
#269=B_SPLINE_CURVE_WITH_KNOTS('',2,(#7891,#7892,#7893),.UNSPECIFIED.,.F.,
 .F.,(3,3),(0.,1.),.PIECEWISE_BEZIER_KNOTS.);
#270=B_SPLINE_CURVE_WITH_KNOTS('',2,(#7904,#7905,#7906),.UNSPECIFIED.,.F.,
 .F.,(3,3),(0.,1.),.PIECEWISE_BEZIER_KNOTS.);
#271=B_SPLINE_CURVE_WITH_KNOTS('',2,(#7917,#7918,#7919),.UNSPECIFIED.,.F.,
 .F.,(3,3),(0.,1.),.PIECEWISE_BEZIER_KNOTS.);
#272=B_SPLINE_CURVE_WITH_KNOTS('',2,(#7954,#7955,#7956),.UNSPECIFIED.,.F.,
 .F.,(3,3),(0.,1.),.PIECEWISE_BEZIER_KNOTS.);
#273=B_SPLINE_CURVE_WITH_KNOTS('',2,(#7967,#7968,#7969),.UNSPECIFIED.,.F.,
 .F.,(3,3),(0.,1.),.PIECEWISE_BEZIER_KNOTS.);
#274=B_SPLINE_CURVE_WITH_KNOTS('',2,(#7980,#7981,#7982),.UNSPECIFIED.,.F.,
 .F.,(3,3),(0.,1.),.PIECEWISE_BEZIER_KNOTS.);
#275=B_SPLINE_CURVE_WITH_KNOTS('',2,(#7991,#7992,#7993),.UNSPECIFIED.,.F.,
 .F.,(3,3),(0.,1.),.PIECEWISE_BEZIER_KNOTS.);
#276=B_SPLINE_CURVE_WITH_KNOTS('',2,(#8027,#8028,#8029),.UNSPECIFIED.,.F.,
 .F.,(3,3),(0.,1.),.PIECEWISE_BEZIER_KNOTS.);
#277=B_SPLINE_CURVE_WITH_KNOTS('',2,(#8044,#8045,#8046),.UNSPECIFIED.,.F.,
 .F.,(3,3),(0.,1.),.PIECEWISE_BEZIER_KNOTS.);
#278=B_SPLINE_CURVE_WITH_KNOTS('',2,(#8152,#8153,#8154),.UNSPECIFIED.,.F.,
 .F.,(3,3),(0.,1.),.PIECEWISE_BEZIER_KNOTS.);
#279=B_SPLINE_CURVE_WITH_KNOTS('',2,(#8167,#8168,#8169),.UNSPECIFIED.,.F.,
 .F.,(3,3),(0.,1.),.PIECEWISE_BEZIER_KNOTS.);
#280=B_SPLINE_CURVE_WITH_KNOTS('',2,(#8240,#8241,#8242),.UNSPECIFIED.,.F.,
 .F.,(3,3),(0.,1.),.PIECEWISE_BEZIER_KNOTS.);
#281=B_SPLINE_CURVE_WITH_KNOTS('',2,(#8253,#8254,#8255),.UNSPECIFIED.,.F.,
 .F.,(3,3),(0.,1.),.PIECEWISE_BEZIER_KNOTS.);
#282=B_SPLINE_CURVE_WITH_KNOTS('',2,(#8266,#8267,#8268),.UNSPECIFIED.,.F.,
 .F.,(3,3),(0.,1.),.PIECEWISE_BEZIER_KNOTS.);
#283=B_SPLINE_CURVE_WITH_KNOTS('',2,(#8279,#8280,#8281),.UNSPECIFIED.,.F.,
 .F.,(3,3),(0.,1.),.PIECEWISE_BEZIER_KNOTS.);
#284=B_SPLINE_CURVE_WITH_KNOTS('',2,(#8318,#8319,#8320),.UNSPECIFIED.,.F.,
 .F.,(3,3),(0.,1.),.PIECEWISE_BEZIER_KNOTS.);
#285=B_SPLINE_CURVE_WITH_KNOTS('',2,(#8417,#8418,#8419),.UNSPECIFIED.,.F.,
 .F.,(3,3),(0.,1.),.PIECEWISE_BEZIER_KNOTS.);
#286=B_SPLINE_CURVE_WITH_KNOTS('',2,(#8432,#8433,#8434),.UNSPECIFIED.,.F.,
 .F.,(3,3),(0.,1.),.PIECEWISE_BEZIER_KNOTS.);
#287=B_SPLINE_CURVE_WITH_KNOTS('',2,(#8445,#8446,#8447),.UNSPECIFIED.,.F.,
 .F.,(3,3),(0.,1.),.PIECEWISE_BEZIER_KNOTS.);
#288=B_SPLINE_CURVE_WITH_KNOTS('',2,(#8482,#8483,#8484),.UNSPECIFIED.,.F.,
 .F.,(3,3),(0.,1.),.PIECEWISE_BEZIER_KNOTS.);
#289=B_SPLINE_CURVE_WITH_KNOTS('',2,(#8495,#8496,#8497),.UNSPECIFIED.,.F.,
 .F.,(3,3),(0.,1.),.PIECEWISE_BEZIER_KNOTS.);
#290=B_SPLINE_CURVE_WITH_KNOTS('',2,(#8508,#8509,#8510),.UNSPECIFIED.,.F.,
 .F.,(3,3),(0.,1.),.PIECEWISE_BEZIER_KNOTS.);
#291=B_SPLINE_CURVE_WITH_KNOTS('',2,(#8521,#8522,#8523),.UNSPECIFIED.,.F.,
 .F.,(3,3),(0.,1.),.PIECEWISE_BEZIER_KNOTS.);
#292=B_SPLINE_CURVE_WITH_KNOTS('',2,(#8534,#8535,#8536),.UNSPECIFIED.,.F.,
 .F.,(3,3),(0.,1.),.PIECEWISE_BEZIER_KNOTS.);
#293=B_SPLINE_CURVE_WITH_KNOTS('',2,(#8585,#8586,#8587),.UNSPECIFIED.,.F.,
 .F.,(3,3),(0.,1.),.PIECEWISE_BEZIER_KNOTS.);
#294=B_SPLINE_CURVE_WITH_KNOTS('',2,(#8629,#8630,#8631),.UNSPECIFIED.,.F.,
 .F.,(3,3),(0.,1.),.PIECEWISE_BEZIER_KNOTS.);
#295=B_SPLINE_CURVE_WITH_KNOTS('',2,(#8642,#8643,#8644),.UNSPECIFIED.,.F.,
 .F.,(3,3),(0.,1.),.PIECEWISE_BEZIER_KNOTS.);
#296=B_SPLINE_CURVE_WITH_KNOTS('',2,(#8655,#8656,#8657),.UNSPECIFIED.,.F.,
 .F.,(3,3),(0.,1.),.PIECEWISE_BEZIER_KNOTS.);
#297=B_SPLINE_CURVE_WITH_KNOTS('',2,(#8668,#8669,#8670),.UNSPECIFIED.,.F.,
 .F.,(3,3),(0.,1.),.PIECEWISE_BEZIER_KNOTS.);
#298=B_SPLINE_CURVE_WITH_KNOTS('',2,(#8681,#8682,#8683),.UNSPECIFIED.,.F.,
 .F.,(3,3),(0.,1.),.PIECEWISE_BEZIER_KNOTS.);
#299=B_SPLINE_CURVE_WITH_KNOTS('',2,(#8694,#8695,#8696),.UNSPECIFIED.,.F.,
 .F.,(3,3),(0.,1.),.PIECEWISE_BEZIER_KNOTS.);
#300=B_SPLINE_CURVE_WITH_KNOTS('',2,(#8750,#8751,#8752),.UNSPECIFIED.,.F.,
 .F.,(3,3),(0.,1.),.PIECEWISE_BEZIER_KNOTS.);
#301=B_SPLINE_CURVE_WITH_KNOTS('',2,(#8756,#8757,#8758),.UNSPECIFIED.,.F.,
 .F.,(3,3),(0.,1.),.PIECEWISE_BEZIER_KNOTS.);
#302=B_SPLINE_CURVE_WITH_KNOTS('',2,(#8773,#8774,#8775),.UNSPECIFIED.,.F.,
 .F.,(3,3),(0.,1.),.PIECEWISE_BEZIER_KNOTS.);
#303=B_SPLINE_CURVE_WITH_KNOTS('',2,(#8779,#8780,#8781),.UNSPECIFIED.,.F.,
 .F.,(3,3),(0.,1.),.PIECEWISE_BEZIER_KNOTS.);
#304=B_SPLINE_CURVE_WITH_KNOTS('',2,(#8790,#8791,#8792),.UNSPECIFIED.,.F.,
 .F.,(3,3),(0.,1.),.PIECEWISE_BEZIER_KNOTS.);
#305=B_SPLINE_CURVE_WITH_KNOTS('',2,(#8796,#8797,#8798),.UNSPECIFIED.,.F.,
 .F.,(3,3),(0.,1.),.PIECEWISE_BEZIER_KNOTS.);
#306=B_SPLINE_CURVE_WITH_KNOTS('',2,(#8807,#8808,#8809),.UNSPECIFIED.,.F.,
 .F.,(3,3),(0.,1.),.PIECEWISE_BEZIER_KNOTS.);
#307=B_SPLINE_CURVE_WITH_KNOTS('',2,(#8813,#8814,#8815),.UNSPECIFIED.,.F.,
 .F.,(3,3),(0.,1.),.PIECEWISE_BEZIER_KNOTS.);
#308=B_SPLINE_CURVE_WITH_KNOTS('',2,(#8830,#8831,#8832),.UNSPECIFIED.,.F.,
 .F.,(3,3),(0.,1.),.PIECEWISE_BEZIER_KNOTS.);
#309=B_SPLINE_CURVE_WITH_KNOTS('',2,(#8833,#8834,#8835),.UNSPECIFIED.,.F.,
 .F.,(3,3),(0.,1.),.PIECEWISE_BEZIER_KNOTS.);
#310=B_SPLINE_CURVE_WITH_KNOTS('',2,(#8860,#8861,#8862),.UNSPECIFIED.,.F.,
 .F.,(3,3),(0.,1.),.PIECEWISE_BEZIER_KNOTS.);
#311=B_SPLINE_CURVE_WITH_KNOTS('',2,(#8873,#8874,#8875),.UNSPECIFIED.,.F.,
 .F.,(3,3),(0.,1.),.PIECEWISE_BEZIER_KNOTS.);
#312=B_SPLINE_CURVE_WITH_KNOTS('',2,(#8886,#8887,#8888),.UNSPECIFIED.,.F.,
 .F.,(3,3),(0.,1.),.PIECEWISE_BEZIER_KNOTS.);
#313=B_SPLINE_CURVE_WITH_KNOTS('',2,(#8899,#8900,#8901),.UNSPECIFIED.,.F.,
 .F.,(3,3),(0.,1.),.PIECEWISE_BEZIER_KNOTS.);
#314=B_SPLINE_CURVE_WITH_KNOTS('',2,(#8920,#8921,#8922),.UNSPECIFIED.,.F.,
 .F.,(3,3),(0.,1.),.PIECEWISE_BEZIER_KNOTS.);
#315=B_SPLINE_CURVE_WITH_KNOTS('',2,(#8937,#8938,#8939),.UNSPECIFIED.,.F.,
 .F.,(3,3),(0.,1.),.PIECEWISE_BEZIER_KNOTS.);
#316=B_SPLINE_CURVE_WITH_KNOTS('',2,(#8973,#8974,#8975),.UNSPECIFIED.,.F.,
 .F.,(3,3),(0.,1.),.PIECEWISE_BEZIER_KNOTS.);
#317=B_SPLINE_CURVE_WITH_KNOTS('',2,(#8979,#8980,#8981),.UNSPECIFIED.,.F.,
 .F.,(3,3),(0.,1.),.PIECEWISE_BEZIER_KNOTS.);
#318=B_SPLINE_CURVE_WITH_KNOTS('',2,(#8996,#8997,#8998),.UNSPECIFIED.,.F.,
 .F.,(3,3),(0.,1.),.PIECEWISE_BEZIER_KNOTS.);
#319=B_SPLINE_CURVE_WITH_KNOTS('',2,(#9002,#9003,#9004),.UNSPECIFIED.,.F.,
 .F.,(3,3),(0.,1.),.PIECEWISE_BEZIER_KNOTS.);
#320=B_SPLINE_CURVE_WITH_KNOTS('',2,(#9013,#9014,#9015),.UNSPECIFIED.,.F.,
 .F.,(3,3),(0.,1.),.PIECEWISE_BEZIER_KNOTS.);
#321=B_SPLINE_CURVE_WITH_KNOTS('',2,(#9019,#9020,#9021),.UNSPECIFIED.,.F.,
 .F.,(3,3),(0.,1.),.PIECEWISE_BEZIER_KNOTS.);
#322=B_SPLINE_CURVE_WITH_KNOTS('',2,(#9030,#9031,#9032),.UNSPECIFIED.,.F.,
 .F.,(3,3),(0.,1.),.PIECEWISE_BEZIER_KNOTS.);
#323=B_SPLINE_CURVE_WITH_KNOTS('',2,(#9036,#9037,#9038),.UNSPECIFIED.,.F.,
 .F.,(3,3),(0.,1.),.PIECEWISE_BEZIER_KNOTS.);
#324=B_SPLINE_CURVE_WITH_KNOTS('',2,(#9047,#9048,#9049),.UNSPECIFIED.,.F.,
 .F.,(3,3),(0.,1.),.PIECEWISE_BEZIER_KNOTS.);
#325=B_SPLINE_CURVE_WITH_KNOTS('',2,(#9053,#9054,#9055),.UNSPECIFIED.,.F.,
 .F.,(3,3),(0.,1.),.PIECEWISE_BEZIER_KNOTS.);
#326=B_SPLINE_CURVE_WITH_KNOTS('',2,(#9091,#9092,#9093),.UNSPECIFIED.,.F.,
 .F.,(3,3),(0.,1.),.PIECEWISE_BEZIER_KNOTS.);
#327=B_SPLINE_CURVE_WITH_KNOTS('',2,(#9097,#9098,#9099),.UNSPECIFIED.,.F.,
 .F.,(3,3),(0.,1.),.PIECEWISE_BEZIER_KNOTS.);
#328=B_SPLINE_CURVE_WITH_KNOTS('',2,(#9108,#9109,#9110),.UNSPECIFIED.,.F.,
 .F.,(3,3),(0.,1.),.PIECEWISE_BEZIER_KNOTS.);
#329=B_SPLINE_CURVE_WITH_KNOTS('',2,(#9114,#9115,#9116),.UNSPECIFIED.,.F.,
 .F.,(3,3),(0.,1.),.PIECEWISE_BEZIER_KNOTS.);
#330=B_SPLINE_CURVE_WITH_KNOTS('',2,(#9125,#9126,#9127),.UNSPECIFIED.,.F.,
 .F.,(3,3),(0.,1.),.PIECEWISE_BEZIER_KNOTS.);
#331=B_SPLINE_CURVE_WITH_KNOTS('',2,(#9131,#9132,#9133),.UNSPECIFIED.,.F.,
 .F.,(3,3),(0.,1.),.PIECEWISE_BEZIER_KNOTS.);
#332=B_SPLINE_CURVE_WITH_KNOTS('',2,(#9142,#9143,#9144),.UNSPECIFIED.,.F.,
 .F.,(3,3),(0.,1.),.PIECEWISE_BEZIER_KNOTS.);
#333=B_SPLINE_CURVE_WITH_KNOTS('',2,(#9148,#9149,#9150),.UNSPECIFIED.,.F.,
 .F.,(3,3),(0.,1.),.PIECEWISE_BEZIER_KNOTS.);
#334=B_SPLINE_CURVE_WITH_KNOTS('',2,(#9165,#9166,#9167),.UNSPECIFIED.,.F.,
 .F.,(3,3),(0.,1.),.PIECEWISE_BEZIER_KNOTS.);
#335=B_SPLINE_CURVE_WITH_KNOTS('',2,(#9168,#9169,#9170),.UNSPECIFIED.,.F.,
 .F.,(3,3),(0.,1.),.PIECEWISE_BEZIER_KNOTS.);
#336=B_SPLINE_CURVE_WITH_KNOTS('',2,(#9179,#9180,#9181),.UNSPECIFIED.,.F.,
 .F.,(3,3),(0.,1.),.PIECEWISE_BEZIER_KNOTS.);
#337=B_SPLINE_CURVE_WITH_KNOTS('',2,(#9182,#9183,#9184),.UNSPECIFIED.,.F.,
 .F.,(3,3),(0.,1.),.PIECEWISE_BEZIER_KNOTS.);
#338=B_SPLINE_CURVE_WITH_KNOTS('',2,(#9200,#9201,#9202),.UNSPECIFIED.,.F.,
 .F.,(3,3),(0.,1.),.PIECEWISE_BEZIER_KNOTS.);
#339=B_SPLINE_CURVE_WITH_KNOTS('',2,(#9243,#9244,#9245),.UNSPECIFIED.,.F.,
 .F.,(3,3),(0.,1.),.PIECEWISE_BEZIER_KNOTS.);
#340=B_SPLINE_CURVE_WITH_KNOTS('',2,(#9256,#9257,#9258),.UNSPECIFIED.,.F.,
 .F.,(3,3),(0.,1.),.PIECEWISE_BEZIER_KNOTS.);
#341=B_SPLINE_CURVE_WITH_KNOTS('',2,(#9269,#9270,#9271),.UNSPECIFIED.,.F.,
 .F.,(3,3),(0.,1.),.PIECEWISE_BEZIER_KNOTS.);
#342=B_SPLINE_CURVE_WITH_KNOTS('',2,(#9282,#9283,#9284),.UNSPECIFIED.,.F.,
 .F.,(3,3),(0.,1.),.PIECEWISE_BEZIER_KNOTS.);
#343=B_SPLINE_CURVE_WITH_KNOTS('',2,(#9321,#9322,#9323),.UNSPECIFIED.,.F.,
 .F.,(3,3),(0.,1.),.PIECEWISE_BEZIER_KNOTS.);
#344=CIRCLE('',#5407,0.003);
#345=CIRCLE('',#5408,0.003);
#346=CIRCLE('',#5409,0.003);
#347=CIRCLE('',#5410,0.003);
#348=CIRCLE('',#5411,0.000663791719020609);
#349=CIRCLE('',#5412,0.000809639056902391);
#350=CIRCLE('',#5413,0.000318422623764054);
#351=CIRCLE('',#5414,0.00036484840273152);
#352=CIRCLE('',#5415,0.0040863687691159);
#353=CIRCLE('',#5416,0.000711851447236442);
#354=CIRCLE('',#5417,0.000889386782650946);
#355=CIRCLE('',#5418,0.000340552370409544);
#356=CIRCLE('',#5419,0.0029814541200889);
#357=CIRCLE('',#5420,0.000513726931324776);
#358=CIRCLE('',#5421,0.000539728400714631);
#359=CIRCLE('',#5422,0.000539728400728736);
#360=CIRCLE('',#5423,0.000513726931345734);
#361=CIRCLE('',#5424,0.000531033954286709);
#362=CIRCLE('',#5425,0.000531033954286763);
#363=CIRCLE('',#5426,6.72147139553744E-5);
#364=CIRCLE('',#5427,6.72147139385493E-5);
#365=CIRCLE('',#5428,0.000531033954256228);
#366=CIRCLE('',#5429,0.000531033954286846);
#367=CIRCLE('',#5430,0.00051372693134573);
#368=CIRCLE('',#5431,0.000539728400724293);
#369=CIRCLE('',#5432,0.000539728400728826);
#370=CIRCLE('',#5433,0.000513726931324764);
#371=CIRCLE('',#5434,0.000531033954286835);
#372=CIRCLE('',#5435,0.000531033954286797);
#373=CIRCLE('',#5436,0.000531033954265461);
#374=CIRCLE('',#5437,0.000531033954256216);
#375=CIRCLE('',#5438,0.000532221912333402);
#376=CIRCLE('',#5439,0.000528532988958973);
#377=CIRCLE('',#5440,0.000531033954256379);
#378=CIRCLE('',#5441,0.000531033954256309);
#379=CIRCLE('',#5442,0.000532221912333489);
#380=CIRCLE('',#5443,0.000528532988930088);
#381=CIRCLE('',#5444,0.000515378930986344);
#382=CIRCLE('',#5445,0.000539728400728828);
#383=CIRCLE('',#5446,0.00053972840072882);
#384=CIRCLE('',#5447,0.000515378930986305);
#385=CIRCLE('',#5448,0.000535103789761357);
#386=CIRCLE('',#5449,0.000566197823230295);
#387=CIRCLE('',#5450,8.26451695168196E-6);
#388=CIRCLE('',#5451,3.25354116859011E-5);
#389=CIRCLE('',#5452,0.000816971985575094);
#390=CIRCLE('',#5453,0.000377944446240102);
#391=CIRCLE('',#5454,0.000369511562105172);
#392=CIRCLE('',#5455,0.000737261170231845);
#393=CIRCLE('',#5456,0.000663020048534473);
#394=CIRCLE('',#5457,8.26451695169785E-6);
#395=CIRCLE('',#5458,8.2645169517035E-6);
#396=CIRCLE('',#5459,0.000703032119754785);
#397=CIRCLE('',#5460,0.000729222600575192);
#398=CIRCLE('',#5461,0.000369511562105175);
#399=CIRCLE('',#5462,0.000374879688244251);
#400=CIRCLE('',#5463,0.000761346801887704);
#401=CIRCLE('',#5464,0.000742855086237408);
#402=CIRCLE('',#5465,0.000729222600575376);
#403=CIRCLE('',#5466,6.22133621159262E-5);
#404=CIRCLE('',#5467,8.92144378328162E-6);
#405=CIRCLE('',#5468,0.00053972840072886);
#406=CIRCLE('',#5469,0.000513726931345773);
#407=CIRCLE('',#5470,0.000531033954286777);
#408=CIRCLE('',#5471,0.000531033954256463);
#409=CIRCLE('',#5472,0.000513726931345795);
#410=CIRCLE('',#5473,0.000539728400713192);
#411=CIRCLE('',#5474,0.000345019897822498);
#412=CIRCLE('',#5475,0.000331597401779959);
#413=CIRCLE('',#5476,0.00081074341193972);
#414=CIRCLE('',#5477,0.000655808592342753);
#415=CIRCLE('',#5478,0.00594600188718104);
#416=CIRCLE('',#5479,0.000528532988958958);
#417=CIRCLE('',#5480,0.000532221912333496);
#418=CIRCLE('',#5481,0.000532221912333469);
#419=CIRCLE('',#5482,0.000528532988958955);
#420=CIRCLE('',#5483,0.000530186537105692);
#421=CIRCLE('',#5484,0.000532221912333392);
#422=CIRCLE('',#5485,8.26451695697655E-6);
#423=CIRCLE('',#5486,2.7055133142145E-5);
#424=CIRCLE('',#5487,3.25354116858908E-5);
#425=CIRCLE('',#5488,8.26451695168136E-6);
#426=CIRCLE('',#5489,0.000566197823230515);
#427=CIRCLE('',#5490,0.000535103789773343);
#428=CIRCLE('',#5491,0.0147258321624064);
#429=CIRCLE('',#5492,0.000555814746609526);
#430=CIRCLE('',#5493,0.000626682059006813);
#431=CIRCLE('',#5494,0.000626682059006876);
#432=CIRCLE('',#5495,0.000563905952639817);
#433=CIRCLE('',#5496,0.013020937752293);
#434=CIRCLE('',#5497,0.00147751608728092);
#435=CIRCLE('',#5498,7.90761340586409E-6);
#436=CIRCLE('',#5499,1.69848372620213E-5);
#437=CIRCLE('',#5500,0.000532221912333478);
#438=CIRCLE('',#5501,0.000528532988929996);
#439=CIRCLE('',#5502,0.000528532988958938);
#440=CIRCLE('',#5503,0.000532221912333502);
#441=CIRCLE('',#5504,0.000531033954259652);
#442=CIRCLE('',#5505,0.00053103395428667);
#443=CIRCLE('',#5506,0.000531033954286838);
#444=CIRCLE('',#5507,0.000531033954286838);
#445=CIRCLE('',#5513,0.003);
#446=CIRCLE('',#5514,0.003);
#447=CIRCLE('',#5515,0.003);
#448=CIRCLE('',#5516,0.003);
#449=CIRCLE('',#5522,0.0029814541200889);
#450=CIRCLE('',#5524,0.000340552370409544);
#451=CIRCLE('',#5527,0.000889386782650946);
#452=CIRCLE('',#5529,0.000711851447236442);
#453=CIRCLE('',#5531,0.0040863687691159);
#454=CIRCLE('',#5533,0.00036484840273152);
#455=CIRCLE('',#5535,0.000318422623764054);
#456=CIRCLE('',#5538,0.000809639056902391);
#457=CIRCLE('',#5540,0.000663791719020609);
#458=CIRCLE('',#5543,0.000513726931324776);
#459=CIRCLE('',#5546,0.000531033954256216);
#460=CIRCLE('',#5548,0.000531033954265461);
#461=CIRCLE('',#5553,0.000531033954286797);
#462=CIRCLE('',#5555,0.000531033954286835);
#463=CIRCLE('',#5558,0.000513726931324764);
#464=CIRCLE('',#5560,0.000539728400728826);
#465=CIRCLE('',#5563,0.000539728400724293);
#466=CIRCLE('',#5565,0.00051372693134573);
#467=CIRCLE('',#5568,0.000531033954286846);
#468=CIRCLE('',#5570,0.000531033954256228);
#469=CIRCLE('',#5573,6.72147139385493E-5);
#470=CIRCLE('',#5576,6.72147139553744E-5);
#471=CIRCLE('',#5579,0.000531033954286763);
#472=CIRCLE('',#5581,0.000531033954286709);
#473=CIRCLE('',#5584,0.000513726931345734);
#474=CIRCLE('',#5586,0.000539728400728736);
#475=CIRCLE('',#5589,0.000539728400714631);
#476=CIRCLE('',#5592,3.25354116859011E-5);
#477=CIRCLE('',#5594,8.26451695168196E-6);
#478=CIRCLE('',#5597,0.000566197823230295);
#479=CIRCLE('',#5599,0.000535103789761357);
#480=CIRCLE('',#5602,0.000515378930986305);
#481=CIRCLE('',#5604,0.00053972840072882);
#482=CIRCLE('',#5607,0.000539728400728828);
#483=CIRCLE('',#5609,0.000515378930986344);
#484=CIRCLE('',#5612,0.000528532988930088);
#485=CIRCLE('',#5614,0.000532221912333489);
#486=CIRCLE('',#5618,0.000531033954256309);
#487=CIRCLE('',#5620,0.000531033954256379);
#488=CIRCLE('',#5623,0.000528532988958973);
#489=CIRCLE('',#5625,0.000532221912333402);
#490=CIRCLE('',#5630,0.000816971985575094);
#491=CIRCLE('',#5632,0.000729222600575376);
#492=CIRCLE('',#5635,0.000742855086237408);
#493=CIRCLE('',#5637,0.000761346801887704);
#494=CIRCLE('',#5640,0.000374879688244251);
#495=CIRCLE('',#5642,0.000369511562105175);
#496=CIRCLE('',#5645,0.000729222600575192);
#497=CIRCLE('',#5647,0.000703032119754785);
#498=CIRCLE('',#5650,8.2645169517035E-6);
#499=CIRCLE('',#5652,8.26451695169785E-6);
#500=CIRCLE('',#5655,0.000663020048534473);
#501=CIRCLE('',#5657,0.000737261170231845);
#502=CIRCLE('',#5660,0.000369511562105172);
#503=CIRCLE('',#5662,0.000377944446240102);
#504=CIRCLE('',#5665,0.00594600188718104);
#505=CIRCLE('',#5667,0.000655808592342753);
#506=CIRCLE('',#5669,0.00081074341193972);
#507=CIRCLE('',#5672,0.000331597401779959);
#508=CIRCLE('',#5674,0.000345019897822498);
#509=CIRCLE('',#5676,0.000539728400713192);
#510=CIRCLE('',#5678,0.000513726931345795);
#511=CIRCLE('',#5681,0.000531033954256463);
#512=CIRCLE('',#5683,0.000531033954286777);
#513=CIRCLE('',#5685,0.000513726931345773);
#514=CIRCLE('',#5687,0.00053972840072886);
#515=CIRCLE('',#5690,8.92144378328162E-6);
#516=CIRCLE('',#5692,6.22133621159262E-5);
#517=CIRCLE('',#5695,0.000528532988958958);
#518=CIRCLE('',#5698,0.000535103789773343);
#519=CIRCLE('',#5700,0.000566197823230515);
#520=CIRCLE('',#5703,8.26451695168136E-6);
#521=CIRCLE('',#5705,3.25354116858908E-5);
#522=CIRCLE('',#5707,2.7055133142145E-5);
#523=CIRCLE('',#5709,8.26451695697655E-6);
#524=CIRCLE('',#5712,0.000532221912333392);
#525=CIRCLE('',#5714,0.000530186537105692);
#526=CIRCLE('',#5717,0.000528532988958955);
#527=CIRCLE('',#5719,0.000532221912333469);
#528=CIRCLE('',#5723,0.00112677421457917);
#529=CIRCLE('',#5724,0.00112677421457917);
#530=CIRCLE('',#5726,0.00112677421457909);
#531=CIRCLE('',#5727,0.00112677421457909);
#532=CIRCLE('',#5729,0.000532221912333496);
#533=CIRCLE('',#5733,0.000555814746609526);
#534=CIRCLE('',#5735,0.0147258321624064);
#535=CIRCLE('',#5737,1.69848372620213E-5);
#536=CIRCLE('',#5739,7.90761340586409E-6);
#537=CIRCLE('',#5741,0.00147751608728092);
#538=CIRCLE('',#5743,0.013020937752293);
#539=CIRCLE('',#5745,0.000563905952639817);
#540=CIRCLE('',#5747,0.000626682059006876);
#541=CIRCLE('',#5751,0.00388816941077521);
#542=CIRCLE('',#5752,0.00388816941077521);
#543=CIRCLE('',#5756,6.72147139553318E-5);
#544=CIRCLE('',#5757,6.72147139553318E-5);
#545=CIRCLE('',#5760,0.00456142126155508);
#546=CIRCLE('',#5761,0.00456142126155508);
#547=CIRCLE('',#5763,0.000626682059006813);
#548=CIRCLE('',#5769,0.000531033954286838);
#549=CIRCLE('',#5771,0.000531033954286838);
#550=CIRCLE('',#5774,0.00053103395428667);
#551=CIRCLE('',#5776,0.000531033954259652);
#552=CIRCLE('',#5780,0.000532221912333502);
#553=CIRCLE('',#5782,0.000528532988958938);
#554=CIRCLE('',#5785,0.000528532988929996);
#555=CIRCLE('',#5787,0.000532221912333478);
#556=CIRCLE('',#5800,0.0008);
#557=CIRCLE('',#5801,0.0008);
#558=CIRCLE('',#5802,0.0008);
#559=CIRCLE('',#5803,0.0008);
#560=CIRCLE('',#5804,0.003);
#561=CIRCLE('',#5805,0.003);
#562=CIRCLE('',#5806,0.003);
#563=CIRCLE('',#5807,0.003);
#564=CIRCLE('',#5808,0.003);
#565=CIRCLE('',#5809,0.003);
#566=CIRCLE('',#5810,0.003);
#567=CIRCLE('',#5811,0.003);
#568=CIRCLE('',#5813,0.003);
#569=CIRCLE('',#5814,0.003);
#570=CIRCLE('',#5815,0.003);
#571=CIRCLE('',#5816,0.003);
#572=CIRCLE('',#5818,0.003);
#573=CIRCLE('',#5820,0.003);
#574=CIRCLE('',#5822,0.003);
#575=CIRCLE('',#5824,0.003);
#576=CIRCLE('',#5851,0.0008);
#577=CIRCLE('',#5854,0.0008);
#578=CIRCLE('',#5857,0.0008);
#579=CIRCLE('',#5860,0.0008);
#580=ORIENTED_EDGE('',*,*,#2174,.T.);
#581=ORIENTED_EDGE('',*,*,#2175,.T.);
#582=ORIENTED_EDGE('',*,*,#2176,.T.);
#583=ORIENTED_EDGE('',*,*,#2177,.T.);
#584=ORIENTED_EDGE('',*,*,#2178,.F.);
#585=ORIENTED_EDGE('',*,*,#2179,.T.);
#586=ORIENTED_EDGE('',*,*,#2180,.F.);
#587=ORIENTED_EDGE('',*,*,#2181,.T.);
#588=ORIENTED_EDGE('',*,*,#2182,.T.);
#589=ORIENTED_EDGE('',*,*,#2183,.T.);
#590=ORIENTED_EDGE('',*,*,#2184,.T.);
#591=ORIENTED_EDGE('',*,*,#2185,.T.);
#592=ORIENTED_EDGE('',*,*,#2186,.T.);
#593=ORIENTED_EDGE('',*,*,#2187,.T.);
#594=ORIENTED_EDGE('',*,*,#2188,.T.);
#595=ORIENTED_EDGE('',*,*,#2189,.T.);
#596=ORIENTED_EDGE('',*,*,#2190,.T.);
#597=ORIENTED_EDGE('',*,*,#2191,.T.);
#598=ORIENTED_EDGE('',*,*,#2192,.T.);
#599=ORIENTED_EDGE('',*,*,#2193,.T.);
#600=ORIENTED_EDGE('',*,*,#2194,.T.);
#601=ORIENTED_EDGE('',*,*,#2195,.T.);
#602=ORIENTED_EDGE('',*,*,#2196,.T.);
#603=ORIENTED_EDGE('',*,*,#2197,.T.);
#604=ORIENTED_EDGE('',*,*,#2198,.T.);
#605=ORIENTED_EDGE('',*,*,#2199,.T.);
#606=ORIENTED_EDGE('',*,*,#2200,.T.);
#607=ORIENTED_EDGE('',*,*,#2201,.T.);
#608=ORIENTED_EDGE('',*,*,#2202,.T.);
#609=ORIENTED_EDGE('',*,*,#2203,.T.);
#610=ORIENTED_EDGE('',*,*,#2204,.T.);
#611=ORIENTED_EDGE('',*,*,#2205,.T.);
#612=ORIENTED_EDGE('',*,*,#2206,.T.);
#613=ORIENTED_EDGE('',*,*,#2207,.T.);
#614=ORIENTED_EDGE('',*,*,#2208,.T.);
#615=ORIENTED_EDGE('',*,*,#2209,.T.);
#616=ORIENTED_EDGE('',*,*,#2210,.T.);
#617=ORIENTED_EDGE('',*,*,#2211,.T.);
#618=ORIENTED_EDGE('',*,*,#2212,.T.);
#619=ORIENTED_EDGE('',*,*,#2213,.T.);
#620=ORIENTED_EDGE('',*,*,#2214,.T.);
#621=ORIENTED_EDGE('',*,*,#2215,.T.);
#622=ORIENTED_EDGE('',*,*,#2216,.T.);
#623=ORIENTED_EDGE('',*,*,#2217,.T.);
#624=ORIENTED_EDGE('',*,*,#2218,.T.);
#625=ORIENTED_EDGE('',*,*,#2219,.T.);
#626=ORIENTED_EDGE('',*,*,#2220,.T.);
#627=ORIENTED_EDGE('',*,*,#2221,.T.);
#628=ORIENTED_EDGE('',*,*,#2222,.T.);
#629=ORIENTED_EDGE('',*,*,#2223,.T.);
#630=ORIENTED_EDGE('',*,*,#2224,.T.);
#631=ORIENTED_EDGE('',*,*,#2225,.T.);
#632=ORIENTED_EDGE('',*,*,#2226,.T.);
#633=ORIENTED_EDGE('',*,*,#2227,.T.);
#634=ORIENTED_EDGE('',*,*,#2228,.T.);
#635=ORIENTED_EDGE('',*,*,#2229,.T.);
#636=ORIENTED_EDGE('',*,*,#2230,.T.);
#637=ORIENTED_EDGE('',*,*,#2231,.T.);
#638=ORIENTED_EDGE('',*,*,#2232,.T.);
#639=ORIENTED_EDGE('',*,*,#2233,.T.);
#640=ORIENTED_EDGE('',*,*,#2234,.T.);
#641=ORIENTED_EDGE('',*,*,#2235,.T.);
#642=ORIENTED_EDGE('',*,*,#2236,.T.);
#643=ORIENTED_EDGE('',*,*,#2237,.T.);
#644=ORIENTED_EDGE('',*,*,#2238,.T.);
#645=ORIENTED_EDGE('',*,*,#2239,.T.);
#646=ORIENTED_EDGE('',*,*,#2240,.T.);
#647=ORIENTED_EDGE('',*,*,#2241,.T.);
#648=ORIENTED_EDGE('',*,*,#2242,.T.);
#649=ORIENTED_EDGE('',*,*,#2243,.T.);
#650=ORIENTED_EDGE('',*,*,#2244,.T.);
#651=ORIENTED_EDGE('',*,*,#2245,.T.);
#652=ORIENTED_EDGE('',*,*,#2246,.T.);
#653=ORIENTED_EDGE('',*,*,#2247,.T.);
#654=ORIENTED_EDGE('',*,*,#2248,.T.);
#655=ORIENTED_EDGE('',*,*,#2249,.T.);
#656=ORIENTED_EDGE('',*,*,#2250,.T.);
#657=ORIENTED_EDGE('',*,*,#2251,.T.);
#658=ORIENTED_EDGE('',*,*,#2252,.T.);
#659=ORIENTED_EDGE('',*,*,#2253,.T.);
#660=ORIENTED_EDGE('',*,*,#2254,.T.);
#661=ORIENTED_EDGE('',*,*,#2255,.T.);
#662=ORIENTED_EDGE('',*,*,#2256,.T.);
#663=ORIENTED_EDGE('',*,*,#2257,.T.);
#664=ORIENTED_EDGE('',*,*,#2258,.T.);
#665=ORIENTED_EDGE('',*,*,#2259,.T.);
#666=ORIENTED_EDGE('',*,*,#2260,.T.);
#667=ORIENTED_EDGE('',*,*,#2261,.T.);
#668=ORIENTED_EDGE('',*,*,#2262,.T.);
#669=ORIENTED_EDGE('',*,*,#2263,.T.);
#670=ORIENTED_EDGE('',*,*,#2264,.T.);
#671=ORIENTED_EDGE('',*,*,#2265,.T.);
#672=ORIENTED_EDGE('',*,*,#2266,.T.);
#673=ORIENTED_EDGE('',*,*,#2267,.T.);
#674=ORIENTED_EDGE('',*,*,#2268,.T.);
#675=ORIENTED_EDGE('',*,*,#2269,.T.);
#676=ORIENTED_EDGE('',*,*,#2270,.T.);
#677=ORIENTED_EDGE('',*,*,#2271,.T.);
#678=ORIENTED_EDGE('',*,*,#2272,.T.);
#679=ORIENTED_EDGE('',*,*,#2273,.T.);
#680=ORIENTED_EDGE('',*,*,#2274,.T.);
#681=ORIENTED_EDGE('',*,*,#2275,.T.);
#682=ORIENTED_EDGE('',*,*,#2276,.T.);
#683=ORIENTED_EDGE('',*,*,#2277,.T.);
#684=ORIENTED_EDGE('',*,*,#2278,.T.);
#685=ORIENTED_EDGE('',*,*,#2279,.T.);
#686=ORIENTED_EDGE('',*,*,#2280,.T.);
#687=ORIENTED_EDGE('',*,*,#2281,.T.);
#688=ORIENTED_EDGE('',*,*,#2282,.T.);
#689=ORIENTED_EDGE('',*,*,#2283,.T.);
#690=ORIENTED_EDGE('',*,*,#2284,.T.);
#691=ORIENTED_EDGE('',*,*,#2285,.T.);
#692=ORIENTED_EDGE('',*,*,#2286,.T.);
#693=ORIENTED_EDGE('',*,*,#2287,.T.);
#694=ORIENTED_EDGE('',*,*,#2288,.T.);
#695=ORIENTED_EDGE('',*,*,#2289,.T.);
#696=ORIENTED_EDGE('',*,*,#2290,.T.);
#697=ORIENTED_EDGE('',*,*,#2291,.T.);
#698=ORIENTED_EDGE('',*,*,#2292,.T.);
#699=ORIENTED_EDGE('',*,*,#2293,.T.);
#700=ORIENTED_EDGE('',*,*,#2294,.T.);
#701=ORIENTED_EDGE('',*,*,#2295,.T.);
#702=ORIENTED_EDGE('',*,*,#2296,.T.);
#703=ORIENTED_EDGE('',*,*,#2297,.T.);
#704=ORIENTED_EDGE('',*,*,#2298,.T.);
#705=ORIENTED_EDGE('',*,*,#2299,.T.);
#706=ORIENTED_EDGE('',*,*,#2300,.T.);
#707=ORIENTED_EDGE('',*,*,#2301,.T.);
#708=ORIENTED_EDGE('',*,*,#2302,.T.);
#709=ORIENTED_EDGE('',*,*,#2303,.T.);
#710=ORIENTED_EDGE('',*,*,#2304,.T.);
#711=ORIENTED_EDGE('',*,*,#2305,.T.);
#712=ORIENTED_EDGE('',*,*,#2306,.T.);
#713=ORIENTED_EDGE('',*,*,#2307,.T.);
#714=ORIENTED_EDGE('',*,*,#2308,.T.);
#715=ORIENTED_EDGE('',*,*,#2309,.T.);
#716=ORIENTED_EDGE('',*,*,#2310,.T.);
#717=ORIENTED_EDGE('',*,*,#2311,.T.);
#718=ORIENTED_EDGE('',*,*,#2312,.T.);
#719=ORIENTED_EDGE('',*,*,#2313,.T.);
#720=ORIENTED_EDGE('',*,*,#2314,.T.);
#721=ORIENTED_EDGE('',*,*,#2315,.T.);
#722=ORIENTED_EDGE('',*,*,#2316,.T.);
#723=ORIENTED_EDGE('',*,*,#2317,.T.);
#724=ORIENTED_EDGE('',*,*,#2318,.T.);
#725=ORIENTED_EDGE('',*,*,#2319,.T.);
#726=ORIENTED_EDGE('',*,*,#2320,.T.);
#727=ORIENTED_EDGE('',*,*,#2321,.T.);
#728=ORIENTED_EDGE('',*,*,#2322,.T.);
#729=ORIENTED_EDGE('',*,*,#2323,.T.);
#730=ORIENTED_EDGE('',*,*,#2324,.T.);
#731=ORIENTED_EDGE('',*,*,#2325,.T.);
#732=ORIENTED_EDGE('',*,*,#2326,.T.);
#733=ORIENTED_EDGE('',*,*,#2327,.T.);
#734=ORIENTED_EDGE('',*,*,#2328,.T.);
#735=ORIENTED_EDGE('',*,*,#2329,.T.);
#736=ORIENTED_EDGE('',*,*,#2330,.T.);
#737=ORIENTED_EDGE('',*,*,#2331,.T.);
#738=ORIENTED_EDGE('',*,*,#2332,.T.);
#739=ORIENTED_EDGE('',*,*,#2333,.T.);
#740=ORIENTED_EDGE('',*,*,#2334,.T.);
#741=ORIENTED_EDGE('',*,*,#2335,.T.);
#742=ORIENTED_EDGE('',*,*,#2336,.T.);
#743=ORIENTED_EDGE('',*,*,#2337,.T.);
#744=ORIENTED_EDGE('',*,*,#2338,.T.);
#745=ORIENTED_EDGE('',*,*,#2339,.T.);
#746=ORIENTED_EDGE('',*,*,#2340,.T.);
#747=ORIENTED_EDGE('',*,*,#2341,.T.);
#748=ORIENTED_EDGE('',*,*,#2342,.T.);
#749=ORIENTED_EDGE('',*,*,#2343,.T.);
#750=ORIENTED_EDGE('',*,*,#2344,.T.);
#751=ORIENTED_EDGE('',*,*,#2345,.T.);
#752=ORIENTED_EDGE('',*,*,#2346,.T.);
#753=ORIENTED_EDGE('',*,*,#2347,.T.);
#754=ORIENTED_EDGE('',*,*,#2348,.T.);
#755=ORIENTED_EDGE('',*,*,#2349,.T.);
#756=ORIENTED_EDGE('',*,*,#2350,.T.);
#757=ORIENTED_EDGE('',*,*,#2351,.T.);
#758=ORIENTED_EDGE('',*,*,#2352,.T.);
#759=ORIENTED_EDGE('',*,*,#2353,.T.);
#760=ORIENTED_EDGE('',*,*,#2354,.T.);
#761=ORIENTED_EDGE('',*,*,#2355,.T.);
#762=ORIENTED_EDGE('',*,*,#2356,.T.);
#763=ORIENTED_EDGE('',*,*,#2357,.T.);
#764=ORIENTED_EDGE('',*,*,#2358,.T.);
#765=ORIENTED_EDGE('',*,*,#2359,.T.);
#766=ORIENTED_EDGE('',*,*,#2360,.T.);
#767=ORIENTED_EDGE('',*,*,#2361,.T.);
#768=ORIENTED_EDGE('',*,*,#2362,.T.);
#769=ORIENTED_EDGE('',*,*,#2363,.T.);
#770=ORIENTED_EDGE('',*,*,#2364,.T.);
#771=ORIENTED_EDGE('',*,*,#2365,.T.);
#772=ORIENTED_EDGE('',*,*,#2366,.T.);
#773=ORIENTED_EDGE('',*,*,#2367,.T.);
#774=ORIENTED_EDGE('',*,*,#2368,.T.);
#775=ORIENTED_EDGE('',*,*,#2369,.T.);
#776=ORIENTED_EDGE('',*,*,#2370,.T.);
#777=ORIENTED_EDGE('',*,*,#2371,.T.);
#778=ORIENTED_EDGE('',*,*,#2372,.T.);
#779=ORIENTED_EDGE('',*,*,#2373,.T.);
#780=ORIENTED_EDGE('',*,*,#2374,.T.);
#781=ORIENTED_EDGE('',*,*,#2180,.T.);
#782=ORIENTED_EDGE('',*,*,#2375,.T.);
#783=ORIENTED_EDGE('',*,*,#2376,.F.);
#784=ORIENTED_EDGE('',*,*,#2377,.T.);
#785=ORIENTED_EDGE('',*,*,#2378,.T.);
#786=ORIENTED_EDGE('',*,*,#2379,.T.);
#787=ORIENTED_EDGE('',*,*,#2174,.F.);
#788=ORIENTED_EDGE('',*,*,#2380,.T.);
#789=ORIENTED_EDGE('',*,*,#2176,.F.);
#790=ORIENTED_EDGE('',*,*,#2381,.T.);
#791=ORIENTED_EDGE('',*,*,#2382,.T.);
#792=ORIENTED_EDGE('',*,*,#2383,.T.);
#793=ORIENTED_EDGE('',*,*,#2178,.T.);
#794=ORIENTED_EDGE('',*,*,#2384,.T.);
#795=ORIENTED_EDGE('',*,*,#2385,.F.);
#796=ORIENTED_EDGE('',*,*,#2386,.T.);
#797=ORIENTED_EDGE('',*,*,#2382,.F.);
#798=ORIENTED_EDGE('',*,*,#2387,.T.);
#799=ORIENTED_EDGE('',*,*,#2378,.F.);
#800=ORIENTED_EDGE('',*,*,#2388,.T.);
#801=ORIENTED_EDGE('',*,*,#2376,.T.);
#802=ORIENTED_EDGE('',*,*,#2389,.T.);
#803=ORIENTED_EDGE('',*,*,#2385,.T.);
#804=ORIENTED_EDGE('',*,*,#2390,.T.);
#805=ORIENTED_EDGE('',*,*,#2175,.F.);
#806=ORIENTED_EDGE('',*,*,#2379,.F.);
#807=ORIENTED_EDGE('',*,*,#2387,.F.);
#808=ORIENTED_EDGE('',*,*,#2381,.F.);
#809=ORIENTED_EDGE('',*,*,#2177,.F.);
#810=ORIENTED_EDGE('',*,*,#2383,.F.);
#811=ORIENTED_EDGE('',*,*,#2390,.F.);
#812=ORIENTED_EDGE('',*,*,#2384,.F.);
#813=ORIENTED_EDGE('',*,*,#2179,.F.);
#814=ORIENTED_EDGE('',*,*,#2386,.F.);
#815=ORIENTED_EDGE('',*,*,#2389,.F.);
#816=ORIENTED_EDGE('',*,*,#2375,.F.);
#817=ORIENTED_EDGE('',*,*,#2181,.F.);
#818=ORIENTED_EDGE('',*,*,#2377,.F.);
#819=ORIENTED_EDGE('',*,*,#2388,.F.);
#820=ORIENTED_EDGE('',*,*,#2380,.F.);
#821=ORIENTED_EDGE('',*,*,#2183,.F.);
#822=ORIENTED_EDGE('',*,*,#2391,.F.);
#823=ORIENTED_EDGE('',*,*,#2392,.T.);
#824=ORIENTED_EDGE('',*,*,#2393,.T.);
#825=ORIENTED_EDGE('',*,*,#2182,.F.);
#826=ORIENTED_EDGE('',*,*,#2394,.F.);
#827=ORIENTED_EDGE('',*,*,#2395,.T.);
#828=ORIENTED_EDGE('',*,*,#2391,.T.);
#829=ORIENTED_EDGE('',*,*,#2208,.F.);
#830=ORIENTED_EDGE('',*,*,#2396,.F.);
#831=ORIENTED_EDGE('',*,*,#2397,.T.);
#832=ORIENTED_EDGE('',*,*,#2394,.T.);
#833=ORIENTED_EDGE('',*,*,#2207,.F.);
#834=ORIENTED_EDGE('',*,*,#2398,.F.);
#835=ORIENTED_EDGE('',*,*,#2399,.T.);
#836=ORIENTED_EDGE('',*,*,#2396,.T.);
#837=ORIENTED_EDGE('',*,*,#2206,.F.);
#838=ORIENTED_EDGE('',*,*,#2400,.F.);
#839=ORIENTED_EDGE('',*,*,#2401,.T.);
#840=ORIENTED_EDGE('',*,*,#2398,.T.);
#841=ORIENTED_EDGE('',*,*,#2205,.F.);
#842=ORIENTED_EDGE('',*,*,#2402,.F.);
#843=ORIENTED_EDGE('',*,*,#2403,.T.);
#844=ORIENTED_EDGE('',*,*,#2400,.T.);
#845=ORIENTED_EDGE('',*,*,#2204,.F.);
#846=ORIENTED_EDGE('',*,*,#2404,.F.);
#847=ORIENTED_EDGE('',*,*,#2405,.T.);
#848=ORIENTED_EDGE('',*,*,#2402,.T.);
#849=ORIENTED_EDGE('',*,*,#2203,.F.);
#850=ORIENTED_EDGE('',*,*,#2406,.F.);
#851=ORIENTED_EDGE('',*,*,#2407,.T.);
#852=ORIENTED_EDGE('',*,*,#2404,.T.);
#853=ORIENTED_EDGE('',*,*,#2202,.F.);
#854=ORIENTED_EDGE('',*,*,#2408,.F.);
#855=ORIENTED_EDGE('',*,*,#2409,.T.);
#856=ORIENTED_EDGE('',*,*,#2406,.T.);
#857=ORIENTED_EDGE('',*,*,#2201,.F.);
#858=ORIENTED_EDGE('',*,*,#2410,.F.);
#859=ORIENTED_EDGE('',*,*,#2411,.T.);
#860=ORIENTED_EDGE('',*,*,#2408,.T.);
#861=ORIENTED_EDGE('',*,*,#2200,.F.);
#862=ORIENTED_EDGE('',*,*,#2412,.F.);
#863=ORIENTED_EDGE('',*,*,#2413,.T.);
#864=ORIENTED_EDGE('',*,*,#2410,.T.);
#865=ORIENTED_EDGE('',*,*,#2199,.F.);
#866=ORIENTED_EDGE('',*,*,#2414,.F.);
#867=ORIENTED_EDGE('',*,*,#2415,.T.);
#868=ORIENTED_EDGE('',*,*,#2412,.T.);
#869=ORIENTED_EDGE('',*,*,#2198,.F.);
#870=ORIENTED_EDGE('',*,*,#2416,.F.);
#871=ORIENTED_EDGE('',*,*,#2417,.T.);
#872=ORIENTED_EDGE('',*,*,#2414,.T.);
#873=ORIENTED_EDGE('',*,*,#2197,.F.);
#874=ORIENTED_EDGE('',*,*,#2418,.F.);
#875=ORIENTED_EDGE('',*,*,#2419,.T.);
#876=ORIENTED_EDGE('',*,*,#2416,.T.);
#877=ORIENTED_EDGE('',*,*,#2196,.F.);
#878=ORIENTED_EDGE('',*,*,#2420,.F.);
#879=ORIENTED_EDGE('',*,*,#2421,.T.);
#880=ORIENTED_EDGE('',*,*,#2418,.T.);
#881=ORIENTED_EDGE('',*,*,#2195,.F.);
#882=ORIENTED_EDGE('',*,*,#2422,.F.);
#883=ORIENTED_EDGE('',*,*,#2423,.T.);
#884=ORIENTED_EDGE('',*,*,#2420,.T.);
#885=ORIENTED_EDGE('',*,*,#2194,.F.);
#886=ORIENTED_EDGE('',*,*,#2424,.F.);
#887=ORIENTED_EDGE('',*,*,#2425,.T.);
#888=ORIENTED_EDGE('',*,*,#2422,.T.);
#889=ORIENTED_EDGE('',*,*,#2193,.F.);
#890=ORIENTED_EDGE('',*,*,#2426,.F.);
#891=ORIENTED_EDGE('',*,*,#2427,.T.);
#892=ORIENTED_EDGE('',*,*,#2424,.T.);
#893=ORIENTED_EDGE('',*,*,#2192,.F.);
#894=ORIENTED_EDGE('',*,*,#2428,.F.);
#895=ORIENTED_EDGE('',*,*,#2429,.T.);
#896=ORIENTED_EDGE('',*,*,#2426,.T.);
#897=ORIENTED_EDGE('',*,*,#2191,.F.);
#898=ORIENTED_EDGE('',*,*,#2430,.F.);
#899=ORIENTED_EDGE('',*,*,#2431,.T.);
#900=ORIENTED_EDGE('',*,*,#2428,.T.);
#901=ORIENTED_EDGE('',*,*,#2190,.F.);
#902=ORIENTED_EDGE('',*,*,#2432,.F.);
#903=ORIENTED_EDGE('',*,*,#2433,.T.);
#904=ORIENTED_EDGE('',*,*,#2430,.T.);
#905=ORIENTED_EDGE('',*,*,#2189,.F.);
#906=ORIENTED_EDGE('',*,*,#2434,.F.);
#907=ORIENTED_EDGE('',*,*,#2435,.T.);
#908=ORIENTED_EDGE('',*,*,#2432,.T.);
#909=ORIENTED_EDGE('',*,*,#2188,.F.);
#910=ORIENTED_EDGE('',*,*,#2436,.F.);
#911=ORIENTED_EDGE('',*,*,#2437,.T.);
#912=ORIENTED_EDGE('',*,*,#2434,.T.);
#913=ORIENTED_EDGE('',*,*,#2187,.F.);
#914=ORIENTED_EDGE('',*,*,#2438,.F.);
#915=ORIENTED_EDGE('',*,*,#2439,.T.);
#916=ORIENTED_EDGE('',*,*,#2436,.T.);
#917=ORIENTED_EDGE('',*,*,#2186,.F.);
#918=ORIENTED_EDGE('',*,*,#2440,.F.);
#919=ORIENTED_EDGE('',*,*,#2441,.T.);
#920=ORIENTED_EDGE('',*,*,#2438,.T.);
#921=ORIENTED_EDGE('',*,*,#2185,.F.);
#922=ORIENTED_EDGE('',*,*,#2442,.F.);
#923=ORIENTED_EDGE('',*,*,#2443,.T.);
#924=ORIENTED_EDGE('',*,*,#2440,.T.);
#925=ORIENTED_EDGE('',*,*,#2184,.F.);
#926=ORIENTED_EDGE('',*,*,#2393,.F.);
#927=ORIENTED_EDGE('',*,*,#2444,.T.);
#928=ORIENTED_EDGE('',*,*,#2442,.T.);
#929=ORIENTED_EDGE('',*,*,#2392,.F.);
#930=ORIENTED_EDGE('',*,*,#2395,.F.);
#931=ORIENTED_EDGE('',*,*,#2397,.F.);
#932=ORIENTED_EDGE('',*,*,#2399,.F.);
#933=ORIENTED_EDGE('',*,*,#2401,.F.);
#934=ORIENTED_EDGE('',*,*,#2403,.F.);
#935=ORIENTED_EDGE('',*,*,#2405,.F.);
#936=ORIENTED_EDGE('',*,*,#2407,.F.);
#937=ORIENTED_EDGE('',*,*,#2409,.F.);
#938=ORIENTED_EDGE('',*,*,#2411,.F.);
#939=ORIENTED_EDGE('',*,*,#2413,.F.);
#940=ORIENTED_EDGE('',*,*,#2415,.F.);
#941=ORIENTED_EDGE('',*,*,#2417,.F.);
#942=ORIENTED_EDGE('',*,*,#2419,.F.);
#943=ORIENTED_EDGE('',*,*,#2421,.F.);
#944=ORIENTED_EDGE('',*,*,#2423,.F.);
#945=ORIENTED_EDGE('',*,*,#2425,.F.);
#946=ORIENTED_EDGE('',*,*,#2427,.F.);
#947=ORIENTED_EDGE('',*,*,#2429,.F.);
#948=ORIENTED_EDGE('',*,*,#2431,.F.);
#949=ORIENTED_EDGE('',*,*,#2433,.F.);
#950=ORIENTED_EDGE('',*,*,#2435,.F.);
#951=ORIENTED_EDGE('',*,*,#2437,.F.);
#952=ORIENTED_EDGE('',*,*,#2439,.F.);
#953=ORIENTED_EDGE('',*,*,#2441,.F.);
#954=ORIENTED_EDGE('',*,*,#2443,.F.);
#955=ORIENTED_EDGE('',*,*,#2444,.F.);
#956=ORIENTED_EDGE('',*,*,#2210,.F.);
#957=ORIENTED_EDGE('',*,*,#2445,.F.);
#958=ORIENTED_EDGE('',*,*,#2446,.T.);
#959=ORIENTED_EDGE('',*,*,#2447,.T.);
#960=ORIENTED_EDGE('',*,*,#2209,.F.);
#961=ORIENTED_EDGE('',*,*,#2448,.F.);
#962=ORIENTED_EDGE('',*,*,#2449,.T.);
#963=ORIENTED_EDGE('',*,*,#2445,.T.);
#964=ORIENTED_EDGE('',*,*,#2240,.F.);
#965=ORIENTED_EDGE('',*,*,#2450,.F.);
#966=ORIENTED_EDGE('',*,*,#2451,.T.);
#967=ORIENTED_EDGE('',*,*,#2448,.T.);
#968=ORIENTED_EDGE('',*,*,#2239,.F.);
#969=ORIENTED_EDGE('',*,*,#2452,.F.);
#970=ORIENTED_EDGE('',*,*,#2453,.T.);
#971=ORIENTED_EDGE('',*,*,#2450,.T.);
#972=ORIENTED_EDGE('',*,*,#2238,.F.);
#973=ORIENTED_EDGE('',*,*,#2454,.F.);
#974=ORIENTED_EDGE('',*,*,#2455,.T.);
#975=ORIENTED_EDGE('',*,*,#2452,.T.);
#976=ORIENTED_EDGE('',*,*,#2237,.F.);
#977=ORIENTED_EDGE('',*,*,#2456,.F.);
#978=ORIENTED_EDGE('',*,*,#2457,.T.);
#979=ORIENTED_EDGE('',*,*,#2454,.T.);
#980=ORIENTED_EDGE('',*,*,#2236,.F.);
#981=ORIENTED_EDGE('',*,*,#2458,.F.);
#982=ORIENTED_EDGE('',*,*,#2459,.T.);
#983=ORIENTED_EDGE('',*,*,#2456,.T.);
#984=ORIENTED_EDGE('',*,*,#2235,.F.);
#985=ORIENTED_EDGE('',*,*,#2460,.F.);
#986=ORIENTED_EDGE('',*,*,#2461,.T.);
#987=ORIENTED_EDGE('',*,*,#2458,.T.);
#988=ORIENTED_EDGE('',*,*,#2234,.F.);
#989=ORIENTED_EDGE('',*,*,#2462,.F.);
#990=ORIENTED_EDGE('',*,*,#2463,.T.);
#991=ORIENTED_EDGE('',*,*,#2460,.T.);
#992=ORIENTED_EDGE('',*,*,#2233,.F.);
#993=ORIENTED_EDGE('',*,*,#2464,.F.);
#994=ORIENTED_EDGE('',*,*,#2465,.T.);
#995=ORIENTED_EDGE('',*,*,#2462,.T.);
#996=ORIENTED_EDGE('',*,*,#2232,.F.);
#997=ORIENTED_EDGE('',*,*,#2466,.F.);
#998=ORIENTED_EDGE('',*,*,#2467,.T.);
#999=ORIENTED_EDGE('',*,*,#2464,.T.);
#1000=ORIENTED_EDGE('',*,*,#2231,.F.);
#1001=ORIENTED_EDGE('',*,*,#2468,.F.);
#1002=ORIENTED_EDGE('',*,*,#2469,.T.);
#1003=ORIENTED_EDGE('',*,*,#2466,.T.);
#1004=ORIENTED_EDGE('',*,*,#2230,.F.);
#1005=ORIENTED_EDGE('',*,*,#2470,.F.);
#1006=ORIENTED_EDGE('',*,*,#2471,.T.);
#1007=ORIENTED_EDGE('',*,*,#2468,.T.);
#1008=ORIENTED_EDGE('',*,*,#2229,.F.);
#1009=ORIENTED_EDGE('',*,*,#2472,.F.);
#1010=ORIENTED_EDGE('',*,*,#2473,.T.);
#1011=ORIENTED_EDGE('',*,*,#2470,.T.);
#1012=ORIENTED_EDGE('',*,*,#2228,.F.);
#1013=ORIENTED_EDGE('',*,*,#2474,.F.);
#1014=ORIENTED_EDGE('',*,*,#2475,.T.);
#1015=ORIENTED_EDGE('',*,*,#2472,.T.);
#1016=ORIENTED_EDGE('',*,*,#2227,.F.);
#1017=ORIENTED_EDGE('',*,*,#2476,.F.);
#1018=ORIENTED_EDGE('',*,*,#2477,.T.);
#1019=ORIENTED_EDGE('',*,*,#2474,.T.);
#1020=ORIENTED_EDGE('',*,*,#2226,.F.);
#1021=ORIENTED_EDGE('',*,*,#2478,.F.);
#1022=ORIENTED_EDGE('',*,*,#2479,.T.);
#1023=ORIENTED_EDGE('',*,*,#2476,.T.);
#1024=ORIENTED_EDGE('',*,*,#2225,.F.);
#1025=ORIENTED_EDGE('',*,*,#2480,.F.);
#1026=ORIENTED_EDGE('',*,*,#2481,.T.);
#1027=ORIENTED_EDGE('',*,*,#2478,.T.);
#1028=ORIENTED_EDGE('',*,*,#2224,.F.);
#1029=ORIENTED_EDGE('',*,*,#2482,.F.);
#1030=ORIENTED_EDGE('',*,*,#2483,.T.);
#1031=ORIENTED_EDGE('',*,*,#2480,.T.);
#1032=ORIENTED_EDGE('',*,*,#2223,.F.);
#1033=ORIENTED_EDGE('',*,*,#2484,.F.);
#1034=ORIENTED_EDGE('',*,*,#2485,.T.);
#1035=ORIENTED_EDGE('',*,*,#2482,.T.);
#1036=ORIENTED_EDGE('',*,*,#2222,.F.);
#1037=ORIENTED_EDGE('',*,*,#2486,.F.);
#1038=ORIENTED_EDGE('',*,*,#2487,.T.);
#1039=ORIENTED_EDGE('',*,*,#2484,.T.);
#1040=ORIENTED_EDGE('',*,*,#2221,.F.);
#1041=ORIENTED_EDGE('',*,*,#2488,.F.);
#1042=ORIENTED_EDGE('',*,*,#2489,.T.);
#1043=ORIENTED_EDGE('',*,*,#2486,.T.);
#1044=ORIENTED_EDGE('',*,*,#2220,.F.);
#1045=ORIENTED_EDGE('',*,*,#2490,.F.);
#1046=ORIENTED_EDGE('',*,*,#2491,.T.);
#1047=ORIENTED_EDGE('',*,*,#2488,.T.);
#1048=ORIENTED_EDGE('',*,*,#2219,.F.);
#1049=ORIENTED_EDGE('',*,*,#2492,.F.);
#1050=ORIENTED_EDGE('',*,*,#2493,.T.);
#1051=ORIENTED_EDGE('',*,*,#2490,.T.);
#1052=ORIENTED_EDGE('',*,*,#2218,.F.);
#1053=ORIENTED_EDGE('',*,*,#2494,.F.);
#1054=ORIENTED_EDGE('',*,*,#2495,.T.);
#1055=ORIENTED_EDGE('',*,*,#2492,.T.);
#1056=ORIENTED_EDGE('',*,*,#2217,.F.);
#1057=ORIENTED_EDGE('',*,*,#2496,.F.);
#1058=ORIENTED_EDGE('',*,*,#2497,.T.);
#1059=ORIENTED_EDGE('',*,*,#2494,.T.);
#1060=ORIENTED_EDGE('',*,*,#2216,.F.);
#1061=ORIENTED_EDGE('',*,*,#2498,.F.);
#1062=ORIENTED_EDGE('',*,*,#2499,.T.);
#1063=ORIENTED_EDGE('',*,*,#2496,.T.);
#1064=ORIENTED_EDGE('',*,*,#2215,.F.);
#1065=ORIENTED_EDGE('',*,*,#2500,.F.);
#1066=ORIENTED_EDGE('',*,*,#2501,.T.);
#1067=ORIENTED_EDGE('',*,*,#2498,.T.);
#1068=ORIENTED_EDGE('',*,*,#2214,.F.);
#1069=ORIENTED_EDGE('',*,*,#2502,.F.);
#1070=ORIENTED_EDGE('',*,*,#2503,.T.);
#1071=ORIENTED_EDGE('',*,*,#2500,.T.);
#1072=ORIENTED_EDGE('',*,*,#2213,.F.);
#1073=ORIENTED_EDGE('',*,*,#2504,.F.);
#1074=ORIENTED_EDGE('',*,*,#2505,.T.);
#1075=ORIENTED_EDGE('',*,*,#2502,.T.);
#1076=ORIENTED_EDGE('',*,*,#2212,.F.);
#1077=ORIENTED_EDGE('',*,*,#2506,.F.);
#1078=ORIENTED_EDGE('',*,*,#2507,.T.);
#1079=ORIENTED_EDGE('',*,*,#2504,.T.);
#1080=ORIENTED_EDGE('',*,*,#2211,.F.);
#1081=ORIENTED_EDGE('',*,*,#2447,.F.);
#1082=ORIENTED_EDGE('',*,*,#2508,.T.);
#1083=ORIENTED_EDGE('',*,*,#2506,.T.);
#1084=ORIENTED_EDGE('',*,*,#2446,.F.);
#1085=ORIENTED_EDGE('',*,*,#2449,.F.);
#1086=ORIENTED_EDGE('',*,*,#2451,.F.);
#1087=ORIENTED_EDGE('',*,*,#2453,.F.);
#1088=ORIENTED_EDGE('',*,*,#2455,.F.);
#1089=ORIENTED_EDGE('',*,*,#2457,.F.);
#1090=ORIENTED_EDGE('',*,*,#2459,.F.);
#1091=ORIENTED_EDGE('',*,*,#2461,.F.);
#1092=ORIENTED_EDGE('',*,*,#2463,.F.);
#1093=ORIENTED_EDGE('',*,*,#2465,.F.);
#1094=ORIENTED_EDGE('',*,*,#2467,.F.);
#1095=ORIENTED_EDGE('',*,*,#2469,.F.);
#1096=ORIENTED_EDGE('',*,*,#2471,.F.);
#1097=ORIENTED_EDGE('',*,*,#2473,.F.);
#1098=ORIENTED_EDGE('',*,*,#2475,.F.);
#1099=ORIENTED_EDGE('',*,*,#2477,.F.);
#1100=ORIENTED_EDGE('',*,*,#2479,.F.);
#1101=ORIENTED_EDGE('',*,*,#2481,.F.);
#1102=ORIENTED_EDGE('',*,*,#2483,.F.);
#1103=ORIENTED_EDGE('',*,*,#2485,.F.);
#1104=ORIENTED_EDGE('',*,*,#2487,.F.);
#1105=ORIENTED_EDGE('',*,*,#2489,.F.);
#1106=ORIENTED_EDGE('',*,*,#2491,.F.);
#1107=ORIENTED_EDGE('',*,*,#2493,.F.);
#1108=ORIENTED_EDGE('',*,*,#2495,.F.);
#1109=ORIENTED_EDGE('',*,*,#2497,.F.);
#1110=ORIENTED_EDGE('',*,*,#2499,.F.);
#1111=ORIENTED_EDGE('',*,*,#2501,.F.);
#1112=ORIENTED_EDGE('',*,*,#2503,.F.);
#1113=ORIENTED_EDGE('',*,*,#2505,.F.);
#1114=ORIENTED_EDGE('',*,*,#2507,.F.);
#1115=ORIENTED_EDGE('',*,*,#2508,.F.);
#1116=ORIENTED_EDGE('',*,*,#2242,.F.);
#1117=ORIENTED_EDGE('',*,*,#2509,.F.);
#1118=ORIENTED_EDGE('',*,*,#2510,.T.);
#1119=ORIENTED_EDGE('',*,*,#2511,.T.);
#1120=ORIENTED_EDGE('',*,*,#2241,.F.);
#1121=ORIENTED_EDGE('',*,*,#2512,.F.);
#1122=ORIENTED_EDGE('',*,*,#2513,.T.);
#1123=ORIENTED_EDGE('',*,*,#2509,.T.);
#1124=ORIENTED_EDGE('',*,*,#2269,.F.);
#1125=ORIENTED_EDGE('',*,*,#2514,.F.);
#1126=ORIENTED_EDGE('',*,*,#2515,.T.);
#1127=ORIENTED_EDGE('',*,*,#2512,.T.);
#1128=ORIENTED_EDGE('',*,*,#2268,.F.);
#1129=ORIENTED_EDGE('',*,*,#2516,.F.);
#1130=ORIENTED_EDGE('',*,*,#2517,.T.);
#1131=ORIENTED_EDGE('',*,*,#2514,.T.);
#1132=ORIENTED_EDGE('',*,*,#2267,.F.);
#1133=ORIENTED_EDGE('',*,*,#2518,.F.);
#1134=ORIENTED_EDGE('',*,*,#2519,.T.);
#1135=ORIENTED_EDGE('',*,*,#2516,.T.);
#1136=ORIENTED_EDGE('',*,*,#2266,.F.);
#1137=ORIENTED_EDGE('',*,*,#2520,.F.);
#1138=ORIENTED_EDGE('',*,*,#2521,.T.);
#1139=ORIENTED_EDGE('',*,*,#2518,.T.);
#1140=ORIENTED_EDGE('',*,*,#2265,.F.);
#1141=ORIENTED_EDGE('',*,*,#2522,.F.);
#1142=ORIENTED_EDGE('',*,*,#2523,.T.);
#1143=ORIENTED_EDGE('',*,*,#2520,.T.);
#1144=ORIENTED_EDGE('',*,*,#2264,.F.);
#1145=ORIENTED_EDGE('',*,*,#2524,.F.);
#1146=ORIENTED_EDGE('',*,*,#2525,.T.);
#1147=ORIENTED_EDGE('',*,*,#2522,.T.);
#1148=ORIENTED_EDGE('',*,*,#2263,.F.);
#1149=ORIENTED_EDGE('',*,*,#2526,.F.);
#1150=ORIENTED_EDGE('',*,*,#2527,.T.);
#1151=ORIENTED_EDGE('',*,*,#2524,.T.);
#1152=ORIENTED_EDGE('',*,*,#2262,.F.);
#1153=ORIENTED_EDGE('',*,*,#2528,.F.);
#1154=ORIENTED_EDGE('',*,*,#2529,.T.);
#1155=ORIENTED_EDGE('',*,*,#2526,.T.);
#1156=ORIENTED_EDGE('',*,*,#2261,.F.);
#1157=ORIENTED_EDGE('',*,*,#2530,.F.);
#1158=ORIENTED_EDGE('',*,*,#2531,.T.);
#1159=ORIENTED_EDGE('',*,*,#2528,.T.);
#1160=ORIENTED_EDGE('',*,*,#2260,.F.);
#1161=ORIENTED_EDGE('',*,*,#2532,.F.);
#1162=ORIENTED_EDGE('',*,*,#2533,.T.);
#1163=ORIENTED_EDGE('',*,*,#2530,.T.);
#1164=ORIENTED_EDGE('',*,*,#2259,.F.);
#1165=ORIENTED_EDGE('',*,*,#2534,.F.);
#1166=ORIENTED_EDGE('',*,*,#2535,.T.);
#1167=ORIENTED_EDGE('',*,*,#2532,.T.);
#1168=ORIENTED_EDGE('',*,*,#2258,.F.);
#1169=ORIENTED_EDGE('',*,*,#2536,.F.);
#1170=ORIENTED_EDGE('',*,*,#2537,.T.);
#1171=ORIENTED_EDGE('',*,*,#2534,.T.);
#1172=ORIENTED_EDGE('',*,*,#2257,.F.);
#1173=ORIENTED_EDGE('',*,*,#2538,.F.);
#1174=ORIENTED_EDGE('',*,*,#2539,.T.);
#1175=ORIENTED_EDGE('',*,*,#2536,.T.);
#1176=ORIENTED_EDGE('',*,*,#2256,.F.);
#1177=ORIENTED_EDGE('',*,*,#2540,.F.);
#1178=ORIENTED_EDGE('',*,*,#2541,.T.);
#1179=ORIENTED_EDGE('',*,*,#2538,.T.);
#1180=ORIENTED_EDGE('',*,*,#2255,.F.);
#1181=ORIENTED_EDGE('',*,*,#2542,.F.);
#1182=ORIENTED_EDGE('',*,*,#2543,.T.);
#1183=ORIENTED_EDGE('',*,*,#2540,.T.);
#1184=ORIENTED_EDGE('',*,*,#2254,.F.);
#1185=ORIENTED_EDGE('',*,*,#2544,.F.);
#1186=ORIENTED_EDGE('',*,*,#2545,.T.);
#1187=ORIENTED_EDGE('',*,*,#2542,.T.);
#1188=ORIENTED_EDGE('',*,*,#2253,.F.);
#1189=ORIENTED_EDGE('',*,*,#2546,.F.);
#1190=ORIENTED_EDGE('',*,*,#2547,.T.);
#1191=ORIENTED_EDGE('',*,*,#2544,.T.);
#1192=ORIENTED_EDGE('',*,*,#2252,.F.);
#1193=ORIENTED_EDGE('',*,*,#2548,.F.);
#1194=ORIENTED_EDGE('',*,*,#2549,.T.);
#1195=ORIENTED_EDGE('',*,*,#2546,.T.);
#1196=ORIENTED_EDGE('',*,*,#2251,.F.);
#1197=ORIENTED_EDGE('',*,*,#2550,.F.);
#1198=ORIENTED_EDGE('',*,*,#2551,.T.);
#1199=ORIENTED_EDGE('',*,*,#2548,.T.);
#1200=ORIENTED_EDGE('',*,*,#2250,.F.);
#1201=ORIENTED_EDGE('',*,*,#2552,.F.);
#1202=ORIENTED_EDGE('',*,*,#2553,.T.);
#1203=ORIENTED_EDGE('',*,*,#2550,.T.);
#1204=ORIENTED_EDGE('',*,*,#2249,.F.);
#1205=ORIENTED_EDGE('',*,*,#2554,.F.);
#1206=ORIENTED_EDGE('',*,*,#2555,.T.);
#1207=ORIENTED_EDGE('',*,*,#2552,.T.);
#1208=ORIENTED_EDGE('',*,*,#2248,.F.);
#1209=ORIENTED_EDGE('',*,*,#2556,.F.);
#1210=ORIENTED_EDGE('',*,*,#2557,.T.);
#1211=ORIENTED_EDGE('',*,*,#2554,.T.);
#1212=ORIENTED_EDGE('',*,*,#2247,.F.);
#1213=ORIENTED_EDGE('',*,*,#2558,.F.);
#1214=ORIENTED_EDGE('',*,*,#2559,.T.);
#1215=ORIENTED_EDGE('',*,*,#2556,.T.);
#1216=ORIENTED_EDGE('',*,*,#2246,.F.);
#1217=ORIENTED_EDGE('',*,*,#2560,.F.);
#1218=ORIENTED_EDGE('',*,*,#2561,.T.);
#1219=ORIENTED_EDGE('',*,*,#2558,.T.);
#1220=ORIENTED_EDGE('',*,*,#2245,.F.);
#1221=ORIENTED_EDGE('',*,*,#2562,.F.);
#1222=ORIENTED_EDGE('',*,*,#2563,.T.);
#1223=ORIENTED_EDGE('',*,*,#2560,.T.);
#1224=ORIENTED_EDGE('',*,*,#2244,.F.);
#1225=ORIENTED_EDGE('',*,*,#2564,.F.);
#1226=ORIENTED_EDGE('',*,*,#2565,.T.);
#1227=ORIENTED_EDGE('',*,*,#2562,.T.);
#1228=ORIENTED_EDGE('',*,*,#2243,.F.);
#1229=ORIENTED_EDGE('',*,*,#2511,.F.);
#1230=ORIENTED_EDGE('',*,*,#2566,.T.);
#1231=ORIENTED_EDGE('',*,*,#2564,.T.);
#1232=ORIENTED_EDGE('',*,*,#2510,.F.);
#1233=ORIENTED_EDGE('',*,*,#2513,.F.);
#1234=ORIENTED_EDGE('',*,*,#2515,.F.);
#1235=ORIENTED_EDGE('',*,*,#2517,.F.);
#1236=ORIENTED_EDGE('',*,*,#2519,.F.);
#1237=ORIENTED_EDGE('',*,*,#2521,.F.);
#1238=ORIENTED_EDGE('',*,*,#2523,.F.);
#1239=ORIENTED_EDGE('',*,*,#2525,.F.);
#1240=ORIENTED_EDGE('',*,*,#2527,.F.);
#1241=ORIENTED_EDGE('',*,*,#2529,.F.);
#1242=ORIENTED_EDGE('',*,*,#2531,.F.);
#1243=ORIENTED_EDGE('',*,*,#2533,.F.);
#1244=ORIENTED_EDGE('',*,*,#2535,.F.);
#1245=ORIENTED_EDGE('',*,*,#2537,.F.);
#1246=ORIENTED_EDGE('',*,*,#2539,.F.);
#1247=ORIENTED_EDGE('',*,*,#2541,.F.);
#1248=ORIENTED_EDGE('',*,*,#2543,.F.);
#1249=ORIENTED_EDGE('',*,*,#2545,.F.);
#1250=ORIENTED_EDGE('',*,*,#2547,.F.);
#1251=ORIENTED_EDGE('',*,*,#2549,.F.);
#1252=ORIENTED_EDGE('',*,*,#2551,.F.);
#1253=ORIENTED_EDGE('',*,*,#2553,.F.);
#1254=ORIENTED_EDGE('',*,*,#2555,.F.);
#1255=ORIENTED_EDGE('',*,*,#2557,.F.);
#1256=ORIENTED_EDGE('',*,*,#2559,.F.);
#1257=ORIENTED_EDGE('',*,*,#2561,.F.);
#1258=ORIENTED_EDGE('',*,*,#2563,.F.);
#1259=ORIENTED_EDGE('',*,*,#2565,.F.);
#1260=ORIENTED_EDGE('',*,*,#2566,.F.);
#1261=ORIENTED_EDGE('',*,*,#2271,.F.);
#1262=ORIENTED_EDGE('',*,*,#2567,.F.);
#1263=ORIENTED_EDGE('',*,*,#2568,.T.);
#1264=ORIENTED_EDGE('',*,*,#2569,.T.);
#1265=ORIENTED_EDGE('',*,*,#2270,.F.);
#1266=ORIENTED_EDGE('',*,*,#2570,.F.);
#1267=ORIENTED_EDGE('',*,*,#2571,.T.);
#1268=ORIENTED_EDGE('',*,*,#2567,.T.);
#1269=ORIENTED_EDGE('',*,*,#2290,.F.);
#1270=ORIENTED_EDGE('',*,*,#2572,.F.);
#1271=ORIENTED_EDGE('',*,*,#2573,.T.);
#1272=ORIENTED_EDGE('',*,*,#2570,.T.);
#1273=ORIENTED_EDGE('',*,*,#2289,.F.);
#1274=ORIENTED_EDGE('',*,*,#2574,.F.);
#1275=ORIENTED_EDGE('',*,*,#2575,.T.);
#1276=ORIENTED_EDGE('',*,*,#2572,.T.);
#1277=ORIENTED_EDGE('',*,*,#2288,.F.);
#1278=ORIENTED_EDGE('',*,*,#2576,.F.);
#1279=ORIENTED_EDGE('',*,*,#2577,.T.);
#1280=ORIENTED_EDGE('',*,*,#2574,.T.);
#1281=ORIENTED_EDGE('',*,*,#2287,.F.);
#1282=ORIENTED_EDGE('',*,*,#2578,.F.);
#1283=ORIENTED_EDGE('',*,*,#2579,.T.);
#1284=ORIENTED_EDGE('',*,*,#2576,.T.);
#1285=ORIENTED_EDGE('',*,*,#2286,.F.);
#1286=ORIENTED_EDGE('',*,*,#2580,.F.);
#1287=ORIENTED_EDGE('',*,*,#2581,.T.);
#1288=ORIENTED_EDGE('',*,*,#2578,.T.);
#1289=ORIENTED_EDGE('',*,*,#2285,.F.);
#1290=ORIENTED_EDGE('',*,*,#2582,.F.);
#1291=ORIENTED_EDGE('',*,*,#2583,.T.);
#1292=ORIENTED_EDGE('',*,*,#2580,.T.);
#1293=ORIENTED_EDGE('',*,*,#2284,.F.);
#1294=ORIENTED_EDGE('',*,*,#2584,.F.);
#1295=ORIENTED_EDGE('',*,*,#2585,.T.);
#1296=ORIENTED_EDGE('',*,*,#2582,.T.);
#1297=ORIENTED_EDGE('',*,*,#2283,.F.);
#1298=ORIENTED_EDGE('',*,*,#2586,.F.);
#1299=ORIENTED_EDGE('',*,*,#2587,.T.);
#1300=ORIENTED_EDGE('',*,*,#2584,.T.);
#1301=ORIENTED_EDGE('',*,*,#2282,.F.);
#1302=ORIENTED_EDGE('',*,*,#2588,.F.);
#1303=ORIENTED_EDGE('',*,*,#2589,.T.);
#1304=ORIENTED_EDGE('',*,*,#2586,.T.);
#1305=ORIENTED_EDGE('',*,*,#2281,.F.);
#1306=ORIENTED_EDGE('',*,*,#2590,.F.);
#1307=ORIENTED_EDGE('',*,*,#2591,.T.);
#1308=ORIENTED_EDGE('',*,*,#2588,.T.);
#1309=ORIENTED_EDGE('',*,*,#2280,.F.);
#1310=ORIENTED_EDGE('',*,*,#2592,.F.);
#1311=ORIENTED_EDGE('',*,*,#2593,.T.);
#1312=ORIENTED_EDGE('',*,*,#2590,.T.);
#1313=ORIENTED_EDGE('',*,*,#2279,.F.);
#1314=ORIENTED_EDGE('',*,*,#2594,.F.);
#1315=ORIENTED_EDGE('',*,*,#2595,.T.);
#1316=ORIENTED_EDGE('',*,*,#2592,.T.);
#1317=ORIENTED_EDGE('',*,*,#2278,.F.);
#1318=ORIENTED_EDGE('',*,*,#2596,.F.);
#1319=ORIENTED_EDGE('',*,*,#2597,.T.);
#1320=ORIENTED_EDGE('',*,*,#2594,.T.);
#1321=ORIENTED_EDGE('',*,*,#2277,.F.);
#1322=ORIENTED_EDGE('',*,*,#2598,.F.);
#1323=ORIENTED_EDGE('',*,*,#2599,.T.);
#1324=ORIENTED_EDGE('',*,*,#2596,.T.);
#1325=ORIENTED_EDGE('',*,*,#2276,.F.);
#1326=ORIENTED_EDGE('',*,*,#2600,.F.);
#1327=ORIENTED_EDGE('',*,*,#2601,.T.);
#1328=ORIENTED_EDGE('',*,*,#2598,.T.);
#1329=ORIENTED_EDGE('',*,*,#2275,.F.);
#1330=ORIENTED_EDGE('',*,*,#2602,.F.);
#1331=ORIENTED_EDGE('',*,*,#2603,.T.);
#1332=ORIENTED_EDGE('',*,*,#2600,.T.);
#1333=ORIENTED_EDGE('',*,*,#2274,.F.);
#1334=ORIENTED_EDGE('',*,*,#2604,.F.);
#1335=ORIENTED_EDGE('',*,*,#2605,.T.);
#1336=ORIENTED_EDGE('',*,*,#2602,.T.);
#1337=ORIENTED_EDGE('',*,*,#2273,.F.);
#1338=ORIENTED_EDGE('',*,*,#2606,.F.);
#1339=ORIENTED_EDGE('',*,*,#2607,.T.);
#1340=ORIENTED_EDGE('',*,*,#2604,.T.);
#1341=ORIENTED_EDGE('',*,*,#2272,.F.);
#1342=ORIENTED_EDGE('',*,*,#2569,.F.);
#1343=ORIENTED_EDGE('',*,*,#2608,.T.);
#1344=ORIENTED_EDGE('',*,*,#2606,.T.);
#1345=ORIENTED_EDGE('',*,*,#2568,.F.);
#1346=ORIENTED_EDGE('',*,*,#2571,.F.);
#1347=ORIENTED_EDGE('',*,*,#2573,.F.);
#1348=ORIENTED_EDGE('',*,*,#2575,.F.);
#1349=ORIENTED_EDGE('',*,*,#2577,.F.);
#1350=ORIENTED_EDGE('',*,*,#2579,.F.);
#1351=ORIENTED_EDGE('',*,*,#2581,.F.);
#1352=ORIENTED_EDGE('',*,*,#2583,.F.);
#1353=ORIENTED_EDGE('',*,*,#2585,.F.);
#1354=ORIENTED_EDGE('',*,*,#2587,.F.);
#1355=ORIENTED_EDGE('',*,*,#2589,.F.);
#1356=ORIENTED_EDGE('',*,*,#2591,.F.);
#1357=ORIENTED_EDGE('',*,*,#2593,.F.);
#1358=ORIENTED_EDGE('',*,*,#2595,.F.);
#1359=ORIENTED_EDGE('',*,*,#2597,.F.);
#1360=ORIENTED_EDGE('',*,*,#2599,.F.);
#1361=ORIENTED_EDGE('',*,*,#2601,.F.);
#1362=ORIENTED_EDGE('',*,*,#2603,.F.);
#1363=ORIENTED_EDGE('',*,*,#2605,.F.);
#1364=ORIENTED_EDGE('',*,*,#2607,.F.);
#1365=ORIENTED_EDGE('',*,*,#2608,.F.);
#1366=ORIENTED_EDGE('',*,*,#2292,.F.);
#1367=ORIENTED_EDGE('',*,*,#2609,.F.);
#1368=ORIENTED_EDGE('',*,*,#2610,.T.);
#1369=ORIENTED_EDGE('',*,*,#2611,.T.);
#1370=ORIENTED_EDGE('',*,*,#2291,.F.);
#1371=ORIENTED_EDGE('',*,*,#2612,.F.);
#1372=ORIENTED_EDGE('',*,*,#2613,.T.);
#1373=ORIENTED_EDGE('',*,*,#2609,.T.);
#1374=ORIENTED_EDGE('',*,*,#2315,.F.);
#1375=ORIENTED_EDGE('',*,*,#2614,.F.);
#1376=ORIENTED_EDGE('',*,*,#2615,.T.);
#1377=ORIENTED_EDGE('',*,*,#2612,.T.);
#1378=ORIENTED_EDGE('',*,*,#2314,.F.);
#1379=ORIENTED_EDGE('',*,*,#2616,.F.);
#1380=ORIENTED_EDGE('',*,*,#2617,.T.);
#1381=ORIENTED_EDGE('',*,*,#2614,.T.);
#1382=ORIENTED_EDGE('',*,*,#2313,.F.);
#1383=ORIENTED_EDGE('',*,*,#2618,.F.);
#1384=ORIENTED_EDGE('',*,*,#2619,.T.);
#1385=ORIENTED_EDGE('',*,*,#2616,.T.);
#1386=ORIENTED_EDGE('',*,*,#2312,.F.);
#1387=ORIENTED_EDGE('',*,*,#2620,.F.);
#1388=ORIENTED_EDGE('',*,*,#2621,.T.);
#1389=ORIENTED_EDGE('',*,*,#2618,.T.);
#1390=ORIENTED_EDGE('',*,*,#2311,.F.);
#1391=ORIENTED_EDGE('',*,*,#2622,.F.);
#1392=ORIENTED_EDGE('',*,*,#2623,.T.);
#1393=ORIENTED_EDGE('',*,*,#2620,.T.);
#1394=ORIENTED_EDGE('',*,*,#2310,.F.);
#1395=ORIENTED_EDGE('',*,*,#2624,.F.);
#1396=ORIENTED_EDGE('',*,*,#2625,.T.);
#1397=ORIENTED_EDGE('',*,*,#2622,.T.);
#1398=ORIENTED_EDGE('',*,*,#2309,.F.);
#1399=ORIENTED_EDGE('',*,*,#2626,.F.);
#1400=ORIENTED_EDGE('',*,*,#2627,.T.);
#1401=ORIENTED_EDGE('',*,*,#2624,.T.);
#1402=ORIENTED_EDGE('',*,*,#2308,.F.);
#1403=ORIENTED_EDGE('',*,*,#2628,.F.);
#1404=ORIENTED_EDGE('',*,*,#2629,.T.);
#1405=ORIENTED_EDGE('',*,*,#2626,.T.);
#1406=ORIENTED_EDGE('',*,*,#2307,.F.);
#1407=ORIENTED_EDGE('',*,*,#2630,.F.);
#1408=ORIENTED_EDGE('',*,*,#2631,.T.);
#1409=ORIENTED_EDGE('',*,*,#2628,.T.);
#1410=ORIENTED_EDGE('',*,*,#2306,.F.);
#1411=ORIENTED_EDGE('',*,*,#2632,.F.);
#1412=ORIENTED_EDGE('',*,*,#2633,.T.);
#1413=ORIENTED_EDGE('',*,*,#2630,.T.);
#1414=ORIENTED_EDGE('',*,*,#2305,.F.);
#1415=ORIENTED_EDGE('',*,*,#2634,.F.);
#1416=ORIENTED_EDGE('',*,*,#2635,.T.);
#1417=ORIENTED_EDGE('',*,*,#2632,.T.);
#1418=ORIENTED_EDGE('',*,*,#2304,.F.);
#1419=ORIENTED_EDGE('',*,*,#2636,.F.);
#1420=ORIENTED_EDGE('',*,*,#2637,.T.);
#1421=ORIENTED_EDGE('',*,*,#2634,.T.);
#1422=ORIENTED_EDGE('',*,*,#2303,.F.);
#1423=ORIENTED_EDGE('',*,*,#2638,.F.);
#1424=ORIENTED_EDGE('',*,*,#2639,.T.);
#1425=ORIENTED_EDGE('',*,*,#2636,.T.);
#1426=ORIENTED_EDGE('',*,*,#2302,.F.);
#1427=ORIENTED_EDGE('',*,*,#2640,.F.);
#1428=ORIENTED_EDGE('',*,*,#2641,.T.);
#1429=ORIENTED_EDGE('',*,*,#2638,.T.);
#1430=ORIENTED_EDGE('',*,*,#2301,.F.);
#1431=ORIENTED_EDGE('',*,*,#2642,.F.);
#1432=ORIENTED_EDGE('',*,*,#2643,.T.);
#1433=ORIENTED_EDGE('',*,*,#2640,.T.);
#1434=ORIENTED_EDGE('',*,*,#2300,.F.);
#1435=ORIENTED_EDGE('',*,*,#2644,.F.);
#1436=ORIENTED_EDGE('',*,*,#2645,.T.);
#1437=ORIENTED_EDGE('',*,*,#2642,.T.);
#1438=ORIENTED_EDGE('',*,*,#2299,.F.);
#1439=ORIENTED_EDGE('',*,*,#2646,.F.);
#1440=ORIENTED_EDGE('',*,*,#2647,.T.);
#1441=ORIENTED_EDGE('',*,*,#2644,.T.);
#1442=ORIENTED_EDGE('',*,*,#2298,.F.);
#1443=ORIENTED_EDGE('',*,*,#2648,.F.);
#1444=ORIENTED_EDGE('',*,*,#2649,.T.);
#1445=ORIENTED_EDGE('',*,*,#2646,.T.);
#1446=ORIENTED_EDGE('',*,*,#2297,.F.);
#1447=ORIENTED_EDGE('',*,*,#2650,.F.);
#1448=ORIENTED_EDGE('',*,*,#2651,.T.);
#1449=ORIENTED_EDGE('',*,*,#2648,.T.);
#1450=ORIENTED_EDGE('',*,*,#2296,.F.);
#1451=ORIENTED_EDGE('',*,*,#2652,.F.);
#1452=ORIENTED_EDGE('',*,*,#2653,.T.);
#1453=ORIENTED_EDGE('',*,*,#2650,.T.);
#1454=ORIENTED_EDGE('',*,*,#2295,.F.);
#1455=ORIENTED_EDGE('',*,*,#2654,.F.);
#1456=ORIENTED_EDGE('',*,*,#2655,.T.);
#1457=ORIENTED_EDGE('',*,*,#2652,.T.);
#1458=ORIENTED_EDGE('',*,*,#2294,.F.);
#1459=ORIENTED_EDGE('',*,*,#2656,.F.);
#1460=ORIENTED_EDGE('',*,*,#2657,.T.);
#1461=ORIENTED_EDGE('',*,*,#2654,.T.);
#1462=ORIENTED_EDGE('',*,*,#2293,.F.);
#1463=ORIENTED_EDGE('',*,*,#2611,.F.);
#1464=ORIENTED_EDGE('',*,*,#2658,.T.);
#1465=ORIENTED_EDGE('',*,*,#2656,.T.);
#1466=ORIENTED_EDGE('',*,*,#2610,.F.);
#1467=ORIENTED_EDGE('',*,*,#2613,.F.);
#1468=ORIENTED_EDGE('',*,*,#2615,.F.);
#1469=ORIENTED_EDGE('',*,*,#2617,.F.);
#1470=ORIENTED_EDGE('',*,*,#2619,.F.);
#1471=ORIENTED_EDGE('',*,*,#2621,.F.);
#1472=ORIENTED_EDGE('',*,*,#2623,.F.);
#1473=ORIENTED_EDGE('',*,*,#2625,.F.);
#1474=ORIENTED_EDGE('',*,*,#2627,.F.);
#1475=ORIENTED_EDGE('',*,*,#2629,.F.);
#1476=ORIENTED_EDGE('',*,*,#2631,.F.);
#1477=ORIENTED_EDGE('',*,*,#2633,.F.);
#1478=ORIENTED_EDGE('',*,*,#2635,.F.);
#1479=ORIENTED_EDGE('',*,*,#2637,.F.);
#1480=ORIENTED_EDGE('',*,*,#2639,.F.);
#1481=ORIENTED_EDGE('',*,*,#2641,.F.);
#1482=ORIENTED_EDGE('',*,*,#2643,.F.);
#1483=ORIENTED_EDGE('',*,*,#2645,.F.);
#1484=ORIENTED_EDGE('',*,*,#2647,.F.);
#1485=ORIENTED_EDGE('',*,*,#2649,.F.);
#1486=ORIENTED_EDGE('',*,*,#2651,.F.);
#1487=ORIENTED_EDGE('',*,*,#2653,.F.);
#1488=ORIENTED_EDGE('',*,*,#2655,.F.);
#1489=ORIENTED_EDGE('',*,*,#2657,.F.);
#1490=ORIENTED_EDGE('',*,*,#2658,.F.);
#1491=ORIENTED_EDGE('',*,*,#2317,.F.);
#1492=ORIENTED_EDGE('',*,*,#2659,.F.);
#1493=ORIENTED_EDGE('',*,*,#2660,.T.);
#1494=ORIENTED_EDGE('',*,*,#2661,.T.);
#1495=ORIENTED_EDGE('',*,*,#2316,.F.);
#1496=ORIENTED_EDGE('',*,*,#2662,.F.);
#1497=ORIENTED_EDGE('',*,*,#2663,.T.);
#1498=ORIENTED_EDGE('',*,*,#2659,.T.);
#1499=ORIENTED_EDGE('',*,*,#2338,.F.);
#1500=ORIENTED_EDGE('',*,*,#2664,.F.);
#1501=ORIENTED_EDGE('',*,*,#2665,.T.);
#1502=ORIENTED_EDGE('',*,*,#2662,.T.);
#1503=ORIENTED_EDGE('',*,*,#2337,.F.);
#1504=ORIENTED_EDGE('',*,*,#2666,.F.);
#1505=ORIENTED_EDGE('',*,*,#2667,.T.);
#1506=ORIENTED_EDGE('',*,*,#2664,.T.);
#1507=ORIENTED_EDGE('',*,*,#2336,.F.);
#1508=ORIENTED_EDGE('',*,*,#2668,.F.);
#1509=ORIENTED_EDGE('',*,*,#2669,.T.);
#1510=ORIENTED_EDGE('',*,*,#2666,.T.);
#1511=ORIENTED_EDGE('',*,*,#2335,.F.);
#1512=ORIENTED_EDGE('',*,*,#2670,.F.);
#1513=ORIENTED_EDGE('',*,*,#2671,.T.);
#1514=ORIENTED_EDGE('',*,*,#2668,.T.);
#1515=ORIENTED_EDGE('',*,*,#2334,.F.);
#1516=ORIENTED_EDGE('',*,*,#2672,.F.);
#1517=ORIENTED_EDGE('',*,*,#2673,.T.);
#1518=ORIENTED_EDGE('',*,*,#2670,.T.);
#1519=ORIENTED_EDGE('',*,*,#2333,.F.);
#1520=ORIENTED_EDGE('',*,*,#2674,.F.);
#1521=ORIENTED_EDGE('',*,*,#2675,.T.);
#1522=ORIENTED_EDGE('',*,*,#2672,.T.);
#1523=ORIENTED_EDGE('',*,*,#2332,.F.);
#1524=ORIENTED_EDGE('',*,*,#2676,.F.);
#1525=ORIENTED_EDGE('',*,*,#2677,.T.);
#1526=ORIENTED_EDGE('',*,*,#2674,.T.);
#1527=ORIENTED_EDGE('',*,*,#2331,.F.);
#1528=ORIENTED_EDGE('',*,*,#2678,.F.);
#1529=ORIENTED_EDGE('',*,*,#2679,.T.);
#1530=ORIENTED_EDGE('',*,*,#2676,.T.);
#1531=ORIENTED_EDGE('',*,*,#2330,.F.);
#1532=ORIENTED_EDGE('',*,*,#2680,.F.);
#1533=ORIENTED_EDGE('',*,*,#2681,.T.);
#1534=ORIENTED_EDGE('',*,*,#2678,.T.);
#1535=ORIENTED_EDGE('',*,*,#2329,.F.);
#1536=ORIENTED_EDGE('',*,*,#2682,.F.);
#1537=ORIENTED_EDGE('',*,*,#2683,.T.);
#1538=ORIENTED_EDGE('',*,*,#2680,.T.);
#1539=ORIENTED_EDGE('',*,*,#2328,.F.);
#1540=ORIENTED_EDGE('',*,*,#2684,.F.);
#1541=ORIENTED_EDGE('',*,*,#2685,.T.);
#1542=ORIENTED_EDGE('',*,*,#2682,.T.);
#1543=ORIENTED_EDGE('',*,*,#2327,.F.);
#1544=ORIENTED_EDGE('',*,*,#2686,.F.);
#1545=ORIENTED_EDGE('',*,*,#2687,.T.);
#1546=ORIENTED_EDGE('',*,*,#2684,.T.);
#1547=ORIENTED_EDGE('',*,*,#2326,.F.);
#1548=ORIENTED_EDGE('',*,*,#2688,.F.);
#1549=ORIENTED_EDGE('',*,*,#2689,.T.);
#1550=ORIENTED_EDGE('',*,*,#2686,.T.);
#1551=ORIENTED_EDGE('',*,*,#2325,.F.);
#1552=ORIENTED_EDGE('',*,*,#2690,.F.);
#1553=ORIENTED_EDGE('',*,*,#2691,.T.);
#1554=ORIENTED_EDGE('',*,*,#2688,.T.);
#1555=ORIENTED_EDGE('',*,*,#2324,.F.);
#1556=ORIENTED_EDGE('',*,*,#2692,.F.);
#1557=ORIENTED_EDGE('',*,*,#2693,.T.);
#1558=ORIENTED_EDGE('',*,*,#2690,.T.);
#1559=ORIENTED_EDGE('',*,*,#2323,.F.);
#1560=ORIENTED_EDGE('',*,*,#2694,.F.);
#1561=ORIENTED_EDGE('',*,*,#2695,.T.);
#1562=ORIENTED_EDGE('',*,*,#2692,.T.);
#1563=ORIENTED_EDGE('',*,*,#2322,.F.);
#1564=ORIENTED_EDGE('',*,*,#2696,.F.);
#1565=ORIENTED_EDGE('',*,*,#2697,.T.);
#1566=ORIENTED_EDGE('',*,*,#2694,.T.);
#1567=ORIENTED_EDGE('',*,*,#2321,.F.);
#1568=ORIENTED_EDGE('',*,*,#2698,.F.);
#1569=ORIENTED_EDGE('',*,*,#2699,.T.);
#1570=ORIENTED_EDGE('',*,*,#2696,.T.);
#1571=ORIENTED_EDGE('',*,*,#2320,.F.);
#1572=ORIENTED_EDGE('',*,*,#2700,.F.);
#1573=ORIENTED_EDGE('',*,*,#2701,.T.);
#1574=ORIENTED_EDGE('',*,*,#2698,.T.);
#1575=ORIENTED_EDGE('',*,*,#2319,.F.);
#1576=ORIENTED_EDGE('',*,*,#2702,.F.);
#1577=ORIENTED_EDGE('',*,*,#2703,.T.);
#1578=ORIENTED_EDGE('',*,*,#2700,.T.);
#1579=ORIENTED_EDGE('',*,*,#2704,.F.);
#1580=ORIENTED_EDGE('',*,*,#2705,.F.);
#1581=ORIENTED_EDGE('',*,*,#2706,.T.);
#1582=ORIENTED_EDGE('',*,*,#2707,.T.);
#1583=ORIENTED_EDGE('',*,*,#2708,.F.);
#1584=ORIENTED_EDGE('',*,*,#2709,.F.);
#1585=ORIENTED_EDGE('',*,*,#2710,.T.);
#1586=ORIENTED_EDGE('',*,*,#2705,.T.);
#1587=ORIENTED_EDGE('',*,*,#2711,.F.);
#1588=ORIENTED_EDGE('',*,*,#2712,.F.);
#1589=ORIENTED_EDGE('',*,*,#2713,.T.);
#1590=ORIENTED_EDGE('',*,*,#2709,.T.);
#1591=ORIENTED_EDGE('',*,*,#2714,.F.);
#1592=ORIENTED_EDGE('',*,*,#2715,.F.);
#1593=ORIENTED_EDGE('',*,*,#2716,.T.);
#1594=ORIENTED_EDGE('',*,*,#2712,.T.);
#1595=ORIENTED_EDGE('',*,*,#2717,.F.);
#1596=ORIENTED_EDGE('',*,*,#2718,.F.);
#1597=ORIENTED_EDGE('',*,*,#2719,.T.);
#1598=ORIENTED_EDGE('',*,*,#2715,.T.);
#1599=ORIENTED_EDGE('',*,*,#2720,.F.);
#1600=ORIENTED_EDGE('',*,*,#2721,.F.);
#1601=ORIENTED_EDGE('',*,*,#2722,.T.);
#1602=ORIENTED_EDGE('',*,*,#2718,.T.);
#1603=ORIENTED_EDGE('',*,*,#2723,.F.);
#1604=ORIENTED_EDGE('',*,*,#2724,.F.);
#1605=ORIENTED_EDGE('',*,*,#2725,.T.);
#1606=ORIENTED_EDGE('',*,*,#2721,.T.);
#1607=ORIENTED_EDGE('',*,*,#2726,.F.);
#1608=ORIENTED_EDGE('',*,*,#2707,.F.);
#1609=ORIENTED_EDGE('',*,*,#2727,.T.);
#1610=ORIENTED_EDGE('',*,*,#2724,.T.);
#1611=ORIENTED_EDGE('',*,*,#2318,.F.);
#1612=ORIENTED_EDGE('',*,*,#2661,.F.);
#1613=ORIENTED_EDGE('',*,*,#2728,.T.);
#1614=ORIENTED_EDGE('',*,*,#2702,.T.);
#1615=ORIENTED_EDGE('',*,*,#2706,.F.);
#1616=ORIENTED_EDGE('',*,*,#2710,.F.);
#1617=ORIENTED_EDGE('',*,*,#2713,.F.);
#1618=ORIENTED_EDGE('',*,*,#2716,.F.);
#1619=ORIENTED_EDGE('',*,*,#2719,.F.);
#1620=ORIENTED_EDGE('',*,*,#2722,.F.);
#1621=ORIENTED_EDGE('',*,*,#2725,.F.);
#1622=ORIENTED_EDGE('',*,*,#2727,.F.);
#1623=ORIENTED_EDGE('',*,*,#2660,.F.);
#1624=ORIENTED_EDGE('',*,*,#2663,.F.);
#1625=ORIENTED_EDGE('',*,*,#2665,.F.);
#1626=ORIENTED_EDGE('',*,*,#2667,.F.);
#1627=ORIENTED_EDGE('',*,*,#2669,.F.);
#1628=ORIENTED_EDGE('',*,*,#2671,.F.);
#1629=ORIENTED_EDGE('',*,*,#2673,.F.);
#1630=ORIENTED_EDGE('',*,*,#2675,.F.);
#1631=ORIENTED_EDGE('',*,*,#2677,.F.);
#1632=ORIENTED_EDGE('',*,*,#2679,.F.);
#1633=ORIENTED_EDGE('',*,*,#2681,.F.);
#1634=ORIENTED_EDGE('',*,*,#2683,.F.);
#1635=ORIENTED_EDGE('',*,*,#2685,.F.);
#1636=ORIENTED_EDGE('',*,*,#2687,.F.);
#1637=ORIENTED_EDGE('',*,*,#2689,.F.);
#1638=ORIENTED_EDGE('',*,*,#2691,.F.);
#1639=ORIENTED_EDGE('',*,*,#2693,.F.);
#1640=ORIENTED_EDGE('',*,*,#2695,.F.);
#1641=ORIENTED_EDGE('',*,*,#2697,.F.);
#1642=ORIENTED_EDGE('',*,*,#2699,.F.);
#1643=ORIENTED_EDGE('',*,*,#2701,.F.);
#1644=ORIENTED_EDGE('',*,*,#2703,.F.);
#1645=ORIENTED_EDGE('',*,*,#2728,.F.);
#1646=ORIENTED_EDGE('',*,*,#2708,.T.);
#1647=ORIENTED_EDGE('',*,*,#2704,.T.);
#1648=ORIENTED_EDGE('',*,*,#2726,.T.);
#1649=ORIENTED_EDGE('',*,*,#2723,.T.);
#1650=ORIENTED_EDGE('',*,*,#2720,.T.);
#1651=ORIENTED_EDGE('',*,*,#2717,.T.);
#1652=ORIENTED_EDGE('',*,*,#2714,.T.);
#1653=ORIENTED_EDGE('',*,*,#2711,.T.);
#1654=ORIENTED_EDGE('',*,*,#2340,.F.);
#1655=ORIENTED_EDGE('',*,*,#2729,.F.);
#1656=ORIENTED_EDGE('',*,*,#2730,.T.);
#1657=ORIENTED_EDGE('',*,*,#2731,.T.);
#1658=ORIENTED_EDGE('',*,*,#2339,.F.);
#1659=ORIENTED_EDGE('',*,*,#2732,.F.);
#1660=ORIENTED_EDGE('',*,*,#2733,.T.);
#1661=ORIENTED_EDGE('',*,*,#2729,.T.);
#1662=ORIENTED_EDGE('',*,*,#2354,.F.);
#1663=ORIENTED_EDGE('',*,*,#2734,.F.);
#1664=ORIENTED_EDGE('',*,*,#2735,.T.);
#1665=ORIENTED_EDGE('',*,*,#2732,.T.);
#1666=ORIENTED_EDGE('',*,*,#2353,.F.);
#1667=ORIENTED_EDGE('',*,*,#2736,.F.);
#1668=ORIENTED_EDGE('',*,*,#2737,.T.);
#1669=ORIENTED_EDGE('',*,*,#2734,.T.);
#1670=ORIENTED_EDGE('',*,*,#2352,.F.);
#1671=ORIENTED_EDGE('',*,*,#2738,.F.);
#1672=ORIENTED_EDGE('',*,*,#2739,.T.);
#1673=ORIENTED_EDGE('',*,*,#2736,.T.);
#1674=ORIENTED_EDGE('',*,*,#2351,.F.);
#1675=ORIENTED_EDGE('',*,*,#2740,.F.);
#1676=ORIENTED_EDGE('',*,*,#2741,.T.);
#1677=ORIENTED_EDGE('',*,*,#2738,.T.);
#1678=ORIENTED_EDGE('',*,*,#2350,.F.);
#1679=ORIENTED_EDGE('',*,*,#2742,.F.);
#1680=ORIENTED_EDGE('',*,*,#2743,.T.);
#1681=ORIENTED_EDGE('',*,*,#2740,.T.);
#1682=ORIENTED_EDGE('',*,*,#2349,.F.);
#1683=ORIENTED_EDGE('',*,*,#2744,.F.);
#1684=ORIENTED_EDGE('',*,*,#2745,.T.);
#1685=ORIENTED_EDGE('',*,*,#2742,.T.);
#1686=ORIENTED_EDGE('',*,*,#2348,.F.);
#1687=ORIENTED_EDGE('',*,*,#2746,.F.);
#1688=ORIENTED_EDGE('',*,*,#2747,.T.);
#1689=ORIENTED_EDGE('',*,*,#2744,.T.);
#1690=ORIENTED_EDGE('',*,*,#2347,.F.);
#1691=ORIENTED_EDGE('',*,*,#2748,.F.);
#1692=ORIENTED_EDGE('',*,*,#2749,.T.);
#1693=ORIENTED_EDGE('',*,*,#2746,.T.);
#1694=ORIENTED_EDGE('',*,*,#2346,.F.);
#1695=ORIENTED_EDGE('',*,*,#2750,.F.);
#1696=ORIENTED_EDGE('',*,*,#2751,.T.);
#1697=ORIENTED_EDGE('',*,*,#2748,.T.);
#1698=ORIENTED_EDGE('',*,*,#2345,.F.);
#1699=ORIENTED_EDGE('',*,*,#2752,.F.);
#1700=ORIENTED_EDGE('',*,*,#2753,.T.);
#1701=ORIENTED_EDGE('',*,*,#2750,.T.);
#1702=ORIENTED_EDGE('',*,*,#2344,.F.);
#1703=ORIENTED_EDGE('',*,*,#2754,.F.);
#1704=ORIENTED_EDGE('',*,*,#2755,.T.);
#1705=ORIENTED_EDGE('',*,*,#2752,.T.);
#1706=ORIENTED_EDGE('',*,*,#2343,.F.);
#1707=ORIENTED_EDGE('',*,*,#2756,.F.);
#1708=ORIENTED_EDGE('',*,*,#2757,.T.);
#1709=ORIENTED_EDGE('',*,*,#2754,.T.);
#1710=ORIENTED_EDGE('',*,*,#2342,.F.);
#1711=ORIENTED_EDGE('',*,*,#2758,.F.);
#1712=ORIENTED_EDGE('',*,*,#2759,.T.);
#1713=ORIENTED_EDGE('',*,*,#2756,.T.);
#1714=ORIENTED_EDGE('',*,*,#2760,.F.);
#1715=ORIENTED_EDGE('',*,*,#2761,.F.);
#1716=ORIENTED_EDGE('',*,*,#2762,.T.);
#1717=ORIENTED_EDGE('',*,*,#2763,.T.);
#1718=ORIENTED_EDGE('',*,*,#2764,.F.);
#1719=ORIENTED_EDGE('',*,*,#2765,.F.);
#1720=ORIENTED_EDGE('',*,*,#2766,.T.);
#1721=ORIENTED_EDGE('',*,*,#2761,.T.);
#1722=ORIENTED_EDGE('',*,*,#2767,.F.);
#1723=ORIENTED_EDGE('',*,*,#2768,.F.);
#1724=ORIENTED_EDGE('',*,*,#2769,.T.);
#1725=ORIENTED_EDGE('',*,*,#2765,.T.);
#1726=ORIENTED_EDGE('',*,*,#2770,.F.);
#1727=ORIENTED_EDGE('',*,*,#2771,.F.);
#1728=ORIENTED_EDGE('',*,*,#2772,.T.);
#1729=ORIENTED_EDGE('',*,*,#2768,.T.);
#1730=ORIENTED_EDGE('',*,*,#2773,.F.);
#1731=ORIENTED_EDGE('',*,*,#2774,.F.);
#1732=ORIENTED_EDGE('',*,*,#2775,.T.);
#1733=ORIENTED_EDGE('',*,*,#2771,.T.);
#1734=ORIENTED_EDGE('',*,*,#2776,.F.);
#1735=ORIENTED_EDGE('',*,*,#2777,.F.);
#1736=ORIENTED_EDGE('',*,*,#2778,.T.);
#1737=ORIENTED_EDGE('',*,*,#2774,.T.);
#1738=ORIENTED_EDGE('',*,*,#2779,.F.);
#1739=ORIENTED_EDGE('',*,*,#2780,.F.);
#1740=ORIENTED_EDGE('',*,*,#2781,.T.);
#1741=ORIENTED_EDGE('',*,*,#2777,.T.);
#1742=ORIENTED_EDGE('',*,*,#2782,.F.);
#1743=ORIENTED_EDGE('',*,*,#2783,.F.);
#1744=ORIENTED_EDGE('',*,*,#2784,.T.);
#1745=ORIENTED_EDGE('',*,*,#2780,.T.);
#1746=ORIENTED_EDGE('',*,*,#2785,.F.);
#1747=ORIENTED_EDGE('',*,*,#2786,.F.);
#1748=ORIENTED_EDGE('',*,*,#2787,.T.);
#1749=ORIENTED_EDGE('',*,*,#2788,.T.);
#1750=ORIENTED_EDGE('',*,*,#2789,.F.);
#1751=ORIENTED_EDGE('',*,*,#2790,.F.);
#1752=ORIENTED_EDGE('',*,*,#2791,.T.);
#1753=ORIENTED_EDGE('',*,*,#2786,.T.);
#1754=ORIENTED_EDGE('',*,*,#2792,.F.);
#1755=ORIENTED_EDGE('',*,*,#2793,.F.);
#1756=ORIENTED_EDGE('',*,*,#2794,.T.);
#1757=ORIENTED_EDGE('',*,*,#2790,.T.);
#1758=ORIENTED_EDGE('',*,*,#2795,.F.);
#1759=ORIENTED_EDGE('',*,*,#2796,.F.);
#1760=ORIENTED_EDGE('',*,*,#2797,.T.);
#1761=ORIENTED_EDGE('',*,*,#2793,.T.);
#1762=ORIENTED_EDGE('',*,*,#2798,.F.);
#1763=ORIENTED_EDGE('',*,*,#2799,.F.);
#1764=ORIENTED_EDGE('',*,*,#2800,.T.);
#1765=ORIENTED_EDGE('',*,*,#2796,.T.);
#1766=ORIENTED_EDGE('',*,*,#2801,.F.);
#1767=ORIENTED_EDGE('',*,*,#2802,.F.);
#1768=ORIENTED_EDGE('',*,*,#2803,.T.);
#1769=ORIENTED_EDGE('',*,*,#2799,.T.);
#1770=ORIENTED_EDGE('',*,*,#2804,.F.);
#1771=ORIENTED_EDGE('',*,*,#2805,.F.);
#1772=ORIENTED_EDGE('',*,*,#2806,.T.);
#1773=ORIENTED_EDGE('',*,*,#2802,.T.);
#1774=ORIENTED_EDGE('',*,*,#2807,.F.);
#1775=ORIENTED_EDGE('',*,*,#2808,.F.);
#1776=ORIENTED_EDGE('',*,*,#2809,.T.);
#1777=ORIENTED_EDGE('',*,*,#2805,.T.);
#1778=ORIENTED_EDGE('',*,*,#2810,.F.);
#1779=ORIENTED_EDGE('',*,*,#2763,.F.);
#1780=ORIENTED_EDGE('',*,*,#2811,.T.);
#1781=ORIENTED_EDGE('',*,*,#2783,.T.);
#1782=ORIENTED_EDGE('',*,*,#2812,.F.);
#1783=ORIENTED_EDGE('',*,*,#2788,.F.);
#1784=ORIENTED_EDGE('',*,*,#2813,.T.);
#1785=ORIENTED_EDGE('',*,*,#2808,.T.);
#1786=ORIENTED_EDGE('',*,*,#2341,.F.);
#1787=ORIENTED_EDGE('',*,*,#2731,.F.);
#1788=ORIENTED_EDGE('',*,*,#2814,.T.);
#1789=ORIENTED_EDGE('',*,*,#2758,.T.);
#1790=ORIENTED_EDGE('',*,*,#2787,.F.);
#1791=ORIENTED_EDGE('',*,*,#2791,.F.);
#1792=ORIENTED_EDGE('',*,*,#2794,.F.);
#1793=ORIENTED_EDGE('',*,*,#2797,.F.);
#1794=ORIENTED_EDGE('',*,*,#2800,.F.);
#1795=ORIENTED_EDGE('',*,*,#2803,.F.);
#1796=ORIENTED_EDGE('',*,*,#2806,.F.);
#1797=ORIENTED_EDGE('',*,*,#2809,.F.);
#1798=ORIENTED_EDGE('',*,*,#2813,.F.);
#1799=ORIENTED_EDGE('',*,*,#2762,.F.);
#1800=ORIENTED_EDGE('',*,*,#2766,.F.);
#1801=ORIENTED_EDGE('',*,*,#2769,.F.);
#1802=ORIENTED_EDGE('',*,*,#2772,.F.);
#1803=ORIENTED_EDGE('',*,*,#2775,.F.);
#1804=ORIENTED_EDGE('',*,*,#2778,.F.);
#1805=ORIENTED_EDGE('',*,*,#2781,.F.);
#1806=ORIENTED_EDGE('',*,*,#2784,.F.);
#1807=ORIENTED_EDGE('',*,*,#2811,.F.);
#1808=ORIENTED_EDGE('',*,*,#2730,.F.);
#1809=ORIENTED_EDGE('',*,*,#2733,.F.);
#1810=ORIENTED_EDGE('',*,*,#2735,.F.);
#1811=ORIENTED_EDGE('',*,*,#2737,.F.);
#1812=ORIENTED_EDGE('',*,*,#2739,.F.);
#1813=ORIENTED_EDGE('',*,*,#2741,.F.);
#1814=ORIENTED_EDGE('',*,*,#2743,.F.);
#1815=ORIENTED_EDGE('',*,*,#2745,.F.);
#1816=ORIENTED_EDGE('',*,*,#2747,.F.);
#1817=ORIENTED_EDGE('',*,*,#2749,.F.);
#1818=ORIENTED_EDGE('',*,*,#2751,.F.);
#1819=ORIENTED_EDGE('',*,*,#2753,.F.);
#1820=ORIENTED_EDGE('',*,*,#2755,.F.);
#1821=ORIENTED_EDGE('',*,*,#2757,.F.);
#1822=ORIENTED_EDGE('',*,*,#2759,.F.);
#1823=ORIENTED_EDGE('',*,*,#2814,.F.);
#1824=ORIENTED_EDGE('',*,*,#2789,.T.);
#1825=ORIENTED_EDGE('',*,*,#2785,.T.);
#1826=ORIENTED_EDGE('',*,*,#2812,.T.);
#1827=ORIENTED_EDGE('',*,*,#2807,.T.);
#1828=ORIENTED_EDGE('',*,*,#2804,.T.);
#1829=ORIENTED_EDGE('',*,*,#2801,.T.);
#1830=ORIENTED_EDGE('',*,*,#2798,.T.);
#1831=ORIENTED_EDGE('',*,*,#2795,.T.);
#1832=ORIENTED_EDGE('',*,*,#2792,.T.);
#1833=ORIENTED_EDGE('',*,*,#2764,.T.);
#1834=ORIENTED_EDGE('',*,*,#2760,.T.);
#1835=ORIENTED_EDGE('',*,*,#2810,.T.);
#1836=ORIENTED_EDGE('',*,*,#2782,.T.);
#1837=ORIENTED_EDGE('',*,*,#2779,.T.);
#1838=ORIENTED_EDGE('',*,*,#2776,.T.);
#1839=ORIENTED_EDGE('',*,*,#2773,.T.);
#1840=ORIENTED_EDGE('',*,*,#2770,.T.);
#1841=ORIENTED_EDGE('',*,*,#2767,.T.);
#1842=ORIENTED_EDGE('',*,*,#2356,.F.);
#1843=ORIENTED_EDGE('',*,*,#2815,.F.);
#1844=ORIENTED_EDGE('',*,*,#2816,.T.);
#1845=ORIENTED_EDGE('',*,*,#2817,.T.);
#1846=ORIENTED_EDGE('',*,*,#2355,.F.);
#1847=ORIENTED_EDGE('',*,*,#2818,.F.);
#1848=ORIENTED_EDGE('',*,*,#2819,.T.);
#1849=ORIENTED_EDGE('',*,*,#2815,.T.);
#1850=ORIENTED_EDGE('',*,*,#2374,.F.);
#1851=ORIENTED_EDGE('',*,*,#2820,.F.);
#1852=ORIENTED_EDGE('',*,*,#2821,.T.);
#1853=ORIENTED_EDGE('',*,*,#2818,.T.);
#1854=ORIENTED_EDGE('',*,*,#2373,.F.);
#1855=ORIENTED_EDGE('',*,*,#2822,.F.);
#1856=ORIENTED_EDGE('',*,*,#2823,.T.);
#1857=ORIENTED_EDGE('',*,*,#2820,.T.);
#1858=ORIENTED_EDGE('',*,*,#2372,.F.);
#1859=ORIENTED_EDGE('',*,*,#2824,.F.);
#1860=ORIENTED_EDGE('',*,*,#2825,.T.);
#1861=ORIENTED_EDGE('',*,*,#2822,.T.);
#1862=ORIENTED_EDGE('',*,*,#2371,.F.);
#1863=ORIENTED_EDGE('',*,*,#2826,.F.);
#1864=ORIENTED_EDGE('',*,*,#2827,.T.);
#1865=ORIENTED_EDGE('',*,*,#2824,.T.);
#1866=ORIENTED_EDGE('',*,*,#2370,.F.);
#1867=ORIENTED_EDGE('',*,*,#2828,.F.);
#1868=ORIENTED_EDGE('',*,*,#2829,.T.);
#1869=ORIENTED_EDGE('',*,*,#2826,.T.);
#1870=ORIENTED_EDGE('',*,*,#2369,.F.);
#1871=ORIENTED_EDGE('',*,*,#2830,.F.);
#1872=ORIENTED_EDGE('',*,*,#2831,.T.);
#1873=ORIENTED_EDGE('',*,*,#2828,.T.);
#1874=ORIENTED_EDGE('',*,*,#2368,.F.);
#1875=ORIENTED_EDGE('',*,*,#2832,.F.);
#1876=ORIENTED_EDGE('',*,*,#2833,.T.);
#1877=ORIENTED_EDGE('',*,*,#2830,.T.);
#1878=ORIENTED_EDGE('',*,*,#2367,.F.);
#1879=ORIENTED_EDGE('',*,*,#2834,.F.);
#1880=ORIENTED_EDGE('',*,*,#2835,.T.);
#1881=ORIENTED_EDGE('',*,*,#2832,.T.);
#1882=ORIENTED_EDGE('',*,*,#2366,.F.);
#1883=ORIENTED_EDGE('',*,*,#2836,.F.);
#1884=ORIENTED_EDGE('',*,*,#2837,.T.);
#1885=ORIENTED_EDGE('',*,*,#2834,.T.);
#1886=ORIENTED_EDGE('',*,*,#2365,.F.);
#1887=ORIENTED_EDGE('',*,*,#2838,.F.);
#1888=ORIENTED_EDGE('',*,*,#2839,.T.);
#1889=ORIENTED_EDGE('',*,*,#2836,.T.);
#1890=ORIENTED_EDGE('',*,*,#2364,.F.);
#1891=ORIENTED_EDGE('',*,*,#2840,.F.);
#1892=ORIENTED_EDGE('',*,*,#2841,.T.);
#1893=ORIENTED_EDGE('',*,*,#2838,.T.);
#1894=ORIENTED_EDGE('',*,*,#2363,.F.);
#1895=ORIENTED_EDGE('',*,*,#2842,.F.);
#1896=ORIENTED_EDGE('',*,*,#2843,.T.);
#1897=ORIENTED_EDGE('',*,*,#2840,.T.);
#1898=ORIENTED_EDGE('',*,*,#2362,.F.);
#1899=ORIENTED_EDGE('',*,*,#2844,.F.);
#1900=ORIENTED_EDGE('',*,*,#2845,.T.);
#1901=ORIENTED_EDGE('',*,*,#2842,.T.);
#1902=ORIENTED_EDGE('',*,*,#2361,.F.);
#1903=ORIENTED_EDGE('',*,*,#2846,.F.);
#1904=ORIENTED_EDGE('',*,*,#2847,.T.);
#1905=ORIENTED_EDGE('',*,*,#2844,.T.);
#1906=ORIENTED_EDGE('',*,*,#2360,.F.);
#1907=ORIENTED_EDGE('',*,*,#2848,.F.);
#1908=ORIENTED_EDGE('',*,*,#2849,.T.);
#1909=ORIENTED_EDGE('',*,*,#2846,.T.);
#1910=ORIENTED_EDGE('',*,*,#2359,.F.);
#1911=ORIENTED_EDGE('',*,*,#2850,.F.);
#1912=ORIENTED_EDGE('',*,*,#2851,.T.);
#1913=ORIENTED_EDGE('',*,*,#2848,.T.);
#1914=ORIENTED_EDGE('',*,*,#2358,.F.);
#1915=ORIENTED_EDGE('',*,*,#2852,.F.);
#1916=ORIENTED_EDGE('',*,*,#2853,.T.);
#1917=ORIENTED_EDGE('',*,*,#2850,.T.);
#1918=ORIENTED_EDGE('',*,*,#2357,.F.);
#1919=ORIENTED_EDGE('',*,*,#2817,.F.);
#1920=ORIENTED_EDGE('',*,*,#2854,.T.);
#1921=ORIENTED_EDGE('',*,*,#2852,.T.);
#1922=ORIENTED_EDGE('',*,*,#2816,.F.);
#1923=ORIENTED_EDGE('',*,*,#2819,.F.);
#1924=ORIENTED_EDGE('',*,*,#2821,.F.);
#1925=ORIENTED_EDGE('',*,*,#2823,.F.);
#1926=ORIENTED_EDGE('',*,*,#2825,.F.);
#1927=ORIENTED_EDGE('',*,*,#2827,.F.);
#1928=ORIENTED_EDGE('',*,*,#2829,.F.);
#1929=ORIENTED_EDGE('',*,*,#2831,.F.);
#1930=ORIENTED_EDGE('',*,*,#2833,.F.);
#1931=ORIENTED_EDGE('',*,*,#2835,.F.);
#1932=ORIENTED_EDGE('',*,*,#2837,.F.);
#1933=ORIENTED_EDGE('',*,*,#2839,.F.);
#1934=ORIENTED_EDGE('',*,*,#2841,.F.);
#1935=ORIENTED_EDGE('',*,*,#2843,.F.);
#1936=ORIENTED_EDGE('',*,*,#2845,.F.);
#1937=ORIENTED_EDGE('',*,*,#2847,.F.);
#1938=ORIENTED_EDGE('',*,*,#2849,.F.);
#1939=ORIENTED_EDGE('',*,*,#2851,.F.);
#1940=ORIENTED_EDGE('',*,*,#2853,.F.);
#1941=ORIENTED_EDGE('',*,*,#2854,.F.);
#1942=ORIENTED_EDGE('',*,*,#2855,.T.);
#1943=ORIENTED_EDGE('',*,*,#2856,.T.);
#1944=ORIENTED_EDGE('',*,*,#2857,.F.);
#1945=ORIENTED_EDGE('',*,*,#2858,.F.);
#1946=ORIENTED_EDGE('',*,*,#2859,.T.);
#1947=ORIENTED_EDGE('',*,*,#2860,.T.);
#1948=ORIENTED_EDGE('',*,*,#2861,.F.);
#1949=ORIENTED_EDGE('',*,*,#2862,.F.);
#1950=ORIENTED_EDGE('',*,*,#2863,.T.);
#1951=ORIENTED_EDGE('',*,*,#2864,.T.);
#1952=ORIENTED_EDGE('',*,*,#2865,.F.);
#1953=ORIENTED_EDGE('',*,*,#2866,.T.);
#1954=ORIENTED_EDGE('',*,*,#2867,.T.);
#1955=ORIENTED_EDGE('',*,*,#2868,.F.);
#1956=ORIENTED_EDGE('',*,*,#2869,.F.);
#1957=ORIENTED_EDGE('',*,*,#2870,.F.);
#1958=ORIENTED_EDGE('',*,*,#2871,.T.);
#1959=ORIENTED_EDGE('',*,*,#2872,.T.);
#1960=ORIENTED_EDGE('',*,*,#2873,.F.);
#1961=ORIENTED_EDGE('',*,*,#2874,.F.);
#1962=ORIENTED_EDGE('',*,*,#2875,.F.);
#1963=ORIENTED_EDGE('',*,*,#2876,.T.);
#1964=ORIENTED_EDGE('',*,*,#2877,.T.);
#1965=ORIENTED_EDGE('',*,*,#2878,.T.);
#1966=ORIENTED_EDGE('',*,*,#2879,.T.);
#1967=ORIENTED_EDGE('',*,*,#2880,.T.);
#1968=ORIENTED_EDGE('',*,*,#2881,.F.);
#1969=ORIENTED_EDGE('',*,*,#2882,.F.);
#1970=ORIENTED_EDGE('',*,*,#2883,.F.);
#1971=ORIENTED_EDGE('',*,*,#2884,.T.);
#1972=ORIENTED_EDGE('',*,*,#2885,.F.);
#1973=ORIENTED_EDGE('',*,*,#2886,.F.);
#1974=ORIENTED_EDGE('',*,*,#2887,.T.);
#1975=ORIENTED_EDGE('',*,*,#2888,.T.);
#1976=ORIENTED_EDGE('',*,*,#2889,.F.);
#1977=ORIENTED_EDGE('',*,*,#2890,.F.);
#1978=ORIENTED_EDGE('',*,*,#2891,.T.);
#1979=ORIENTED_EDGE('',*,*,#2892,.T.);
#1980=ORIENTED_EDGE('',*,*,#2893,.F.);
#1981=ORIENTED_EDGE('',*,*,#2894,.F.);
#1982=ORIENTED_EDGE('',*,*,#2895,.T.);
#1983=ORIENTED_EDGE('',*,*,#2896,.T.);
#1984=ORIENTED_EDGE('',*,*,#2897,.T.);
#1985=ORIENTED_EDGE('',*,*,#2898,.F.);
#1986=ORIENTED_EDGE('',*,*,#2899,.F.);
#1987=ORIENTED_EDGE('',*,*,#2900,.T.);
#1988=ORIENTED_EDGE('',*,*,#2901,.T.);
#1989=ORIENTED_EDGE('',*,*,#2902,.F.);
#1990=ORIENTED_EDGE('',*,*,#2903,.F.);
#1991=ORIENTED_EDGE('',*,*,#2904,.T.);
#1992=ORIENTED_EDGE('',*,*,#2905,.T.);
#1993=ORIENTED_EDGE('',*,*,#2906,.T.);
#1994=ORIENTED_EDGE('',*,*,#2907,.F.);
#1995=ORIENTED_EDGE('',*,*,#2908,.T.);
#1996=ORIENTED_EDGE('',*,*,#2909,.T.);
#1997=ORIENTED_EDGE('',*,*,#2910,.F.);
#1998=ORIENTED_EDGE('',*,*,#2911,.T.);
#1999=ORIENTED_EDGE('',*,*,#2912,.T.);
#2000=ORIENTED_EDGE('',*,*,#2913,.F.);
#2001=ORIENTED_EDGE('',*,*,#2914,.T.);
#2002=ORIENTED_EDGE('',*,*,#2915,.T.);
#2003=ORIENTED_EDGE('',*,*,#2916,.T.);
#2004=ORIENTED_EDGE('',*,*,#2917,.F.);
#2005=ORIENTED_EDGE('',*,*,#2918,.T.);
#2006=ORIENTED_EDGE('',*,*,#2919,.F.);
#2007=ORIENTED_EDGE('',*,*,#2920,.T.);
#2008=ORIENTED_EDGE('',*,*,#2921,.T.);
#2009=ORIENTED_EDGE('',*,*,#2922,.T.);
#2010=ORIENTED_EDGE('',*,*,#2923,.T.);
#2011=ORIENTED_EDGE('',*,*,#2924,.T.);
#2012=ORIENTED_EDGE('',*,*,#2925,.T.);
#2013=ORIENTED_EDGE('',*,*,#2926,.F.);
#2014=ORIENTED_EDGE('',*,*,#2927,.T.);
#2015=ORIENTED_EDGE('',*,*,#2928,.T.);
#2016=ORIENTED_EDGE('',*,*,#2929,.T.);
#2017=ORIENTED_EDGE('',*,*,#2930,.T.);
#2018=ORIENTED_EDGE('',*,*,#2921,.F.);
#2019=ORIENTED_EDGE('',*,*,#2931,.T.);
#2020=ORIENTED_EDGE('',*,*,#2926,.T.);
#2021=ORIENTED_EDGE('',*,*,#2932,.T.);
#2022=ORIENTED_EDGE('',*,*,#2898,.T.);
#2023=ORIENTED_EDGE('',*,*,#2933,.T.);
#2024=ORIENTED_EDGE('',*,*,#2877,.F.);
#2025=ORIENTED_EDGE('',*,*,#2934,.T.);
#2026=ORIENTED_EDGE('',*,*,#2905,.F.);
#2027=ORIENTED_EDGE('',*,*,#2935,.T.);
#2028=ORIENTED_EDGE('',*,*,#2911,.F.);
#2029=ORIENTED_EDGE('',*,*,#2936,.T.);
#2030=ORIENTED_EDGE('',*,*,#2917,.T.);
#2031=ORIENTED_EDGE('',*,*,#2937,.T.);
#2032=ORIENTED_EDGE('',*,*,#2865,.T.);
#2033=ORIENTED_EDGE('',*,*,#2938,.T.);
#2034=ORIENTED_EDGE('',*,*,#2939,.T.);
#2035=ORIENTED_EDGE('',*,*,#2913,.T.);
#2036=ORIENTED_EDGE('',*,*,#2940,.T.);
#2037=ORIENTED_EDGE('',*,*,#2903,.T.);
#2038=ORIENTED_EDGE('',*,*,#2941,.T.);
#2039=ORIENTED_EDGE('',*,*,#2863,.F.);
#2040=ORIENTED_EDGE('',*,*,#2942,.T.);
#2041=ORIENTED_EDGE('',*,*,#2915,.F.);
#2042=ORIENTED_EDGE('',*,*,#2897,.F.);
#2043=ORIENTED_EDGE('',*,*,#2943,.T.);
#2044=ORIENTED_EDGE('',*,*,#2878,.F.);
#2045=ORIENTED_EDGE('',*,*,#2933,.F.);
#2046=ORIENTED_EDGE('',*,*,#2925,.F.);
#2047=ORIENTED_EDGE('',*,*,#2944,.T.);
#2048=ORIENTED_EDGE('',*,*,#2895,.F.);
#2049=ORIENTED_EDGE('',*,*,#2932,.F.);
#2050=ORIENTED_EDGE('',*,*,#2920,.F.);
#2051=ORIENTED_EDGE('',*,*,#2945,.T.);
#2052=ORIENTED_EDGE('',*,*,#2923,.F.);
#2053=ORIENTED_EDGE('',*,*,#2931,.F.);
#2054=ORIENTED_EDGE('',*,*,#2876,.F.);
#2055=ORIENTED_EDGE('',*,*,#2946,.T.);
#2056=ORIENTED_EDGE('',*,*,#2922,.F.);
#2057=ORIENTED_EDGE('',*,*,#2934,.F.);
#2058=ORIENTED_EDGE('',*,*,#2904,.F.);
#2059=ORIENTED_EDGE('',*,*,#2940,.F.);
#2060=ORIENTED_EDGE('',*,*,#2912,.F.);
#2061=ORIENTED_EDGE('',*,*,#2935,.F.);
#2062=ORIENTED_EDGE('',*,*,#2938,.F.);
#2063=ORIENTED_EDGE('',*,*,#2864,.F.);
#2064=ORIENTED_EDGE('',*,*,#2941,.F.);
#2065=ORIENTED_EDGE('',*,*,#2906,.F.);
#2066=ORIENTED_EDGE('',*,*,#2916,.F.);
#2067=ORIENTED_EDGE('',*,*,#2942,.F.);
#2068=ORIENTED_EDGE('',*,*,#2866,.F.);
#2069=ORIENTED_EDGE('',*,*,#2937,.F.);
#2070=ORIENTED_EDGE('',*,*,#2914,.F.);
#2071=ORIENTED_EDGE('',*,*,#2939,.F.);
#2072=ORIENTED_EDGE('',*,*,#2918,.F.);
#2073=ORIENTED_EDGE('',*,*,#2936,.F.);
#2074=ORIENTED_EDGE('',*,*,#2944,.F.);
#2075=ORIENTED_EDGE('',*,*,#2924,.F.);
#2076=ORIENTED_EDGE('',*,*,#2945,.F.);
#2077=ORIENTED_EDGE('',*,*,#2919,.T.);
#2078=ORIENTED_EDGE('',*,*,#2946,.F.);
#2079=ORIENTED_EDGE('',*,*,#2875,.T.);
#2080=ORIENTED_EDGE('',*,*,#2943,.F.);
#2081=ORIENTED_EDGE('',*,*,#2896,.F.);
#2082=ORIENTED_EDGE('',*,*,#2899,.T.);
#2083=ORIENTED_EDGE('',*,*,#2947,.T.);
#2084=ORIENTED_EDGE('',*,*,#2908,.F.);
#2085=ORIENTED_EDGE('',*,*,#2948,.F.);
#2086=ORIENTED_EDGE('',*,*,#2948,.T.);
#2087=ORIENTED_EDGE('',*,*,#2907,.T.);
#2088=ORIENTED_EDGE('',*,*,#2949,.F.);
#2089=ORIENTED_EDGE('',*,*,#2900,.F.);
#2090=ORIENTED_EDGE('',*,*,#2949,.T.);
#2091=ORIENTED_EDGE('',*,*,#2910,.T.);
#2092=ORIENTED_EDGE('',*,*,#2950,.F.);
#2093=ORIENTED_EDGE('',*,*,#2901,.F.);
#2094=ORIENTED_EDGE('',*,*,#2902,.T.);
#2095=ORIENTED_EDGE('',*,*,#2950,.T.);
#2096=ORIENTED_EDGE('',*,*,#2909,.F.);
#2097=ORIENTED_EDGE('',*,*,#2947,.F.);
#2098=ORIENTED_EDGE('',*,*,#2951,.T.);
#2099=ORIENTED_EDGE('',*,*,#2859,.F.);
#2100=ORIENTED_EDGE('',*,*,#2952,.F.);
#2101=ORIENTED_EDGE('',*,*,#2880,.F.);
#2102=ORIENTED_EDGE('',*,*,#2881,.T.);
#2103=ORIENTED_EDGE('',*,*,#2952,.T.);
#2104=ORIENTED_EDGE('',*,*,#2862,.T.);
#2105=ORIENTED_EDGE('',*,*,#2953,.F.);
#2106=ORIENTED_EDGE('',*,*,#2882,.T.);
#2107=ORIENTED_EDGE('',*,*,#2953,.T.);
#2108=ORIENTED_EDGE('',*,*,#2861,.T.);
#2109=ORIENTED_EDGE('',*,*,#2954,.F.);
#2110=ORIENTED_EDGE('',*,*,#2954,.T.);
#2111=ORIENTED_EDGE('',*,*,#2860,.F.);
#2112=ORIENTED_EDGE('',*,*,#2951,.F.);
#2113=ORIENTED_EDGE('',*,*,#2879,.F.);
#2114=ORIENTED_EDGE('',*,*,#2955,.T.);
#2115=ORIENTED_EDGE('',*,*,#2867,.F.);
#2116=ORIENTED_EDGE('',*,*,#2956,.F.);
#2117=ORIENTED_EDGE('',*,*,#2884,.F.);
#2118=ORIENTED_EDGE('',*,*,#2885,.T.);
#2119=ORIENTED_EDGE('',*,*,#2956,.T.);
#2120=ORIENTED_EDGE('',*,*,#2870,.T.);
#2121=ORIENTED_EDGE('',*,*,#2957,.F.);
#2122=ORIENTED_EDGE('',*,*,#2886,.T.);
#2123=ORIENTED_EDGE('',*,*,#2957,.T.);
#2124=ORIENTED_EDGE('',*,*,#2869,.T.);
#2125=ORIENTED_EDGE('',*,*,#2958,.F.);
#2126=ORIENTED_EDGE('',*,*,#2883,.T.);
#2127=ORIENTED_EDGE('',*,*,#2958,.T.);
#2128=ORIENTED_EDGE('',*,*,#2868,.T.);
#2129=ORIENTED_EDGE('',*,*,#2955,.F.);
#2130=ORIENTED_EDGE('',*,*,#2959,.T.);
#2131=ORIENTED_EDGE('',*,*,#2855,.F.);
#2132=ORIENTED_EDGE('',*,*,#2960,.F.);
#2133=ORIENTED_EDGE('',*,*,#2888,.F.);
#2134=ORIENTED_EDGE('',*,*,#2889,.T.);
#2135=ORIENTED_EDGE('',*,*,#2960,.T.);
#2136=ORIENTED_EDGE('',*,*,#2858,.T.);
#2137=ORIENTED_EDGE('',*,*,#2961,.F.);
#2138=ORIENTED_EDGE('',*,*,#2890,.T.);
#2139=ORIENTED_EDGE('',*,*,#2961,.T.);
#2140=ORIENTED_EDGE('',*,*,#2857,.T.);
#2141=ORIENTED_EDGE('',*,*,#2962,.F.);
#2142=ORIENTED_EDGE('',*,*,#2962,.T.);
#2143=ORIENTED_EDGE('',*,*,#2856,.F.);
#2144=ORIENTED_EDGE('',*,*,#2959,.F.);
#2145=ORIENTED_EDGE('',*,*,#2887,.F.);
#2146=ORIENTED_EDGE('',*,*,#2963,.T.);
#2147=ORIENTED_EDGE('',*,*,#2871,.F.);
#2148=ORIENTED_EDGE('',*,*,#2964,.F.);
#2149=ORIENTED_EDGE('',*,*,#2892,.F.);
#2150=ORIENTED_EDGE('',*,*,#2893,.T.);
#2151=ORIENTED_EDGE('',*,*,#2964,.T.);
#2152=ORIENTED_EDGE('',*,*,#2874,.T.);
#2153=ORIENTED_EDGE('',*,*,#2965,.F.);
#2154=ORIENTED_EDGE('',*,*,#2894,.T.);
#2155=ORIENTED_EDGE('',*,*,#2965,.T.);
#2156=ORIENTED_EDGE('',*,*,#2873,.T.);
#2157=ORIENTED_EDGE('',*,*,#2966,.F.);
#2158=ORIENTED_EDGE('',*,*,#2966,.T.);
#2159=ORIENTED_EDGE('',*,*,#2872,.F.);
#2160=ORIENTED_EDGE('',*,*,#2963,.F.);
#2161=ORIENTED_EDGE('',*,*,#2891,.F.);
#2162=ORIENTED_EDGE('',*,*,#2967,.F.);
#2163=ORIENTED_EDGE('',*,*,#2967,.T.);
#2164=ORIENTED_EDGE('',*,*,#2930,.F.);
#2165=ORIENTED_EDGE('',*,*,#2968,.F.);
#2166=ORIENTED_EDGE('',*,*,#2968,.T.);
#2167=ORIENTED_EDGE('',*,*,#2929,.F.);
#2168=ORIENTED_EDGE('',*,*,#2969,.F.);
#2169=ORIENTED_EDGE('',*,*,#2969,.T.);
#2170=ORIENTED_EDGE('',*,*,#2928,.F.);
#2171=ORIENTED_EDGE('',*,*,#2970,.F.);
#2172=ORIENTED_EDGE('',*,*,#2970,.T.);
#2173=ORIENTED_EDGE('',*,*,#2927,.F.);
#2174=EDGE_CURVE('',#2971,#2972,#3509,.T.);
#2175=EDGE_CURVE('',#2972,#2973,#344,.T.);
#2176=EDGE_CURVE('',#2973,#2974,#3510,.T.);
#2177=EDGE_CURVE('',#2974,#2975,#345,.T.);
#2178=EDGE_CURVE('',#2976,#2975,#3511,.T.);
#2179=EDGE_CURVE('',#2976,#2977,#346,.T.);
#2180=EDGE_CURVE('',#2978,#2977,#3512,.T.);
#2181=EDGE_CURVE('',#2978,#2971,#347,.T.);
#2182=EDGE_CURVE('',#2979,#2980,#208,.T.);
#2183=EDGE_CURVE('',#2980,#2981,#209,.T.);
#2184=EDGE_CURVE('',#2981,#2982,#210,.T.);
#2185=EDGE_CURVE('',#2982,#2983,#211,.T.);
#2186=EDGE_CURVE('',#2983,#2984,#212,.T.);
#2187=EDGE_CURVE('',#2984,#2985,#213,.T.);
#2188=EDGE_CURVE('',#2985,#2986,#348,.F.);
#2189=EDGE_CURVE('',#2986,#2987,#349,.F.);
#2190=EDGE_CURVE('',#2987,#2988,#3513,.T.);
#2191=EDGE_CURVE('',#2988,#2989,#350,.F.);
#2192=EDGE_CURVE('',#2989,#2990,#351,.F.);
#2193=EDGE_CURVE('',#2990,#2991,#352,.T.);
#2194=EDGE_CURVE('',#2991,#2992,#214,.T.);
#2195=EDGE_CURVE('',#2992,#2993,#215,.T.);
#2196=EDGE_CURVE('',#2993,#2994,#216,.T.);
#2197=EDGE_CURVE('',#2994,#2995,#217,.T.);
#2198=EDGE_CURVE('',#2995,#2996,#218,.T.);
#2199=EDGE_CURVE('',#2996,#2997,#219,.T.);
#2200=EDGE_CURVE('',#2997,#2998,#220,.T.);
#2201=EDGE_CURVE('',#2998,#2999,#353,.F.);
#2202=EDGE_CURVE('',#2999,#3000,#354,.F.);
#2203=EDGE_CURVE('',#3000,#3001,#3514,.T.);
#2204=EDGE_CURVE('',#3001,#3002,#221,.T.);
#2205=EDGE_CURVE('',#3002,#3003,#355,.F.);
#2206=EDGE_CURVE('',#3003,#3004,#356,.T.);
#2207=EDGE_CURVE('',#3004,#3005,#222,.T.);
#2208=EDGE_CURVE('',#3005,#2979,#223,.T.);
#2209=EDGE_CURVE('',#3006,#3007,#3515,.T.);
#2210=EDGE_CURVE('',#3007,#3008,#357,.F.);
#2211=EDGE_CURVE('',#3008,#3009,#358,.F.);
#2212=EDGE_CURVE('',#3009,#3010,#3516,.T.);
#2213=EDGE_CURVE('',#3010,#3011,#359,.F.);
#2214=EDGE_CURVE('',#3011,#3012,#360,.F.);
#2215=EDGE_CURVE('',#3012,#3013,#3517,.T.);
#2216=EDGE_CURVE('',#3013,#3014,#361,.F.);
#2217=EDGE_CURVE('',#3014,#3015,#362,.F.);
#2218=EDGE_CURVE('',#3015,#3016,#3518,.T.);
#2219=EDGE_CURVE('',#3016,#3017,#363,.T.);
#2220=EDGE_CURVE('',#3017,#3018,#3519,.T.);
#2221=EDGE_CURVE('',#3018,#3019,#364,.T.);
#2222=EDGE_CURVE('',#3019,#3020,#3520,.T.);
#2223=EDGE_CURVE('',#3020,#3021,#365,.F.);
#2224=EDGE_CURVE('',#3021,#3022,#366,.F.);
#2225=EDGE_CURVE('',#3022,#3023,#3521,.T.);
#2226=EDGE_CURVE('',#3023,#3024,#367,.F.);
#2227=EDGE_CURVE('',#3024,#3025,#368,.F.);
#2228=EDGE_CURVE('',#3025,#3026,#3522,.T.);
#2229=EDGE_CURVE('',#3026,#3027,#369,.F.);
#2230=EDGE_CURVE('',#3027,#3028,#370,.F.);
#2231=EDGE_CURVE('',#3028,#3029,#3523,.T.);
#2232=EDGE_CURVE('',#3029,#3030,#371,.F.);
#2233=EDGE_CURVE('',#3030,#3031,#372,.F.);
#2234=EDGE_CURVE('',#3031,#3032,#3524,.T.);
#2235=EDGE_CURVE('',#3032,#3033,#224,.T.);
#2236=EDGE_CURVE('',#3033,#3034,#3525,.T.);
#2237=EDGE_CURVE('',#3034,#3035,#225,.T.);
#2238=EDGE_CURVE('',#3035,#3036,#3526,.T.);
#2239=EDGE_CURVE('',#3036,#3037,#373,.F.);
#2240=EDGE_CURVE('',#3037,#3006,#374,.F.);
#2241=EDGE_CURVE('',#3038,#3039,#226,.T.);
#2242=EDGE_CURVE('',#3039,#3040,#227,.T.);
#2243=EDGE_CURVE('',#3040,#3041,#228,.T.);
#2244=EDGE_CURVE('',#3041,#3042,#3527,.T.);
#2245=EDGE_CURVE('',#3042,#3043,#375,.F.);
#2246=EDGE_CURVE('',#3043,#3044,#376,.F.);
#2247=EDGE_CURVE('',#3044,#3045,#3528,.T.);
#2248=EDGE_CURVE('',#3045,#3046,#377,.F.);
#2249=EDGE_CURVE('',#3046,#3047,#378,.F.);
#2250=EDGE_CURVE('',#3047,#3048,#3529,.T.);
#2251=EDGE_CURVE('',#3048,#3049,#229,.T.);
#2252=EDGE_CURVE('',#3049,#3050,#230,.T.);
#2253=EDGE_CURVE('',#3050,#3051,#231,.T.);
#2254=EDGE_CURVE('',#3051,#3052,#232,.T.);
#2255=EDGE_CURVE('',#3052,#3053,#3530,.T.);
#2256=EDGE_CURVE('',#3053,#3054,#379,.F.);
#2257=EDGE_CURVE('',#3054,#3055,#380,.F.);
#2258=EDGE_CURVE('',#3055,#3056,#3531,.T.);
#2259=EDGE_CURVE('',#3056,#3057,#381,.F.);
#2260=EDGE_CURVE('',#3057,#3058,#382,.F.);
#2261=EDGE_CURVE('',#3058,#3059,#3532,.T.);
#2262=EDGE_CURVE('',#3059,#3060,#383,.F.);
#2263=EDGE_CURVE('',#3060,#3061,#384,.F.);
#2264=EDGE_CURVE('',#3061,#3062,#3533,.T.);
#2265=EDGE_CURVE('',#3062,#3063,#385,.F.);
#2266=EDGE_CURVE('',#3063,#3064,#386,.F.);
#2267=EDGE_CURVE('',#3064,#3065,#3534,.T.);
#2268=EDGE_CURVE('',#3065,#3066,#387,.T.);
#2269=EDGE_CURVE('',#3066,#3038,#388,.T.);
#2270=EDGE_CURVE('',#3067,#3068,#389,.F.);
#2271=EDGE_CURVE('',#3068,#3069,#3535,.T.);
#2272=EDGE_CURVE('',#3069,#3070,#390,.F.);
#2273=EDGE_CURVE('',#3070,#3071,#391,.F.);
#2274=EDGE_CURVE('',#3071,#3072,#3536,.T.);
#2275=EDGE_CURVE('',#3072,#3073,#392,.F.);
#2276=EDGE_CURVE('',#3073,#3074,#393,.F.);
#2277=EDGE_CURVE('',#3074,#3075,#3537,.T.);
#2278=EDGE_CURVE('',#3075,#3076,#394,.T.);
#2279=EDGE_CURVE('',#3076,#3077,#395,.T.);
#2280=EDGE_CURVE('',#3077,#3078,#3538,.T.);
#2281=EDGE_CURVE('',#3078,#3079,#396,.F.);
#2282=EDGE_CURVE('',#3079,#3080,#397,.F.);
#2283=EDGE_CURVE('',#3080,#3081,#3539,.T.);
#2284=EDGE_CURVE('',#3081,#3082,#398,.F.);
#2285=EDGE_CURVE('',#3082,#3083,#399,.F.);
#2286=EDGE_CURVE('',#3083,#3084,#3540,.T.);
#2287=EDGE_CURVE('',#3084,#3085,#400,.F.);
#2288=EDGE_CURVE('',#3085,#3086,#401,.F.);
#2289=EDGE_CURVE('',#3086,#3087,#3541,.T.);
#2290=EDGE_CURVE('',#3087,#3067,#402,.F.);
#2291=EDGE_CURVE('',#3088,#3089,#233,.T.);
#2292=EDGE_CURVE('',#3089,#3090,#234,.T.);
#2293=EDGE_CURVE('',#3090,#3091,#235,.T.);
#2294=EDGE_CURVE('',#3091,#3092,#403,.T.);
#2295=EDGE_CURVE('',#3092,#3093,#404,.T.);
#2296=EDGE_CURVE('',#3093,#3094,#3542,.T.);
#2297=EDGE_CURVE('',#3094,#3095,#405,.F.);
#2298=EDGE_CURVE('',#3095,#3096,#406,.F.);
#2299=EDGE_CURVE('',#3096,#3097,#407,.F.);
#2300=EDGE_CURVE('',#3097,#3098,#408,.F.);
#2301=EDGE_CURVE('',#3098,#3099,#3543,.T.);
#2302=EDGE_CURVE('',#3099,#3100,#409,.F.);
#2303=EDGE_CURVE('',#3100,#3101,#410,.F.);
#2304=EDGE_CURVE('',#3101,#3102,#236,.T.);
#2305=EDGE_CURVE('',#3102,#3103,#237,.T.);
#2306=EDGE_CURVE('',#3103,#3104,#238,.T.);
#2307=EDGE_CURVE('',#3104,#3105,#239,.T.);
#2308=EDGE_CURVE('',#3105,#3106,#240,.T.);
#2309=EDGE_CURVE('',#3106,#3107,#411,.F.);
#2310=EDGE_CURVE('',#3107,#3108,#412,.F.);
#2311=EDGE_CURVE('',#3108,#3109,#3544,.T.);
#2312=EDGE_CURVE('',#3109,#3110,#413,.F.);
#2313=EDGE_CURVE('',#3110,#3111,#414,.F.);
#2314=EDGE_CURVE('',#3111,#3112,#415,.F.);
#2315=EDGE_CURVE('',#3112,#3088,#241,.T.);
#2316=EDGE_CURVE('',#3113,#3114,#3545,.T.);
#2317=EDGE_CURVE('',#3114,#3115,#416,.F.);
#2318=EDGE_CURVE('',#3115,#3116,#417,.F.);
#2319=EDGE_CURVE('',#3116,#3117,#3546,.T.);
#2320=EDGE_CURVE('',#3117,#3118,#418,.F.);
#2321=EDGE_CURVE('',#3118,#3119,#419,.F.);
#2322=EDGE_CURVE('',#3119,#3120,#3547,.T.);
#2323=EDGE_CURVE('',#3120,#3121,#420,.F.);
#2324=EDGE_CURVE('',#3121,#3122,#421,.F.);
#2325=EDGE_CURVE('',#3122,#3123,#3548,.T.);
#2326=EDGE_CURVE('',#3123,#3124,#422,.T.);
#2327=EDGE_CURVE('',#3124,#3125,#423,.T.);
#2328=EDGE_CURVE('',#3125,#3126,#242,.T.);
#2329=EDGE_CURVE('',#3126,#3127,#243,.T.);
#2330=EDGE_CURVE('',#3127,#3128,#244,.T.);
#2331=EDGE_CURVE('',#3128,#3129,#245,.T.);
#2332=EDGE_CURVE('',#3129,#3130,#246,.T.);
#2333=EDGE_CURVE('',#3130,#3131,#247,.T.);
#2334=EDGE_CURVE('',#3131,#3132,#424,.T.);
#2335=EDGE_CURVE('',#3132,#3133,#425,.T.);
#2336=EDGE_CURVE('',#3133,#3134,#3549,.T.);
#2337=EDGE_CURVE('',#3134,#3135,#426,.F.);
#2338=EDGE_CURVE('',#3135,#3113,#427,.F.);
#2339=EDGE_CURVE('',#3136,#3137,#428,.F.);
#2340=EDGE_CURVE('',#3137,#3138,#429,.F.);
#2341=EDGE_CURVE('',#3138,#3139,#430,.F.);
#2342=EDGE_CURVE('',#3139,#3140,#3550,.T.);
#2343=EDGE_CURVE('',#3140,#3141,#431,.F.);
#2344=EDGE_CURVE('',#3141,#3142,#432,.F.);
#2345=EDGE_CURVE('',#3142,#3143,#433,.F.);
#2346=EDGE_CURVE('',#3143,#3144,#248,.T.);
#2347=EDGE_CURVE('',#3144,#3145,#434,.F.);
#2348=EDGE_CURVE('',#3145,#3146,#249,.T.);
#2349=EDGE_CURVE('',#3146,#3147,#435,.T.);
#2350=EDGE_CURVE('',#3147,#3148,#436,.T.);
#2351=EDGE_CURVE('',#3148,#3149,#250,.T.);
#2352=EDGE_CURVE('',#3149,#3150,#251,.T.);
#2353=EDGE_CURVE('',#3150,#3151,#252,.T.);
#2354=EDGE_CURVE('',#3151,#3136,#253,.T.);
#2355=EDGE_CURVE('',#3152,#3153,#3551,.T.);
#2356=EDGE_CURVE('',#3153,#3154,#254,.T.);
#2357=EDGE_CURVE('',#3154,#3155,#255,.T.);
#2358=EDGE_CURVE('',#3155,#3156,#3552,.T.);
#2359=EDGE_CURVE('',#3156,#3157,#437,.F.);
#2360=EDGE_CURVE('',#3157,#3158,#438,.F.);
#2361=EDGE_CURVE('',#3158,#3159,#3553,.T.);
#2362=EDGE_CURVE('',#3159,#3160,#439,.F.);
#2363=EDGE_CURVE('',#3160,#3161,#440,.F.);
#2364=EDGE_CURVE('',#3161,#3162,#3554,.T.);
#2365=EDGE_CURVE('',#3162,#3163,#256,.T.);
#2366=EDGE_CURVE('',#3163,#3164,#257,.T.);
#2367=EDGE_CURVE('',#3164,#3165,#258,.T.);
#2368=EDGE_CURVE('',#3165,#3166,#259,.T.);
#2369=EDGE_CURVE('',#3166,#3167,#3555,.T.);
#2370=EDGE_CURVE('',#3167,#3168,#441,.F.);
#2371=EDGE_CURVE('',#3168,#3169,#442,.F.);
#2372=EDGE_CURVE('',#3169,#3170,#3556,.T.);
#2373=EDGE_CURVE('',#3170,#3171,#443,.F.);
#2374=EDGE_CURVE('',#3171,#3152,#444,.F.);
#2375=EDGE_CURVE('',#2977,#3172,#3557,.T.);
#2376=EDGE_CURVE('',#3173,#3172,#3558,.T.);
#2377=EDGE_CURVE('',#3173,#2978,#3559,.F.);
#2378=EDGE_CURVE('',#3174,#3175,#3560,.T.);
#2379=EDGE_CURVE('',#3175,#2972,#3561,.F.);
#2380=EDGE_CURVE('',#2971,#3174,#3562,.T.);
#2381=EDGE_CURVE('',#2973,#3176,#3563,.T.);
#2382=EDGE_CURVE('',#3176,#3177,#3564,.T.);
#2383=EDGE_CURVE('',#3177,#2974,#3565,.F.);
#2384=EDGE_CURVE('',#2975,#3178,#3566,.T.);
#2385=EDGE_CURVE('',#3179,#3178,#3567,.T.);
#2386=EDGE_CURVE('',#3179,#2976,#3568,.F.);
#2387=EDGE_CURVE('',#3176,#3175,#445,.F.);
#2388=EDGE_CURVE('',#3174,#3173,#446,.F.);
#2389=EDGE_CURVE('',#3172,#3179,#447,.F.);
#2390=EDGE_CURVE('',#3178,#3177,#448,.F.);
#2391=EDGE_CURVE('',#3180,#2980,#3569,.T.);
#2392=EDGE_CURVE('',#3180,#3181,#260,.T.);
#2393=EDGE_CURVE('',#3181,#2981,#3570,.T.);
#2394=EDGE_CURVE('',#3182,#2979,#3571,.T.);
#2395=EDGE_CURVE('',#3182,#3180,#261,.T.);
#2396=EDGE_CURVE('',#3183,#3005,#3572,.T.);
#2397=EDGE_CURVE('',#3183,#3182,#262,.T.);
#2398=EDGE_CURVE('',#3184,#3004,#3573,.T.);
#2399=EDGE_CURVE('',#3184,#3183,#263,.T.);
#2400=EDGE_CURVE('',#3185,#3003,#3574,.T.);
#2401=EDGE_CURVE('',#3185,#3184,#449,.T.);
#2402=EDGE_CURVE('',#3186,#3002,#3575,.T.);
#2403=EDGE_CURVE('',#3186,#3185,#450,.F.);
#2404=EDGE_CURVE('',#3187,#3001,#3576,.T.);
#2405=EDGE_CURVE('',#3187,#3186,#264,.T.);
#2406=EDGE_CURVE('',#3188,#3000,#3577,.T.);
#2407=EDGE_CURVE('',#3188,#3187,#3578,.T.);
#2408=EDGE_CURVE('',#3189,#2999,#3579,.T.);
#2409=EDGE_CURVE('',#3189,#3188,#451,.F.);
#2410=EDGE_CURVE('',#3190,#2998,#3580,.T.);
#2411=EDGE_CURVE('',#3190,#3189,#452,.F.);
#2412=EDGE_CURVE('',#3191,#2997,#3581,.T.);
#2413=EDGE_CURVE('',#3191,#3190,#265,.T.);
#2414=EDGE_CURVE('',#3192,#2996,#3582,.T.);
#2415=EDGE_CURVE('',#3192,#3191,#266,.T.);
#2416=EDGE_CURVE('',#3193,#2995,#3583,.T.);
#2417=EDGE_CURVE('',#3193,#3192,#267,.T.);
#2418=EDGE_CURVE('',#3194,#2994,#3584,.T.);
#2419=EDGE_CURVE('',#3194,#3193,#268,.T.);
#2420=EDGE_CURVE('',#3195,#2993,#3585,.T.);
#2421=EDGE_CURVE('',#3195,#3194,#269,.T.);
#2422=EDGE_CURVE('',#3196,#2992,#3586,.T.);
#2423=EDGE_CURVE('',#3196,#3195,#270,.T.);
#2424=EDGE_CURVE('',#3197,#2991,#3587,.T.);
#2425=EDGE_CURVE('',#3197,#3196,#271,.T.);
#2426=EDGE_CURVE('',#3198,#2990,#3588,.T.);
#2427=EDGE_CURVE('',#3198,#3197,#453,.T.);
#2428=EDGE_CURVE('',#3199,#2989,#3589,.T.);
#2429=EDGE_CURVE('',#3199,#3198,#454,.F.);
#2430=EDGE_CURVE('',#3200,#2988,#3590,.T.);
#2431=EDGE_CURVE('',#3200,#3199,#455,.F.);
#2432=EDGE_CURVE('',#3201,#2987,#3591,.T.);
#2433=EDGE_CURVE('',#3201,#3200,#3592,.T.);
#2434=EDGE_CURVE('',#3202,#2986,#3593,.T.);
#2435=EDGE_CURVE('',#3202,#3201,#456,.F.);
#2436=EDGE_CURVE('',#3203,#2985,#3594,.T.);
#2437=EDGE_CURVE('',#3203,#3202,#457,.F.);
#2438=EDGE_CURVE('',#3204,#2984,#3595,.T.);
#2439=EDGE_CURVE('',#3204,#3203,#272,.T.);
#2440=EDGE_CURVE('',#3205,#2983,#3596,.T.);
#2441=EDGE_CURVE('',#3205,#3204,#273,.T.);
#2442=EDGE_CURVE('',#3206,#2982,#3597,.T.);
#2443=EDGE_CURVE('',#3206,#3205,#274,.T.);
#2444=EDGE_CURVE('',#3181,#3206,#275,.T.);
#2445=EDGE_CURVE('',#3207,#3007,#3598,.T.);
#2446=EDGE_CURVE('',#3207,#3208,#458,.F.);
#2447=EDGE_CURVE('',#3208,#3008,#3599,.T.);
#2448=EDGE_CURVE('',#3209,#3006,#3600,.T.);
#2449=EDGE_CURVE('',#3209,#3207,#3601,.T.);
#2450=EDGE_CURVE('',#3210,#3037,#3602,.T.);
#2451=EDGE_CURVE('',#3210,#3209,#459,.F.);
#2452=EDGE_CURVE('',#3211,#3036,#3603,.T.);
#2453=EDGE_CURVE('',#3211,#3210,#460,.F.);
#2454=EDGE_CURVE('',#3212,#3035,#3604,.T.);
#2455=EDGE_CURVE('',#3212,#3211,#3605,.T.);
#2456=EDGE_CURVE('',#3213,#3034,#3606,.T.);
#2457=EDGE_CURVE('',#3213,#3212,#276,.T.);
#2458=EDGE_CURVE('',#3214,#3033,#3607,.T.);
#2459=EDGE_CURVE('',#3214,#3213,#3608,.T.);
#2460=EDGE_CURVE('',#3215,#3032,#3609,.T.);
#2461=EDGE_CURVE('',#3215,#3214,#277,.T.);
#2462=EDGE_CURVE('',#3216,#3031,#3610,.T.);
#2463=EDGE_CURVE('',#3216,#3215,#3611,.T.);
#2464=EDGE_CURVE('',#3217,#3030,#3612,.T.);
#2465=EDGE_CURVE('',#3217,#3216,#461,.F.);
#2466=EDGE_CURVE('',#3218,#3029,#3613,.T.);
#2467=EDGE_CURVE('',#3218,#3217,#462,.F.);
#2468=EDGE_CURVE('',#3219,#3028,#3614,.T.);
#2469=EDGE_CURVE('',#3219,#3218,#3615,.T.);
#2470=EDGE_CURVE('',#3220,#3027,#3616,.T.);
#2471=EDGE_CURVE('',#3220,#3219,#463,.F.);
#2472=EDGE_CURVE('',#3221,#3026,#3617,.T.);
#2473=EDGE_CURVE('',#3221,#3220,#464,.F.);
#2474=EDGE_CURVE('',#3222,#3025,#3618,.T.);
#2475=EDGE_CURVE('',#3222,#3221,#3619,.T.);
#2476=EDGE_CURVE('',#3223,#3024,#3620,.T.);
#2477=EDGE_CURVE('',#3223,#3222,#465,.F.);
#2478=EDGE_CURVE('',#3224,#3023,#3621,.T.);
#2479=EDGE_CURVE('',#3224,#3223,#466,.F.);
#2480=EDGE_CURVE('',#3225,#3022,#3622,.T.);
#2481=EDGE_CURVE('',#3225,#3224,#3623,.T.);
#2482=EDGE_CURVE('',#3226,#3021,#3624,.T.);
#2483=EDGE_CURVE('',#3226,#3225,#467,.F.);
#2484=EDGE_CURVE('',#3227,#3020,#3625,.T.);
#2485=EDGE_CURVE('',#3227,#3226,#468,.F.);
#2486=EDGE_CURVE('',#3228,#3019,#3626,.T.);
#2487=EDGE_CURVE('',#3228,#3227,#3627,.T.);
#2488=EDGE_CURVE('',#3229,#3018,#3628,.T.);
#2489=EDGE_CURVE('',#3229,#3228,#469,.T.);
#2490=EDGE_CURVE('',#3230,#3017,#3629,.T.);
#2491=EDGE_CURVE('',#3230,#3229,#3630,.T.);
#2492=EDGE_CURVE('',#3231,#3016,#3631,.T.);
#2493=EDGE_CURVE('',#3231,#3230,#470,.T.);
#2494=EDGE_CURVE('',#3232,#3015,#3632,.T.);
#2495=EDGE_CURVE('',#3232,#3231,#3633,.T.);
#2496=EDGE_CURVE('',#3233,#3014,#3634,.T.);
#2497=EDGE_CURVE('',#3233,#3232,#471,.F.);
#2498=EDGE_CURVE('',#3234,#3013,#3635,.T.);
#2499=EDGE_CURVE('',#3234,#3233,#472,.F.);
#2500=EDGE_CURVE('',#3235,#3012,#3636,.T.);
#2501=EDGE_CURVE('',#3235,#3234,#3637,.T.);
#2502=EDGE_CURVE('',#3236,#3011,#3638,.T.);
#2503=EDGE_CURVE('',#3236,#3235,#473,.F.);
#2504=EDGE_CURVE('',#3237,#3010,#3639,.T.);
#2505=EDGE_CURVE('',#3237,#3236,#474,.F.);
#2506=EDGE_CURVE('',#3238,#3009,#3640,.T.);
#2507=EDGE_CURVE('',#3238,#3237,#3641,.T.);
#2508=EDGE_CURVE('',#3208,#3238,#475,.F.);
#2509=EDGE_CURVE('',#3239,#3039,#3642,.T.);
#2510=EDGE_CURVE('',#3239,#3240,#278,.T.);
#2511=EDGE_CURVE('',#3240,#3040,#3643,.T.);
#2512=EDGE_CURVE('',#3241,#3038,#3644,.T.);
#2513=EDGE_CURVE('',#3241,#3239,#279,.T.);
#2514=EDGE_CURVE('',#3242,#3066,#3645,.T.);
#2515=EDGE_CURVE('',#3242,#3241,#476,.T.);
#2516=EDGE_CURVE('',#3243,#3065,#3646,.T.);
#2517=EDGE_CURVE('',#3243,#3242,#477,.T.);
#2518=EDGE_CURVE('',#3244,#3064,#3647,.T.);
#2519=EDGE_CURVE('',#3244,#3243,#3648,.T.);
#2520=EDGE_CURVE('',#3245,#3063,#3649,.T.);
#2521=EDGE_CURVE('',#3245,#3244,#478,.F.);
#2522=EDGE_CURVE('',#3246,#3062,#3650,.T.);
#2523=EDGE_CURVE('',#3246,#3245,#479,.F.);
#2524=EDGE_CURVE('',#3247,#3061,#3651,.T.);
#2525=EDGE_CURVE('',#3247,#3246,#3652,.T.);
#2526=EDGE_CURVE('',#3248,#3060,#3653,.T.);
#2527=EDGE_CURVE('',#3248,#3247,#480,.F.);
#2528=EDGE_CURVE('',#3249,#3059,#3654,.T.);
#2529=EDGE_CURVE('',#3249,#3248,#481,.F.);
#2530=EDGE_CURVE('',#3250,#3058,#3655,.T.);
#2531=EDGE_CURVE('',#3250,#3249,#3656,.T.);
#2532=EDGE_CURVE('',#3251,#3057,#3657,.T.);
#2533=EDGE_CURVE('',#3251,#3250,#482,.F.);
#2534=EDGE_CURVE('',#3252,#3056,#3658,.T.);
#2535=EDGE_CURVE('',#3252,#3251,#483,.F.);
#2536=EDGE_CURVE('',#3253,#3055,#3659,.T.);
#2537=EDGE_CURVE('',#3253,#3252,#3660,.T.);
#2538=EDGE_CURVE('',#3254,#3054,#3661,.T.);
#2539=EDGE_CURVE('',#3254,#3253,#484,.F.);
#2540=EDGE_CURVE('',#3255,#3053,#3662,.T.);
#2541=EDGE_CURVE('',#3255,#3254,#485,.F.);
#2542=EDGE_CURVE('',#3256,#3052,#3663,.T.);
#2543=EDGE_CURVE('',#3256,#3255,#3664,.T.);
#2544=EDGE_CURVE('',#3257,#3051,#3665,.T.);
#2545=EDGE_CURVE('',#3257,#3256,#280,.T.);
#2546=EDGE_CURVE('',#3258,#3050,#3666,.T.);
#2547=EDGE_CURVE('',#3258,#3257,#281,.T.);
#2548=EDGE_CURVE('',#3259,#3049,#3667,.T.);
#2549=EDGE_CURVE('',#3259,#3258,#282,.T.);
#2550=EDGE_CURVE('',#3260,#3048,#3668,.T.);
#2551=EDGE_CURVE('',#3260,#3259,#283,.T.);
#2552=EDGE_CURVE('',#3261,#3047,#3669,.T.);
#2553=EDGE_CURVE('',#3261,#3260,#3670,.T.);
#2554=EDGE_CURVE('',#3262,#3046,#3671,.T.);
#2555=EDGE_CURVE('',#3262,#3261,#486,.F.);
#2556=EDGE_CURVE('',#3263,#3045,#3672,.T.);
#2557=EDGE_CURVE('',#3263,#3262,#487,.F.);
#2558=EDGE_CURVE('',#3264,#3044,#3673,.T.);
#2559=EDGE_CURVE('',#3264,#3263,#3674,.T.);
#2560=EDGE_CURVE('',#3265,#3043,#3675,.T.);
#2561=EDGE_CURVE('',#3265,#3264,#488,.F.);
#2562=EDGE_CURVE('',#3266,#3042,#3676,.T.);
#2563=EDGE_CURVE('',#3266,#3265,#489,.F.);
#2564=EDGE_CURVE('',#3267,#3041,#3677,.T.);
#2565=EDGE_CURVE('',#3267,#3266,#3678,.T.);
#2566=EDGE_CURVE('',#3240,#3267,#284,.T.);
#2567=EDGE_CURVE('',#3268,#3068,#3679,.T.);
#2568=EDGE_CURVE('',#3268,#3269,#3680,.T.);
#2569=EDGE_CURVE('',#3269,#3069,#3681,.T.);
#2570=EDGE_CURVE('',#3270,#3067,#3682,.T.);
#2571=EDGE_CURVE('',#3270,#3268,#490,.F.);
#2572=EDGE_CURVE('',#3271,#3087,#3683,.T.);
#2573=EDGE_CURVE('',#3271,#3270,#491,.F.);
#2574=EDGE_CURVE('',#3272,#3086,#3684,.T.);
#2575=EDGE_CURVE('',#3272,#3271,#3685,.T.);
#2576=EDGE_CURVE('',#3273,#3085,#3686,.T.);
#2577=EDGE_CURVE('',#3273,#3272,#492,.F.);
#2578=EDGE_CURVE('',#3274,#3084,#3687,.T.);
#2579=EDGE_CURVE('',#3274,#3273,#493,.F.);
#2580=EDGE_CURVE('',#3275,#3083,#3688,.T.);
#2581=EDGE_CURVE('',#3275,#3274,#3689,.T.);
#2582=EDGE_CURVE('',#3276,#3082,#3690,.T.);
#2583=EDGE_CURVE('',#3276,#3275,#494,.F.);
#2584=EDGE_CURVE('',#3277,#3081,#3691,.T.);
#2585=EDGE_CURVE('',#3277,#3276,#495,.F.);
#2586=EDGE_CURVE('',#3278,#3080,#3692,.T.);
#2587=EDGE_CURVE('',#3278,#3277,#3693,.T.);
#2588=EDGE_CURVE('',#3279,#3079,#3694,.T.);
#2589=EDGE_CURVE('',#3279,#3278,#496,.F.);
#2590=EDGE_CURVE('',#3280,#3078,#3695,.T.);
#2591=EDGE_CURVE('',#3280,#3279,#497,.F.);
#2592=EDGE_CURVE('',#3281,#3077,#3696,.T.);
#2593=EDGE_CURVE('',#3281,#3280,#3697,.T.);
#2594=EDGE_CURVE('',#3282,#3076,#3698,.T.);
#2595=EDGE_CURVE('',#3282,#3281,#498,.T.);
#2596=EDGE_CURVE('',#3283,#3075,#3699,.T.);
#2597=EDGE_CURVE('',#3283,#3282,#499,.T.);
#2598=EDGE_CURVE('',#3284,#3074,#3700,.T.);
#2599=EDGE_CURVE('',#3284,#3283,#3701,.T.);
#2600=EDGE_CURVE('',#3285,#3073,#3702,.T.);
#2601=EDGE_CURVE('',#3285,#3284,#500,.F.);
#2602=EDGE_CURVE('',#3286,#3072,#3703,.T.);
#2603=EDGE_CURVE('',#3286,#3285,#501,.F.);
#2604=EDGE_CURVE('',#3287,#3071,#3704,.T.);
#2605=EDGE_CURVE('',#3287,#3286,#3705,.T.);
#2606=EDGE_CURVE('',#3288,#3070,#3706,.T.);
#2607=EDGE_CURVE('',#3288,#3287,#502,.F.);
#2608=EDGE_CURVE('',#3269,#3288,#503,.F.);
#2609=EDGE_CURVE('',#3289,#3089,#3707,.T.);
#2610=EDGE_CURVE('',#3289,#3290,#285,.T.);
#2611=EDGE_CURVE('',#3290,#3090,#3708,.T.);
#2612=EDGE_CURVE('',#3291,#3088,#3709,.T.);
#2613=EDGE_CURVE('',#3291,#3289,#286,.T.);
#2614=EDGE_CURVE('',#3292,#3112,#3710,.T.);
#2615=EDGE_CURVE('',#3292,#3291,#287,.T.);
#2616=EDGE_CURVE('',#3293,#3111,#3711,.T.);
#2617=EDGE_CURVE('',#3293,#3292,#504,.F.);
#2618=EDGE_CURVE('',#3294,#3110,#3712,.T.);
#2619=EDGE_CURVE('',#3294,#3293,#505,.F.);
#2620=EDGE_CURVE('',#3295,#3109,#3713,.T.);
#2621=EDGE_CURVE('',#3295,#3294,#506,.F.);
#2622=EDGE_CURVE('',#3296,#3108,#3714,.T.);
#2623=EDGE_CURVE('',#3296,#3295,#3715,.T.);
#2624=EDGE_CURVE('',#3297,#3107,#3716,.T.);
#2625=EDGE_CURVE('',#3297,#3296,#507,.F.);
#2626=EDGE_CURVE('',#3298,#3106,#3717,.T.);
#2627=EDGE_CURVE('',#3298,#3297,#508,.F.);
#2628=EDGE_CURVE('',#3299,#3105,#3718,.T.);
#2629=EDGE_CURVE('',#3299,#3298,#288,.T.);
#2630=EDGE_CURVE('',#3300,#3104,#3719,.T.);
#2631=EDGE_CURVE('',#3300,#3299,#289,.T.);
#2632=EDGE_CURVE('',#3301,#3103,#3720,.T.);
#2633=EDGE_CURVE('',#3301,#3300,#290,.T.);
#2634=EDGE_CURVE('',#3302,#3102,#3721,.T.);
#2635=EDGE_CURVE('',#3302,#3301,#291,.T.);
#2636=EDGE_CURVE('',#3303,#3101,#3722,.T.);
#2637=EDGE_CURVE('',#3303,#3302,#292,.T.);
#2638=EDGE_CURVE('',#3304,#3100,#3723,.T.);
#2639=EDGE_CURVE('',#3304,#3303,#509,.F.);
#2640=EDGE_CURVE('',#3305,#3099,#3724,.T.);
#2641=EDGE_CURVE('',#3305,#3304,#510,.F.);
#2642=EDGE_CURVE('',#3306,#3098,#3725,.T.);
#2643=EDGE_CURVE('',#3306,#3305,#3726,.T.);
#2644=EDGE_CURVE('',#3307,#3097,#3727,.T.);
#2645=EDGE_CURVE('',#3307,#3306,#511,.F.);
#2646=EDGE_CURVE('',#3308,#3096,#3728,.T.);
#2647=EDGE_CURVE('',#3308,#3307,#512,.F.);
#2648=EDGE_CURVE('',#3309,#3095,#3729,.T.);
#2649=EDGE_CURVE('',#3309,#3308,#513,.F.);
#2650=EDGE_CURVE('',#3310,#3094,#3730,.T.);
#2651=EDGE_CURVE('',#3310,#3309,#514,.F.);
#2652=EDGE_CURVE('',#3311,#3093,#3731,.T.);
#2653=EDGE_CURVE('',#3311,#3310,#3732,.T.);
#2654=EDGE_CURVE('',#3312,#3092,#3733,.T.);
#2655=EDGE_CURVE('',#3312,#3311,#515,.T.);
#2656=EDGE_CURVE('',#3313,#3091,#3734,.T.);
#2657=EDGE_CURVE('',#3313,#3312,#516,.T.);
#2658=EDGE_CURVE('',#3290,#3313,#293,.T.);
#2659=EDGE_CURVE('',#3314,#3114,#3735,.T.);
#2660=EDGE_CURVE('',#3314,#3315,#517,.F.);
#2661=EDGE_CURVE('',#3315,#3115,#3736,.T.);
#2662=EDGE_CURVE('',#3316,#3113,#3737,.T.);
#2663=EDGE_CURVE('',#3316,#3314,#3738,.T.);
#2664=EDGE_CURVE('',#3317,#3135,#3739,.T.);
#2665=EDGE_CURVE('',#3317,#3316,#518,.F.);
#2666=EDGE_CURVE('',#3318,#3134,#3740,.T.);
#2667=EDGE_CURVE('',#3318,#3317,#519,.F.);
#2668=EDGE_CURVE('',#3319,#3133,#3741,.T.);
#2669=EDGE_CURVE('',#3319,#3318,#3742,.T.);
#2670=EDGE_CURVE('',#3320,#3132,#3743,.T.);
#2671=EDGE_CURVE('',#3320,#3319,#520,.T.);
#2672=EDGE_CURVE('',#3321,#3131,#3744,.T.);
#2673=EDGE_CURVE('',#3321,#3320,#521,.T.);
#2674=EDGE_CURVE('',#3322,#3130,#3745,.T.);
#2675=EDGE_CURVE('',#3322,#3321,#294,.T.);
#2676=EDGE_CURVE('',#3323,#3129,#3746,.T.);
#2677=EDGE_CURVE('',#3323,#3322,#295,.T.);
#2678=EDGE_CURVE('',#3324,#3128,#3747,.T.);
#2679=EDGE_CURVE('',#3324,#3323,#296,.T.);
#2680=EDGE_CURVE('',#3325,#3127,#3748,.T.);
#2681=EDGE_CURVE('',#3325,#3324,#297,.T.);
#2682=EDGE_CURVE('',#3326,#3126,#3749,.T.);
#2683=EDGE_CURVE('',#3326,#3325,#298,.T.);
#2684=EDGE_CURVE('',#3327,#3125,#3750,.T.);
#2685=EDGE_CURVE('',#3327,#3326,#299,.T.);
#2686=EDGE_CURVE('',#3328,#3124,#3751,.T.);
#2687=EDGE_CURVE('',#3328,#3327,#522,.T.);
#2688=EDGE_CURVE('',#3329,#3123,#3752,.T.);
#2689=EDGE_CURVE('',#3329,#3328,#523,.T.);
#2690=EDGE_CURVE('',#3330,#3122,#3753,.T.);
#2691=EDGE_CURVE('',#3330,#3329,#3754,.T.);
#2692=EDGE_CURVE('',#3331,#3121,#3755,.T.);
#2693=EDGE_CURVE('',#3331,#3330,#524,.F.);
#2694=EDGE_CURVE('',#3332,#3120,#3756,.T.);
#2695=EDGE_CURVE('',#3332,#3331,#525,.F.);
#2696=EDGE_CURVE('',#3333,#3119,#3757,.T.);
#2697=EDGE_CURVE('',#3333,#3332,#3758,.T.);
#2698=EDGE_CURVE('',#3334,#3118,#3759,.T.);
#2699=EDGE_CURVE('',#3334,#3333,#526,.F.);
#2700=EDGE_CURVE('',#3335,#3117,#3760,.T.);
#2701=EDGE_CURVE('',#3335,#3334,#527,.F.);
#2702=EDGE_CURVE('',#3336,#3116,#3761,.T.);
#2703=EDGE_CURVE('',#3336,#3335,#3762,.T.);
#2704=EDGE_CURVE('',#3337,#3338,#3763,.T.);
#2705=EDGE_CURVE('',#3339,#3337,#3764,.T.);
#2706=EDGE_CURVE('',#3339,#3340,#3765,.T.);
#2707=EDGE_CURVE('',#3340,#3338,#3766,.T.);
#2708=EDGE_CURVE('',#3341,#3337,#300,.T.);
#2709=EDGE_CURVE('',#3342,#3341,#3767,.T.);
#2710=EDGE_CURVE('',#3342,#3339,#301,.T.);
#2711=EDGE_CURVE('',#3343,#3341,#528,.T.);
#2712=EDGE_CURVE('',#3344,#3343,#3768,.T.);
#2713=EDGE_CURVE('',#3344,#3342,#529,.T.);
#2714=EDGE_CURVE('',#3345,#3343,#302,.T.);
#2715=EDGE_CURVE('',#3346,#3345,#3769,.T.);
#2716=EDGE_CURVE('',#3346,#3344,#303,.T.);
#2717=EDGE_CURVE('',#3347,#3345,#304,.T.);
#2718=EDGE_CURVE('',#3348,#3347,#3770,.T.);
#2719=EDGE_CURVE('',#3348,#3346,#305,.T.);
#2720=EDGE_CURVE('',#3349,#3347,#306,.T.);
#2721=EDGE_CURVE('',#3350,#3349,#3771,.T.);
#2722=EDGE_CURVE('',#3350,#3348,#307,.T.);
#2723=EDGE_CURVE('',#3351,#3349,#530,.T.);
#2724=EDGE_CURVE('',#3352,#3351,#3772,.T.);
#2725=EDGE_CURVE('',#3352,#3350,#531,.T.);
#2726=EDGE_CURVE('',#3338,#3351,#308,.T.);
#2727=EDGE_CURVE('',#3340,#3352,#309,.T.);
#2728=EDGE_CURVE('',#3315,#3336,#532,.F.);
#2729=EDGE_CURVE('',#3353,#3137,#3773,.T.);
#2730=EDGE_CURVE('',#3353,#3354,#533,.F.);
#2731=EDGE_CURVE('',#3354,#3138,#3774,.T.);
#2732=EDGE_CURVE('',#3355,#3136,#3775,.T.);
#2733=EDGE_CURVE('',#3355,#3353,#534,.F.);
#2734=EDGE_CURVE('',#3356,#3151,#3776,.T.);
#2735=EDGE_CURVE('',#3356,#3355,#310,.T.);
#2736=EDGE_CURVE('',#3357,#3150,#3777,.T.);
#2737=EDGE_CURVE('',#3357,#3356,#311,.T.);
#2738=EDGE_CURVE('',#3358,#3149,#3778,.T.);
#2739=EDGE_CURVE('',#3358,#3357,#312,.T.);
#2740=EDGE_CURVE('',#3359,#3148,#3779,.T.);
#2741=EDGE_CURVE('',#3359,#3358,#313,.T.);
#2742=EDGE_CURVE('',#3360,#3147,#3780,.T.);
#2743=EDGE_CURVE('',#3360,#3359,#535,.T.);
#2744=EDGE_CURVE('',#3361,#3146,#3781,.T.);
#2745=EDGE_CURVE('',#3361,#3360,#536,.T.);
#2746=EDGE_CURVE('',#3362,#3145,#3782,.T.);
#2747=EDGE_CURVE('',#3362,#3361,#314,.T.);
#2748=EDGE_CURVE('',#3363,#3144,#3783,.T.);
#2749=EDGE_CURVE('',#3363,#3362,#537,.F.);
#2750=EDGE_CURVE('',#3364,#3143,#3784,.T.);
#2751=EDGE_CURVE('',#3364,#3363,#315,.T.);
#2752=EDGE_CURVE('',#3365,#3142,#3785,.T.);
#2753=EDGE_CURVE('',#3365,#3364,#538,.F.);
#2754=EDGE_CURVE('',#3366,#3141,#3786,.T.);
#2755=EDGE_CURVE('',#3366,#3365,#539,.F.);
#2756=EDGE_CURVE('',#3367,#3140,#3787,.T.);
#2757=EDGE_CURVE('',#3367,#3366,#540,.F.);
#2758=EDGE_CURVE('',#3368,#3139,#3788,.T.);
#2759=EDGE_CURVE('',#3368,#3367,#3789,.T.);
#2760=EDGE_CURVE('',#3369,#3370,#3790,.T.);
#2761=EDGE_CURVE('',#3371,#3369,#3791,.T.);
#2762=EDGE_CURVE('',#3371,#3372,#3792,.T.);
#2763=EDGE_CURVE('',#3372,#3370,#3793,.T.);
#2764=EDGE_CURVE('',#3373,#3369,#316,.T.);
#2765=EDGE_CURVE('',#3374,#3373,#3794,.T.);
#2766=EDGE_CURVE('',#3374,#3371,#317,.T.);
#2767=EDGE_CURVE('',#3375,#3373,#541,.T.);
#2768=EDGE_CURVE('',#3376,#3375,#3795,.T.);
#2769=EDGE_CURVE('',#3376,#3374,#542,.T.);
#2770=EDGE_CURVE('',#3377,#3375,#318,.T.);
#2771=EDGE_CURVE('',#3378,#3377,#3796,.T.);
#2772=EDGE_CURVE('',#3378,#3376,#319,.T.);
#2773=EDGE_CURVE('',#3379,#3377,#320,.T.);
#2774=EDGE_CURVE('',#3380,#3379,#3797,.T.);
#2775=EDGE_CURVE('',#3380,#3378,#321,.T.);
#2776=EDGE_CURVE('',#3381,#3379,#322,.T.);
#2777=EDGE_CURVE('',#3382,#3381,#3798,.T.);
#2778=EDGE_CURVE('',#3382,#3380,#323,.T.);
#2779=EDGE_CURVE('',#3383,#3381,#324,.T.);
#2780=EDGE_CURVE('',#3384,#3383,#3799,.T.);
#2781=EDGE_CURVE('',#3384,#3382,#325,.T.);
#2782=EDGE_CURVE('',#3385,#3383,#3800,.T.);
#2783=EDGE_CURVE('',#3386,#3385,#3801,.T.);
#2784=EDGE_CURVE('',#3386,#3384,#3802,.T.);
#2785=EDGE_CURVE('',#3387,#3388,#3803,.T.);
#2786=EDGE_CURVE('',#3389,#3387,#3804,.T.);
#2787=EDGE_CURVE('',#3389,#3390,#3805,.T.);
#2788=EDGE_CURVE('',#3390,#3388,#3806,.T.);
#2789=EDGE_CURVE('',#3391,#3387,#543,.T.);
#2790=EDGE_CURVE('',#3392,#3391,#3807,.T.);
#2791=EDGE_CURVE('',#3392,#3389,#544,.T.);
#2792=EDGE_CURVE('',#3393,#3391,#3808,.T.);
#2793=EDGE_CURVE('',#3394,#3393,#3809,.T.);
#2794=EDGE_CURVE('',#3394,#3392,#3810,.T.);
#2795=EDGE_CURVE('',#3395,#3393,#326,.T.);
#2796=EDGE_CURVE('',#3396,#3395,#3811,.T.);
#2797=EDGE_CURVE('',#3396,#3394,#327,.T.);
#2798=EDGE_CURVE('',#3397,#3395,#328,.T.);
#2799=EDGE_CURVE('',#3398,#3397,#3812,.T.);
#2800=EDGE_CURVE('',#3398,#3396,#329,.T.);
#2801=EDGE_CURVE('',#3399,#3397,#330,.T.);
#2802=EDGE_CURVE('',#3400,#3399,#3813,.T.);
#2803=EDGE_CURVE('',#3400,#3398,#331,.T.);
#2804=EDGE_CURVE('',#3401,#3399,#332,.T.);
#2805=EDGE_CURVE('',#3402,#3401,#3814,.T.);
#2806=EDGE_CURVE('',#3402,#3400,#333,.T.);
#2807=EDGE_CURVE('',#3403,#3401,#545,.T.);
#2808=EDGE_CURVE('',#3404,#3403,#3815,.T.);
#2809=EDGE_CURVE('',#3404,#3402,#546,.T.);
#2810=EDGE_CURVE('',#3370,#3385,#334,.T.);
#2811=EDGE_CURVE('',#3372,#3386,#335,.T.);
#2812=EDGE_CURVE('',#3388,#3403,#336,.T.);
#2813=EDGE_CURVE('',#3390,#3404,#337,.T.);
#2814=EDGE_CURVE('',#3354,#3368,#547,.F.);
#2815=EDGE_CURVE('',#3405,#3153,#3816,.T.);
#2816=EDGE_CURVE('',#3405,#3406,#338,.T.);
#2817=EDGE_CURVE('',#3406,#3154,#3817,.T.);
#2818=EDGE_CURVE('',#3407,#3152,#3818,.T.);
#2819=EDGE_CURVE('',#3407,#3405,#3819,.T.);
#2820=EDGE_CURVE('',#3408,#3171,#3820,.T.);
#2821=EDGE_CURVE('',#3408,#3407,#548,.F.);
#2822=EDGE_CURVE('',#3409,#3170,#3821,.T.);
#2823=EDGE_CURVE('',#3409,#3408,#549,.F.);
#2824=EDGE_CURVE('',#3410,#3169,#3822,.T.);
#2825=EDGE_CURVE('',#3410,#3409,#3823,.T.);
#2826=EDGE_CURVE('',#3411,#3168,#3824,.T.);
#2827=EDGE_CURVE('',#3411,#3410,#550,.F.);
#2828=EDGE_CURVE('',#3412,#3167,#3825,.T.);
#2829=EDGE_CURVE('',#3412,#3411,#551,.F.);
#2830=EDGE_CURVE('',#3413,#3166,#3826,.T.);
#2831=EDGE_CURVE('',#3413,#3412,#3827,.T.);
#2832=EDGE_CURVE('',#3414,#3165,#3828,.T.);
#2833=EDGE_CURVE('',#3414,#3413,#339,.T.);
#2834=EDGE_CURVE('',#3415,#3164,#3829,.T.);
#2835=EDGE_CURVE('',#3415,#3414,#340,.T.);
#2836=EDGE_CURVE('',#3416,#3163,#3830,.T.);
#2837=EDGE_CURVE('',#3416,#3415,#341,.T.);
#2838=EDGE_CURVE('',#3417,#3162,#3831,.T.);
#2839=EDGE_CURVE('',#3417,#3416,#342,.T.);
#2840=EDGE_CURVE('',#3418,#3161,#3832,.T.);
#2841=EDGE_CURVE('',#3418,#3417,#3833,.T.);
#2842=EDGE_CURVE('',#3419,#3160,#3834,.T.);
#2843=EDGE_CURVE('',#3419,#3418,#552,.F.);
#2844=EDGE_CURVE('',#3420,#3159,#3835,.T.);
#2845=EDGE_CURVE('',#3420,#3419,#553,.F.);
#2846=EDGE_CURVE('',#3421,#3158,#3836,.T.);
#2847=EDGE_CURVE('',#3421,#3420,#3837,.T.);
#2848=EDGE_CURVE('',#3422,#3157,#3838,.T.);
#2849=EDGE_CURVE('',#3422,#3421,#554,.F.);
#2850=EDGE_CURVE('',#3423,#3156,#3839,.T.);
#2851=EDGE_CURVE('',#3423,#3422,#555,.F.);
#2852=EDGE_CURVE('',#3424,#3155,#3840,.T.);
#2853=EDGE_CURVE('',#3424,#3423,#3841,.T.);
#2854=EDGE_CURVE('',#3406,#3424,#343,.T.);
#2855=EDGE_CURVE('',#3425,#3426,#3842,.T.);
#2856=EDGE_CURVE('',#3426,#3427,#3843,.T.);
#2857=EDGE_CURVE('',#3428,#3427,#3844,.T.);
#2858=EDGE_CURVE('',#3425,#3428,#3845,.T.);
#2859=EDGE_CURVE('',#3429,#3430,#3846,.T.);
#2860=EDGE_CURVE('',#3430,#3431,#3847,.T.);
#2861=EDGE_CURVE('',#3432,#3431,#3848,.T.);
#2862=EDGE_CURVE('',#3429,#3432,#3849,.T.);
#2863=EDGE_CURVE('',#3433,#3434,#3850,.T.);
#2864=EDGE_CURVE('',#3434,#3435,#3851,.F.);
#2865=EDGE_CURVE('',#3436,#3435,#3852,.T.);
#2866=EDGE_CURVE('',#3436,#3433,#3853,.T.);
#2867=EDGE_CURVE('',#3437,#3438,#3854,.T.);
#2868=EDGE_CURVE('',#3439,#3438,#3855,.T.);
#2869=EDGE_CURVE('',#3440,#3439,#3856,.T.);
#2870=EDGE_CURVE('',#3437,#3440,#3857,.T.);
#2871=EDGE_CURVE('',#3441,#3442,#3858,.T.);
#2872=EDGE_CURVE('',#3442,#3443,#3859,.T.);
#2873=EDGE_CURVE('',#3444,#3443,#3860,.T.);
#2874=EDGE_CURVE('',#3441,#3444,#3861,.T.);
#2875=EDGE_CURVE('',#3445,#3446,#3862,.T.);
#2876=EDGE_CURVE('',#3445,#3447,#3863,.F.);
#2877=EDGE_CURVE('',#3447,#3448,#3864,.T.);
#2878=EDGE_CURVE('',#3448,#3446,#3865,.T.);
#2879=EDGE_CURVE('',#3449,#3450,#3866,.T.);
#2880=EDGE_CURVE('',#3450,#3451,#3867,.T.);
#2881=EDGE_CURVE('',#3452,#3451,#3868,.T.);
#2882=EDGE_CURVE('',#3449,#3452,#3869,.T.);
#2883=EDGE_CURVE('',#3453,#3454,#3870,.T.);
#2884=EDGE_CURVE('',#3453,#3455,#3871,.T.);
#2885=EDGE_CURVE('',#3456,#3455,#3872,.T.);
#2886=EDGE_CURVE('',#3454,#3456,#3873,.T.);
#2887=EDGE_CURVE('',#3457,#3458,#3874,.T.);
#2888=EDGE_CURVE('',#3458,#3459,#3875,.T.);
#2889=EDGE_CURVE('',#3460,#3459,#3876,.T.);
#2890=EDGE_CURVE('',#3457,#3460,#3877,.T.);
#2891=EDGE_CURVE('',#3461,#3462,#3878,.T.);
#2892=EDGE_CURVE('',#3462,#3463,#3879,.T.);
#2893=EDGE_CURVE('',#3464,#3463,#3880,.T.);
#2894=EDGE_CURVE('',#3461,#3464,#3881,.T.);
#2895=EDGE_CURVE('',#3465,#3466,#3882,.T.);
#2896=EDGE_CURVE('',#3466,#3467,#3883,.T.);
#2897=EDGE_CURVE('',#3467,#3468,#3884,.F.);
#2898=EDGE_CURVE('',#3465,#3468,#3885,.T.);
#2899=EDGE_CURVE('',#3469,#3470,#3886,.T.);
#2900=EDGE_CURVE('',#3469,#3471,#3887,.T.);
#2901=EDGE_CURVE('',#3471,#3472,#3888,.T.);
#2902=EDGE_CURVE('',#3470,#3472,#3889,.T.);
#2903=EDGE_CURVE('',#3473,#3474,#3890,.T.);
#2904=EDGE_CURVE('',#3473,#3475,#3891,.F.);
#2905=EDGE_CURVE('',#3475,#3476,#3892,.T.);
#2906=EDGE_CURVE('',#3476,#3474,#3893,.T.);
#2907=EDGE_CURVE('',#3477,#3478,#3894,.T.);
#2908=EDGE_CURVE('',#3477,#3479,#3895,.T.);
#2909=EDGE_CURVE('',#3479,#3480,#3896,.T.);
#2910=EDGE_CURVE('',#3478,#3480,#3897,.T.);
#2911=EDGE_CURVE('',#3481,#3482,#3898,.T.);
#2912=EDGE_CURVE('',#3482,#3483,#3899,.T.);
#2913=EDGE_CURVE('',#3484,#3483,#3900,.T.);
#2914=EDGE_CURVE('',#3484,#3481,#3901,.F.);
#2915=EDGE_CURVE('',#3485,#3486,#3902,.T.);
#2916=EDGE_CURVE('',#3486,#3487,#3903,.F.);
#2917=EDGE_CURVE('',#3488,#3487,#3904,.T.);
#2918=EDGE_CURVE('',#3488,#3485,#3905,.T.);
#2919=EDGE_CURVE('',#3489,#3490,#3906,.T.);
#2920=EDGE_CURVE('',#3489,#3491,#3907,.F.);
#2921=EDGE_CURVE('',#3491,#3492,#3908,.T.);
#2922=EDGE_CURVE('',#3492,#3490,#3909,.T.);
#2923=EDGE_CURVE('',#3493,#3494,#3910,.T.);
#2924=EDGE_CURVE('',#3494,#3495,#3911,.T.);
#2925=EDGE_CURVE('',#3495,#3496,#3912,.F.);
#2926=EDGE_CURVE('',#3493,#3496,#3913,.T.);
#2927=EDGE_CURVE('',#3497,#3497,#556,.T.);
#2928=EDGE_CURVE('',#3498,#3498,#557,.T.);
#2929=EDGE_CURVE('',#3499,#3499,#558,.T.);
#2930=EDGE_CURVE('',#3500,#3500,#559,.T.);
#2931=EDGE_CURVE('',#3491,#3493,#560,.F.);
#2932=EDGE_CURVE('',#3496,#3465,#561,.F.);
#2933=EDGE_CURVE('',#3468,#3448,#562,.F.);
#2934=EDGE_CURVE('',#3447,#3492,#563,.F.);
#2935=EDGE_CURVE('',#3475,#3482,#564,.T.);
#2936=EDGE_CURVE('',#3481,#3488,#565,.T.);
#2937=EDGE_CURVE('',#3487,#3436,#566,.T.);
#2938=EDGE_CURVE('',#3435,#3476,#567,.T.);
#2939=EDGE_CURVE('',#3485,#3484,#568,.F.);
#2940=EDGE_CURVE('',#3483,#3473,#569,.F.);
#2941=EDGE_CURVE('',#3474,#3434,#570,.F.);
#2942=EDGE_CURVE('',#3433,#3486,#571,.F.);
#2943=EDGE_CURVE('',#3467,#3446,#572,.F.);
#2944=EDGE_CURVE('',#3495,#3466,#573,.F.);
#2945=EDGE_CURVE('',#3489,#3494,#574,.F.);
#2946=EDGE_CURVE('',#3445,#3490,#575,.F.);
#2947=EDGE_CURVE('',#3470,#3479,#3914,.T.);
#2948=EDGE_CURVE('',#3469,#3477,#3915,.T.);
#2949=EDGE_CURVE('',#3471,#3478,#3916,.T.);
#2950=EDGE_CURVE('',#3472,#3480,#3917,.T.);
#2951=EDGE_CURVE('',#3450,#3430,#3918,.T.);
#2952=EDGE_CURVE('',#3451,#3429,#3919,.T.);
#2953=EDGE_CURVE('',#3452,#3432,#3920,.T.);
#2954=EDGE_CURVE('',#3449,#3431,#3921,.T.);
#2955=EDGE_CURVE('',#3453,#3438,#3922,.T.);
#2956=EDGE_CURVE('',#3455,#3437,#3923,.T.);
#2957=EDGE_CURVE('',#3456,#3440,#3924,.T.);
#2958=EDGE_CURVE('',#3454,#3439,#3925,.T.);
#2959=EDGE_CURVE('',#3458,#3426,#3926,.T.);
#2960=EDGE_CURVE('',#3459,#3425,#3927,.T.);
#2961=EDGE_CURVE('',#3460,#3428,#3928,.T.);
#2962=EDGE_CURVE('',#3457,#3427,#3929,.T.);
#2963=EDGE_CURVE('',#3462,#3442,#3930,.T.);
#2964=EDGE_CURVE('',#3463,#3441,#3931,.T.);
#2965=EDGE_CURVE('',#3464,#3444,#3932,.T.);
#2966=EDGE_CURVE('',#3461,#3443,#3933,.T.);
#2967=EDGE_CURVE('',#3502,#3502,#576,.T.);
#2968=EDGE_CURVE('',#3504,#3504,#577,.T.);
#2969=EDGE_CURVE('',#3506,#3506,#578,.T.);
#2970=EDGE_CURVE('',#3508,#3508,#579,.T.);
#2971=VERTEX_POINT('',#7204);
#2972=VERTEX_POINT('',#7205);
#2973=VERTEX_POINT('',#7207);
#2974=VERTEX_POINT('',#7209);
#2975=VERTEX_POINT('',#7211);
#2976=VERTEX_POINT('',#7213);
#2977=VERTEX_POINT('',#7215);
#2978=VERTEX_POINT('',#7217);
#2979=VERTEX_POINT('',#7222);
#2980=VERTEX_POINT('',#7223);
#2981=VERTEX_POINT('',#7227);
#2982=VERTEX_POINT('',#7231);
#2983=VERTEX_POINT('',#7235);
#2984=VERTEX_POINT('',#7239);
#2985=VERTEX_POINT('',#7243);
#2986=VERTEX_POINT('',#7245);
#2987=VERTEX_POINT('',#7247);
#2988=VERTEX_POINT('',#7249);
#2989=VERTEX_POINT('',#7251);
#2990=VERTEX_POINT('',#7253);
#2991=VERTEX_POINT('',#7255);
#2992=VERTEX_POINT('',#7259);
#2993=VERTEX_POINT('',#7263);
#2994=VERTEX_POINT('',#7267);
#2995=VERTEX_POINT('',#7271);
#2996=VERTEX_POINT('',#7275);
#2997=VERTEX_POINT('',#7279);
#2998=VERTEX_POINT('',#7283);
#2999=VERTEX_POINT('',#7285);
#3000=VERTEX_POINT('',#7287);
#3001=VERTEX_POINT('',#7289);
#3002=VERTEX_POINT('',#7293);
#3003=VERTEX_POINT('',#7295);
#3004=VERTEX_POINT('',#7297);
#3005=VERTEX_POINT('',#7301);
#3006=VERTEX_POINT('',#7306);
#3007=VERTEX_POINT('',#7307);
#3008=VERTEX_POINT('',#7309);
#3009=VERTEX_POINT('',#7311);
#3010=VERTEX_POINT('',#7313);
#3011=VERTEX_POINT('',#7315);
#3012=VERTEX_POINT('',#7317);
#3013=VERTEX_POINT('',#7319);
#3014=VERTEX_POINT('',#7321);
#3015=VERTEX_POINT('',#7323);
#3016=VERTEX_POINT('',#7325);
#3017=VERTEX_POINT('',#7327);
#3018=VERTEX_POINT('',#7329);
#3019=VERTEX_POINT('',#7331);
#3020=VERTEX_POINT('',#7333);
#3021=VERTEX_POINT('',#7335);
#3022=VERTEX_POINT('',#7337);
#3023=VERTEX_POINT('',#7339);
#3024=VERTEX_POINT('',#7341);
#3025=VERTEX_POINT('',#7343);
#3026=VERTEX_POINT('',#7345);
#3027=VERTEX_POINT('',#7347);
#3028=VERTEX_POINT('',#7349);
#3029=VERTEX_POINT('',#7351);
#3030=VERTEX_POINT('',#7353);
#3031=VERTEX_POINT('',#7355);
#3032=VERTEX_POINT('',#7357);
#3033=VERTEX_POINT('',#7361);
#3034=VERTEX_POINT('',#7363);
#3035=VERTEX_POINT('',#7367);
#3036=VERTEX_POINT('',#7369);
#3037=VERTEX_POINT('',#7371);
#3038=VERTEX_POINT('',#7376);
#3039=VERTEX_POINT('',#7377);
#3040=VERTEX_POINT('',#7381);
#3041=VERTEX_POINT('',#7385);
#3042=VERTEX_POINT('',#7387);
#3043=VERTEX_POINT('',#7389);
#3044=VERTEX_POINT('',#7391);
#3045=VERTEX_POINT('',#7393);
#3046=VERTEX_POINT('',#7395);
#3047=VERTEX_POINT('',#7397);
#3048=VERTEX_POINT('',#7399);
#3049=VERTEX_POINT('',#7403);
#3050=VERTEX_POINT('',#7407);
#3051=VERTEX_POINT('',#7411);
#3052=VERTEX_POINT('',#7415);
#3053=VERTEX_POINT('',#7417);
#3054=VERTEX_POINT('',#7419);
#3055=VERTEX_POINT('',#7421);
#3056=VERTEX_POINT('',#7423);
#3057=VERTEX_POINT('',#7425);
#3058=VERTEX_POINT('',#7427);
#3059=VERTEX_POINT('',#7429);
#3060=VERTEX_POINT('',#7431);
#3061=VERTEX_POINT('',#7433);
#3062=VERTEX_POINT('',#7435);
#3063=VERTEX_POINT('',#7437);
#3064=VERTEX_POINT('',#7439);
#3065=VERTEX_POINT('',#7441);
#3066=VERTEX_POINT('',#7443);
#3067=VERTEX_POINT('',#7446);
#3068=VERTEX_POINT('',#7447);
#3069=VERTEX_POINT('',#7449);
#3070=VERTEX_POINT('',#7451);
#3071=VERTEX_POINT('',#7453);
#3072=VERTEX_POINT('',#7455);
#3073=VERTEX_POINT('',#7457);
#3074=VERTEX_POINT('',#7459);
#3075=VERTEX_POINT('',#7461);
#3076=VERTEX_POINT('',#7463);
#3077=VERTEX_POINT('',#7465);
#3078=VERTEX_POINT('',#7467);
#3079=VERTEX_POINT('',#7469);
#3080=VERTEX_POINT('',#7471);
#3081=VERTEX_POINT('',#7473);
#3082=VERTEX_POINT('',#7475);
#3083=VERTEX_POINT('',#7477);
#3084=VERTEX_POINT('',#7479);
#3085=VERTEX_POINT('',#7481);
#3086=VERTEX_POINT('',#7483);
#3087=VERTEX_POINT('',#7485);
#3088=VERTEX_POINT('',#7490);
#3089=VERTEX_POINT('',#7491);
#3090=VERTEX_POINT('',#7495);
#3091=VERTEX_POINT('',#7499);
#3092=VERTEX_POINT('',#7501);
#3093=VERTEX_POINT('',#7503);
#3094=VERTEX_POINT('',#7505);
#3095=VERTEX_POINT('',#7507);
#3096=VERTEX_POINT('',#7509);
#3097=VERTEX_POINT('',#7511);
#3098=VERTEX_POINT('',#7513);
#3099=VERTEX_POINT('',#7515);
#3100=VERTEX_POINT('',#7517);
#3101=VERTEX_POINT('',#7519);
#3102=VERTEX_POINT('',#7523);
#3103=VERTEX_POINT('',#7527);
#3104=VERTEX_POINT('',#7531);
#3105=VERTEX_POINT('',#7535);
#3106=VERTEX_POINT('',#7539);
#3107=VERTEX_POINT('',#7541);
#3108=VERTEX_POINT('',#7543);
#3109=VERTEX_POINT('',#7545);
#3110=VERTEX_POINT('',#7547);
#3111=VERTEX_POINT('',#7549);
#3112=VERTEX_POINT('',#7551);
#3113=VERTEX_POINT('',#7556);
#3114=VERTEX_POINT('',#7557);
#3115=VERTEX_POINT('',#7559);
#3116=VERTEX_POINT('',#7561);
#3117=VERTEX_POINT('',#7563);
#3118=VERTEX_POINT('',#7565);
#3119=VERTEX_POINT('',#7567);
#3120=VERTEX_POINT('',#7569);
#3121=VERTEX_POINT('',#7571);
#3122=VERTEX_POINT('',#7573);
#3123=VERTEX_POINT('',#7575);
#3124=VERTEX_POINT('',#7577);
#3125=VERTEX_POINT('',#7579);
#3126=VERTEX_POINT('',#7583);
#3127=VERTEX_POINT('',#7587);
#3128=VERTEX_POINT('',#7591);
#3129=VERTEX_POINT('',#7595);
#3130=VERTEX_POINT('',#7599);
#3131=VERTEX_POINT('',#7603);
#3132=VERTEX_POINT('',#7605);
#3133=VERTEX_POINT('',#7607);
#3134=VERTEX_POINT('',#7609);
#3135=VERTEX_POINT('',#7611);
#3136=VERTEX_POINT('',#7614);
#3137=VERTEX_POINT('',#7615);
#3138=VERTEX_POINT('',#7617);
#3139=VERTEX_POINT('',#7619);
#3140=VERTEX_POINT('',#7621);
#3141=VERTEX_POINT('',#7623);
#3142=VERTEX_POINT('',#7625);
#3143=VERTEX_POINT('',#7627);
#3144=VERTEX_POINT('',#7631);
#3145=VERTEX_POINT('',#7633);
#3146=VERTEX_POINT('',#7637);
#3147=VERTEX_POINT('',#7639);
#3148=VERTEX_POINT('',#7641);
#3149=VERTEX_POINT('',#7645);
#3150=VERTEX_POINT('',#7649);
#3151=VERTEX_POINT('',#7653);
#3152=VERTEX_POINT('',#7658);
#3153=VERTEX_POINT('',#7659);
#3154=VERTEX_POINT('',#7663);
#3155=VERTEX_POINT('',#7667);
#3156=VERTEX_POINT('',#7669);
#3157=VERTEX_POINT('',#7671);
#3158=VERTEX_POINT('',#7673);
#3159=VERTEX_POINT('',#7675);
#3160=VERTEX_POINT('',#7677);
#3161=VERTEX_POINT('',#7679);
#3162=VERTEX_POINT('',#7681);
#3163=VERTEX_POINT('',#7685);
#3164=VERTEX_POINT('',#7689);
#3165=VERTEX_POINT('',#7693);
#3166=VERTEX_POINT('',#7697);
#3167=VERTEX_POINT('',#7699);
#3168=VERTEX_POINT('',#7701);
#3169=VERTEX_POINT('',#7703);
#3170=VERTEX_POINT('',#7705);
#3171=VERTEX_POINT('',#7707);
#3172=VERTEX_POINT('',#7711);
#3173=VERTEX_POINT('',#7713);
#3174=VERTEX_POINT('',#7717);
#3175=VERTEX_POINT('',#7718);
#3176=VERTEX_POINT('',#7723);
#3177=VERTEX_POINT('',#7725);
#3178=VERTEX_POINT('',#7729);
#3179=VERTEX_POINT('',#7731);
#3180=VERTEX_POINT('',#7751);
#3181=VERTEX_POINT('',#7755);
#3182=VERTEX_POINT('',#7766);
#3183=VERTEX_POINT('',#7779);
#3184=VERTEX_POINT('',#7792);
#3185=VERTEX_POINT('',#7798);
#3186=VERTEX_POINT('',#7802);
#3187=VERTEX_POINT('',#7813);
#3188=VERTEX_POINT('',#7819);
#3189=VERTEX_POINT('',#7823);
#3190=VERTEX_POINT('',#7827);
#3191=VERTEX_POINT('',#7838);
#3192=VERTEX_POINT('',#7851);
#3193=VERTEX_POINT('',#7864);
#3194=VERTEX_POINT('',#7877);
#3195=VERTEX_POINT('',#7890);
#3196=VERTEX_POINT('',#7903);
#3197=VERTEX_POINT('',#7916);
#3198=VERTEX_POINT('',#7922);
#3199=VERTEX_POINT('',#7926);
#3200=VERTEX_POINT('',#7930);
#3201=VERTEX_POINT('',#7934);
#3202=VERTEX_POINT('',#7938);
#3203=VERTEX_POINT('',#7942);
#3204=VERTEX_POINT('',#7953);
#3205=VERTEX_POINT('',#7966);
#3206=VERTEX_POINT('',#7979);
#3207=VERTEX_POINT('',#7997);
#3208=VERTEX_POINT('',#7999);
#3209=VERTEX_POINT('',#8003);
#3210=VERTEX_POINT('',#8007);
#3211=VERTEX_POINT('',#8011);
#3212=VERTEX_POINT('',#8015);
#3213=VERTEX_POINT('',#8026);
#3214=VERTEX_POINT('',#8032);
#3215=VERTEX_POINT('',#8043);
#3216=VERTEX_POINT('',#8049);
#3217=VERTEX_POINT('',#8053);
#3218=VERTEX_POINT('',#8057);
#3219=VERTEX_POINT('',#8061);
#3220=VERTEX_POINT('',#8065);
#3221=VERTEX_POINT('',#8069);
#3222=VERTEX_POINT('',#8073);
#3223=VERTEX_POINT('',#8077);
#3224=VERTEX_POINT('',#8081);
#3225=VERTEX_POINT('',#8085);
#3226=VERTEX_POINT('',#8089);
#3227=VERTEX_POINT('',#8093);
#3228=VERTEX_POINT('',#8097);
#3229=VERTEX_POINT('',#8101);
#3230=VERTEX_POINT('',#8105);
#3231=VERTEX_POINT('',#8109);
#3232=VERTEX_POINT('',#8113);
#3233=VERTEX_POINT('',#8117);
#3234=VERTEX_POINT('',#8121);
#3235=VERTEX_POINT('',#8125);
#3236=VERTEX_POINT('',#8129);
#3237=VERTEX_POINT('',#8133);
#3238=VERTEX_POINT('',#8137);
#3239=VERTEX_POINT('',#8151);
#3240=VERTEX_POINT('',#8155);
#3241=VERTEX_POINT('',#8166);
#3242=VERTEX_POINT('',#8172);
#3243=VERTEX_POINT('',#8176);
#3244=VERTEX_POINT('',#8180);
#3245=VERTEX_POINT('',#8184);
#3246=VERTEX_POINT('',#8188);
#3247=VERTEX_POINT('',#8192);
#3248=VERTEX_POINT('',#8196);
#3249=VERTEX_POINT('',#8200);
#3250=VERTEX_POINT('',#8204);
#3251=VERTEX_POINT('',#8208);
#3252=VERTEX_POINT('',#8212);
#3253=VERTEX_POINT('',#8216);
#3254=VERTEX_POINT('',#8220);
#3255=VERTEX_POINT('',#8224);
#3256=VERTEX_POINT('',#8228);
#3257=VERTEX_POINT('',#8239);
#3258=VERTEX_POINT('',#8252);
#3259=VERTEX_POINT('',#8265);
#3260=VERTEX_POINT('',#8278);
#3261=VERTEX_POINT('',#8284);
#3262=VERTEX_POINT('',#8288);
#3263=VERTEX_POINT('',#8292);
#3264=VERTEX_POINT('',#8296);
#3265=VERTEX_POINT('',#8300);
#3266=VERTEX_POINT('',#8304);
#3267=VERTEX_POINT('',#8308);
#3268=VERTEX_POINT('',#8324);
#3269=VERTEX_POINT('',#8326);
#3270=VERTEX_POINT('',#8330);
#3271=VERTEX_POINT('',#8334);
#3272=VERTEX_POINT('',#8338);
#3273=VERTEX_POINT('',#8342);
#3274=VERTEX_POINT('',#8346);
#3275=VERTEX_POINT('',#8350);
#3276=VERTEX_POINT('',#8354);
#3277=VERTEX_POINT('',#8358);
#3278=VERTEX_POINT('',#8362);
#3279=VERTEX_POINT('',#8366);
#3280=VERTEX_POINT('',#8370);
#3281=VERTEX_POINT('',#8374);
#3282=VERTEX_POINT('',#8378);
#3283=VERTEX_POINT('',#8382);
#3284=VERTEX_POINT('',#8386);
#3285=VERTEX_POINT('',#8390);
#3286=VERTEX_POINT('',#8394);
#3287=VERTEX_POINT('',#8398);
#3288=VERTEX_POINT('',#8402);
#3289=VERTEX_POINT('',#8416);
#3290=VERTEX_POINT('',#8420);
#3291=VERTEX_POINT('',#8431);
#3292=VERTEX_POINT('',#8444);
#3293=VERTEX_POINT('',#8450);
#3294=VERTEX_POINT('',#8454);
#3295=VERTEX_POINT('',#8458);
#3296=VERTEX_POINT('',#8462);
#3297=VERTEX_POINT('',#8466);
#3298=VERTEX_POINT('',#8470);
#3299=VERTEX_POINT('',#8481);
#3300=VERTEX_POINT('',#8494);
#3301=VERTEX_POINT('',#8507);
#3302=VERTEX_POINT('',#8520);
#3303=VERTEX_POINT('',#8533);
#3304=VERTEX_POINT('',#8539);
#3305=VERTEX_POINT('',#8543);
#3306=VERTEX_POINT('',#8547);
#3307=VERTEX_POINT('',#8551);
#3308=VERTEX_POINT('',#8555);
#3309=VERTEX_POINT('',#8559);
#3310=VERTEX_POINT('',#8563);
#3311=VERTEX_POINT('',#8567);
#3312=VERTEX_POINT('',#8571);
#3313=VERTEX_POINT('',#8575);
#3314=VERTEX_POINT('',#8591);
#3315=VERTEX_POINT('',#8593);
#3316=VERTEX_POINT('',#8597);
#3317=VERTEX_POINT('',#8601);
#3318=VERTEX_POINT('',#8605);
#3319=VERTEX_POINT('',#8609);
#3320=VERTEX_POINT('',#8613);
#3321=VERTEX_POINT('',#8617);
#3322=VERTEX_POINT('',#8628);
#3323=VERTEX_POINT('',#8641);
#3324=VERTEX_POINT('',#8654);
#3325=VERTEX_POINT('',#8667);
#3326=VERTEX_POINT('',#8680);
#3327=VERTEX_POINT('',#8693);
#3328=VERTEX_POINT('',#8699);
#3329=VERTEX_POINT('',#8703);
#3330=VERTEX_POINT('',#8707);
#3331=VERTEX_POINT('',#8711);
#3332=VERTEX_POINT('',#8715);
#3333=VERTEX_POINT('',#8719);
#3334=VERTEX_POINT('',#8723);
#3335=VERTEX_POINT('',#8727);
#3336=VERTEX_POINT('',#8731);
#3337=VERTEX_POINT('',#8735);
#3338=VERTEX_POINT('',#8736);
#3339=VERTEX_POINT('',#8738);
#3340=VERTEX_POINT('',#8740);
#3341=VERTEX_POINT('',#8753);
#3342=VERTEX_POINT('',#8755);
#3343=VERTEX_POINT('',#8761);
#3344=VERTEX_POINT('',#8763);
#3345=VERTEX_POINT('',#8776);
#3346=VERTEX_POINT('',#8778);
#3347=VERTEX_POINT('',#8793);
#3348=VERTEX_POINT('',#8795);
#3349=VERTEX_POINT('',#8810);
#3350=VERTEX_POINT('',#8812);
#3351=VERTEX_POINT('',#8818);
#3352=VERTEX_POINT('',#8820);
#3353=VERTEX_POINT('',#8842);
#3354=VERTEX_POINT('',#8844);
#3355=VERTEX_POINT('',#8848);
#3356=VERTEX_POINT('',#8859);
#3357=VERTEX_POINT('',#8872);
#3358=VERTEX_POINT('',#8885);
#3359=VERTEX_POINT('',#8898);
#3360=VERTEX_POINT('',#8904);
#3361=VERTEX_POINT('',#8908);
#3362=VERTEX_POINT('',#8919);
#3363=VERTEX_POINT('',#8925);
#3364=VERTEX_POINT('',#8936);
#3365=VERTEX_POINT('',#8942);
#3366=VERTEX_POINT('',#8946);
#3367=VERTEX_POINT('',#8950);
#3368=VERTEX_POINT('',#8954);
#3369=VERTEX_POINT('',#8958);
#3370=VERTEX_POINT('',#8959);
#3371=VERTEX_POINT('',#8961);
#3372=VERTEX_POINT('',#8963);
#3373=VERTEX_POINT('',#8976);
#3374=VERTEX_POINT('',#8978);
#3375=VERTEX_POINT('',#8984);
#3376=VERTEX_POINT('',#8986);
#3377=VERTEX_POINT('',#8999);
#3378=VERTEX_POINT('',#9001);
#3379=VERTEX_POINT('',#9016);
#3380=VERTEX_POINT('',#9018);
#3381=VERTEX_POINT('',#9033);
#3382=VERTEX_POINT('',#9035);
#3383=VERTEX_POINT('',#9050);
#3384=VERTEX_POINT('',#9052);
#3385=VERTEX_POINT('',#9058);
#3386=VERTEX_POINT('',#9060);
#3387=VERTEX_POINT('',#9064);
#3388=VERTEX_POINT('',#9065);
#3389=VERTEX_POINT('',#9067);
#3390=VERTEX_POINT('',#9069);
#3391=VERTEX_POINT('',#9073);
#3392=VERTEX_POINT('',#9075);
#3393=VERTEX_POINT('',#9079);
#3394=VERTEX_POINT('',#9081);
#3395=VERTEX_POINT('',#9094);
#3396=VERTEX_POINT('',#9096);
#3397=VERTEX_POINT('',#9111);
#3398=VERTEX_POINT('',#9113);
#3399=VERTEX_POINT('',#9128);
#3400=VERTEX_POINT('',#9130);
#3401=VERTEX_POINT('',#9145);
#3402=VERTEX_POINT('',#9147);
#3403=VERTEX_POINT('',#9153);
#3404=VERTEX_POINT('',#9155);
#3405=VERTEX_POINT('',#9199);
#3406=VERTEX_POINT('',#9203);
#3407=VERTEX_POINT('',#9207);
#3408=VERTEX_POINT('',#9211);
#3409=VERTEX_POINT('',#9215);
#3410=VERTEX_POINT('',#9219);
#3411=VERTEX_POINT('',#9223);
#3412=VERTEX_POINT('',#9227);
#3413=VERTEX_POINT('',#9231);
#3414=VERTEX_POINT('',#9242);
#3415=VERTEX_POINT('',#9255);
#3416=VERTEX_POINT('',#9268);
#3417=VERTEX_POINT('',#9281);
#3418=VERTEX_POINT('',#9287);
#3419=VERTEX_POINT('',#9291);
#3420=VERTEX_POINT('',#9295);
#3421=VERTEX_POINT('',#9299);
#3422=VERTEX_POINT('',#9303);
#3423=VERTEX_POINT('',#9307);
#3424=VERTEX_POINT('',#9311);
#3425=VERTEX_POINT('',#9328);
#3426=VERTEX_POINT('',#9329);
#3427=VERTEX_POINT('',#9331);
#3428=VERTEX_POINT('',#9333);
#3429=VERTEX_POINT('',#9336);
#3430=VERTEX_POINT('',#9337);
#3431=VERTEX_POINT('',#9339);
#3432=VERTEX_POINT('',#9341);
#3433=VERTEX_POINT('',#9344);
#3434=VERTEX_POINT('',#9345);
#3435=VERTEX_POINT('',#9347);
#3436=VERTEX_POINT('',#9349);
#3437=VERTEX_POINT('',#9352);
#3438=VERTEX_POINT('',#9353);
#3439=VERTEX_POINT('',#9355);
#3440=VERTEX_POINT('',#9357);
#3441=VERTEX_POINT('',#9360);
#3442=VERTEX_POINT('',#9361);
#3443=VERTEX_POINT('',#9363);
#3444=VERTEX_POINT('',#9365);
#3445=VERTEX_POINT('',#9369);
#3446=VERTEX_POINT('',#9370);
#3447=VERTEX_POINT('',#9372);
#3448=VERTEX_POINT('',#9374);
#3449=VERTEX_POINT('',#9377);
#3450=VERTEX_POINT('',#9378);
#3451=VERTEX_POINT('',#9380);
#3452=VERTEX_POINT('',#9382);
#3453=VERTEX_POINT('',#9385);
#3454=VERTEX_POINT('',#9386);
#3455=VERTEX_POINT('',#9388);
#3456=VERTEX_POINT('',#9390);
#3457=VERTEX_POINT('',#9393);
#3458=VERTEX_POINT('',#9394);
#3459=VERTEX_POINT('',#9396);
#3460=VERTEX_POINT('',#9398);
#3461=VERTEX_POINT('',#9401);
#3462=VERTEX_POINT('',#9402);
#3463=VERTEX_POINT('',#9404);
#3464=VERTEX_POINT('',#9406);
#3465=VERTEX_POINT('',#9410);
#3466=VERTEX_POINT('',#9411);
#3467=VERTEX_POINT('',#9413);
#3468=VERTEX_POINT('',#9415);
#3469=VERTEX_POINT('',#9418);
#3470=VERTEX_POINT('',#9419);
#3471=VERTEX_POINT('',#9421);
#3472=VERTEX_POINT('',#9423);
#3473=VERTEX_POINT('',#9427);
#3474=VERTEX_POINT('',#9428);
#3475=VERTEX_POINT('',#9430);
#3476=VERTEX_POINT('',#9432);
#3477=VERTEX_POINT('',#9435);
#3478=VERTEX_POINT('',#9436);
#3479=VERTEX_POINT('',#9438);
#3480=VERTEX_POINT('',#9440);
#3481=VERTEX_POINT('',#9444);
#3482=VERTEX_POINT('',#9445);
#3483=VERTEX_POINT('',#9447);
#3484=VERTEX_POINT('',#9449);
#3485=VERTEX_POINT('',#9453);
#3486=VERTEX_POINT('',#9454);
#3487=VERTEX_POINT('',#9456);
#3488=VERTEX_POINT('',#9458);
#3489=VERTEX_POINT('',#9462);
#3490=VERTEX_POINT('',#9463);
#3491=VERTEX_POINT('',#9465);
#3492=VERTEX_POINT('',#9467);
#3493=VERTEX_POINT('',#9471);
#3494=VERTEX_POINT('',#9472);
#3495=VERTEX_POINT('',#9474);
#3496=VERTEX_POINT('',#9476);
#3497=VERTEX_POINT('',#9480);
#3498=VERTEX_POINT('',#9482);
#3499=VERTEX_POINT('',#9484);
#3500=VERTEX_POINT('',#9486);
#3501=VERTEX_POINT('',#9554);
#3502=VERTEX_POINT('',#9556);
#3503=VERTEX_POINT('',#9559);
#3504=VERTEX_POINT('',#9561);
#3505=VERTEX_POINT('',#9564);
#3506=VERTEX_POINT('',#9566);
#3507=VERTEX_POINT('',#9569);
#3508=VERTEX_POINT('',#9571);
#3509=LINE('',#7203,#3934);
#3510=LINE('',#7208,#3935);
#3511=LINE('',#7212,#3936);
#3512=LINE('',#7216,#3937);
#3513=LINE('',#7248,#3938);
#3514=LINE('',#7288,#3939);
#3515=LINE('',#7305,#3940);
#3516=LINE('',#7312,#3941);
#3517=LINE('',#7318,#3942);
#3518=LINE('',#7324,#3943);
#3519=LINE('',#7328,#3944);
#3520=LINE('',#7332,#3945);
#3521=LINE('',#7338,#3946);
#3522=LINE('',#7344,#3947);
#3523=LINE('',#7350,#3948);
#3524=LINE('',#7356,#3949);
#3525=LINE('',#7362,#3950);
#3526=LINE('',#7368,#3951);
#3527=LINE('',#7386,#3952);
#3528=LINE('',#7392,#3953);
#3529=LINE('',#7398,#3954);
#3530=LINE('',#7416,#3955);
#3531=LINE('',#7422,#3956);
#3532=LINE('',#7428,#3957);
#3533=LINE('',#7434,#3958);
#3534=LINE('',#7440,#3959);
#3535=LINE('',#7448,#3960);
#3536=LINE('',#7454,#3961);
#3537=LINE('',#7460,#3962);
#3538=LINE('',#7466,#3963);
#3539=LINE('',#7472,#3964);
#3540=LINE('',#7478,#3965);
#3541=LINE('',#7484,#3966);
#3542=LINE('',#7504,#3967);
#3543=LINE('',#7514,#3968);
#3544=LINE('',#7544,#3969);
#3545=LINE('',#7555,#3970);
#3546=LINE('',#7562,#3971);
#3547=LINE('',#7568,#3972);
#3548=LINE('',#7574,#3973);
#3549=LINE('',#7608,#3974);
#3550=LINE('',#7620,#3975);
#3551=LINE('',#7657,#3976);
#3552=LINE('',#7668,#3977);
#3553=LINE('',#7674,#3978);
#3554=LINE('',#7680,#3979);
#3555=LINE('',#7698,#3980);
#3556=LINE('',#7704,#3981);
#3557=LINE('',#7710,#3982);
#3558=LINE('',#7712,#3983);
#3559=LINE('',#7714,#3984);
#3560=LINE('',#7716,#3985);
#3561=LINE('',#7719,#3986);
#3562=LINE('',#7720,#3987);
#3563=LINE('',#7722,#3988);
#3564=LINE('',#7724,#3989);
#3565=LINE('',#7726,#3990);
#3566=LINE('',#7728,#3991);
#3567=LINE('',#7730,#3992);
#3568=LINE('',#7732,#3993);
#3569=LINE('',#7750,#3994);
#3570=LINE('',#7756,#3995);
#3571=LINE('',#7765,#3996);
#3572=LINE('',#7778,#3997);
#3573=LINE('',#7791,#3998);
#3574=LINE('',#7797,#3999);
#3575=LINE('',#7801,#4000);
#3576=LINE('',#7812,#4001);
#3577=LINE('',#7818,#4002);
#3578=LINE('',#7820,#4003);
#3579=LINE('',#7822,#4004);
#3580=LINE('',#7826,#4005);
#3581=LINE('',#7837,#4006);
#3582=LINE('',#7850,#4007);
#3583=LINE('',#7863,#4008);
#3584=LINE('',#7876,#4009);
#3585=LINE('',#7889,#4010);
#3586=LINE('',#7902,#4011);
#3587=LINE('',#7915,#4012);
#3588=LINE('',#7921,#4013);
#3589=LINE('',#7925,#4014);
#3590=LINE('',#7929,#4015);
#3591=LINE('',#7933,#4016);
#3592=LINE('',#7935,#4017);
#3593=LINE('',#7937,#4018);
#3594=LINE('',#7941,#4019);
#3595=LINE('',#7952,#4020);
#3596=LINE('',#7965,#4021);
#3597=LINE('',#7978,#4022);
#3598=LINE('',#7996,#4023);
#3599=LINE('',#8000,#4024);
#3600=LINE('',#8002,#4025);
#3601=LINE('',#8004,#4026);
#3602=LINE('',#8006,#4027);
#3603=LINE('',#8010,#4028);
#3604=LINE('',#8014,#4029);
#3605=LINE('',#8016,#4030);
#3606=LINE('',#8025,#4031);
#3607=LINE('',#8031,#4032);
#3608=LINE('',#8033,#4033);
#3609=LINE('',#8042,#4034);
#3610=LINE('',#8048,#4035);
#3611=LINE('',#8050,#4036);
#3612=LINE('',#8052,#4037);
#3613=LINE('',#8056,#4038);
#3614=LINE('',#8060,#4039);
#3615=LINE('',#8062,#4040);
#3616=LINE('',#8064,#4041);
#3617=LINE('',#8068,#4042);
#3618=LINE('',#8072,#4043);
#3619=LINE('',#8074,#4044);
#3620=LINE('',#8076,#4045);
#3621=LINE('',#8080,#4046);
#3622=LINE('',#8084,#4047);
#3623=LINE('',#8086,#4048);
#3624=LINE('',#8088,#4049);
#3625=LINE('',#8092,#4050);
#3626=LINE('',#8096,#4051);
#3627=LINE('',#8098,#4052);
#3628=LINE('',#8100,#4053);
#3629=LINE('',#8104,#4054);
#3630=LINE('',#8106,#4055);
#3631=LINE('',#8108,#4056);
#3632=LINE('',#8112,#4057);
#3633=LINE('',#8114,#4058);
#3634=LINE('',#8116,#4059);
#3635=LINE('',#8120,#4060);
#3636=LINE('',#8124,#4061);
#3637=LINE('',#8126,#4062);
#3638=LINE('',#8128,#4063);
#3639=LINE('',#8132,#4064);
#3640=LINE('',#8136,#4065);
#3641=LINE('',#8138,#4066);
#3642=LINE('',#8150,#4067);
#3643=LINE('',#8156,#4068);
#3644=LINE('',#8165,#4069);
#3645=LINE('',#8171,#4070);
#3646=LINE('',#8175,#4071);
#3647=LINE('',#8179,#4072);
#3648=LINE('',#8181,#4073);
#3649=LINE('',#8183,#4074);
#3650=LINE('',#8187,#4075);
#3651=LINE('',#8191,#4076);
#3652=LINE('',#8193,#4077);
#3653=LINE('',#8195,#4078);
#3654=LINE('',#8199,#4079);
#3655=LINE('',#8203,#4080);
#3656=LINE('',#8205,#4081);
#3657=LINE('',#8207,#4082);
#3658=LINE('',#8211,#4083);
#3659=LINE('',#8215,#4084);
#3660=LINE('',#8217,#4085);
#3661=LINE('',#8219,#4086);
#3662=LINE('',#8223,#4087);
#3663=LINE('',#8227,#4088);
#3664=LINE('',#8229,#4089);
#3665=LINE('',#8238,#4090);
#3666=LINE('',#8251,#4091);
#3667=LINE('',#8264,#4092);
#3668=LINE('',#8277,#4093);
#3669=LINE('',#8283,#4094);
#3670=LINE('',#8285,#4095);
#3671=LINE('',#8287,#4096);
#3672=LINE('',#8291,#4097);
#3673=LINE('',#8295,#4098);
#3674=LINE('',#8297,#4099);
#3675=LINE('',#8299,#4100);
#3676=LINE('',#8303,#4101);
#3677=LINE('',#8307,#4102);
#3678=LINE('',#8309,#4103);
#3679=LINE('',#8323,#4104);
#3680=LINE('',#8325,#4105);
#3681=LINE('',#8327,#4106);
#3682=LINE('',#8329,#4107);
#3683=LINE('',#8333,#4108);
#3684=LINE('',#8337,#4109);
#3685=LINE('',#8339,#4110);
#3686=LINE('',#8341,#4111);
#3687=LINE('',#8345,#4112);
#3688=LINE('',#8349,#4113);
#3689=LINE('',#8351,#4114);
#3690=LINE('',#8353,#4115);
#3691=LINE('',#8357,#4116);
#3692=LINE('',#8361,#4117);
#3693=LINE('',#8363,#4118);
#3694=LINE('',#8365,#4119);
#3695=LINE('',#8369,#4120);
#3696=LINE('',#8373,#4121);
#3697=LINE('',#8375,#4122);
#3698=LINE('',#8377,#4123);
#3699=LINE('',#8381,#4124);
#3700=LINE('',#8385,#4125);
#3701=LINE('',#8387,#4126);
#3702=LINE('',#8389,#4127);
#3703=LINE('',#8393,#4128);
#3704=LINE('',#8397,#4129);
#3705=LINE('',#8399,#4130);
#3706=LINE('',#8401,#4131);
#3707=LINE('',#8415,#4132);
#3708=LINE('',#8421,#4133);
#3709=LINE('',#8430,#4134);
#3710=LINE('',#8443,#4135);
#3711=LINE('',#8449,#4136);
#3712=LINE('',#8453,#4137);
#3713=LINE('',#8457,#4138);
#3714=LINE('',#8461,#4139);
#3715=LINE('',#8463,#4140);
#3716=LINE('',#8465,#4141);
#3717=LINE('',#8469,#4142);
#3718=LINE('',#8480,#4143);
#3719=LINE('',#8493,#4144);
#3720=LINE('',#8506,#4145);
#3721=LINE('',#8519,#4146);
#3722=LINE('',#8532,#4147);
#3723=LINE('',#8538,#4148);
#3724=LINE('',#8542,#4149);
#3725=LINE('',#8546,#4150);
#3726=LINE('',#8548,#4151);
#3727=LINE('',#8550,#4152);
#3728=LINE('',#8554,#4153);
#3729=LINE('',#8558,#4154);
#3730=LINE('',#8562,#4155);
#3731=LINE('',#8566,#4156);
#3732=LINE('',#8568,#4157);
#3733=LINE('',#8570,#4158);
#3734=LINE('',#8574,#4159);
#3735=LINE('',#8590,#4160);
#3736=LINE('',#8594,#4161);
#3737=LINE('',#8596,#4162);
#3738=LINE('',#8598,#4163);
#3739=LINE('',#8600,#4164);
#3740=LINE('',#8604,#4165);
#3741=LINE('',#8608,#4166);
#3742=LINE('',#8610,#4167);
#3743=LINE('',#8612,#4168);
#3744=LINE('',#8616,#4169);
#3745=LINE('',#8627,#4170);
#3746=LINE('',#8640,#4171);
#3747=LINE('',#8653,#4172);
#3748=LINE('',#8666,#4173);
#3749=LINE('',#8679,#4174);
#3750=LINE('',#8692,#4175);
#3751=LINE('',#8698,#4176);
#3752=LINE('',#8702,#4177);
#3753=LINE('',#8706,#4178);
#3754=LINE('',#8708,#4179);
#3755=LINE('',#8710,#4180);
#3756=LINE('',#8714,#4181);
#3757=LINE('',#8718,#4182);
#3758=LINE('',#8720,#4183);
#3759=LINE('',#8722,#4184);
#3760=LINE('',#8726,#4185);
#3761=LINE('',#8730,#4186);
#3762=LINE('',#8732,#4187);
#3763=LINE('',#8734,#4188);
#3764=LINE('',#8737,#4189);
#3765=LINE('',#8739,#4190);
#3766=LINE('',#8741,#4191);
#3767=LINE('',#8754,#4192);
#3768=LINE('',#8762,#4193);
#3769=LINE('',#8777,#4194);
#3770=LINE('',#8794,#4195);
#3771=LINE('',#8811,#4196);
#3772=LINE('',#8819,#4197);
#3773=LINE('',#8841,#4198);
#3774=LINE('',#8845,#4199);
#3775=LINE('',#8847,#4200);
#3776=LINE('',#8858,#4201);
#3777=LINE('',#8871,#4202);
#3778=LINE('',#8884,#4203);
#3779=LINE('',#8897,#4204);
#3780=LINE('',#8903,#4205);
#3781=LINE('',#8907,#4206);
#3782=LINE('',#8918,#4207);
#3783=LINE('',#8924,#4208);
#3784=LINE('',#8935,#4209);
#3785=LINE('',#8941,#4210);
#3786=LINE('',#8945,#4211);
#3787=LINE('',#8949,#4212);
#3788=LINE('',#8953,#4213);
#3789=LINE('',#8955,#4214);
#3790=LINE('',#8957,#4215);
#3791=LINE('',#8960,#4216);
#3792=LINE('',#8962,#4217);
#3793=LINE('',#8964,#4218);
#3794=LINE('',#8977,#4219);
#3795=LINE('',#8985,#4220);
#3796=LINE('',#9000,#4221);
#3797=LINE('',#9017,#4222);
#3798=LINE('',#9034,#4223);
#3799=LINE('',#9051,#4224);
#3800=LINE('',#9057,#4225);
#3801=LINE('',#9059,#4226);
#3802=LINE('',#9061,#4227);
#3803=LINE('',#9063,#4228);
#3804=LINE('',#9066,#4229);
#3805=LINE('',#9068,#4230);
#3806=LINE('',#9070,#4231);
#3807=LINE('',#9074,#4232);
#3808=LINE('',#9078,#4233);
#3809=LINE('',#9080,#4234);
#3810=LINE('',#9082,#4235);
#3811=LINE('',#9095,#4236);
#3812=LINE('',#9112,#4237);
#3813=LINE('',#9129,#4238);
#3814=LINE('',#9146,#4239);
#3815=LINE('',#9154,#4240);
#3816=LINE('',#9198,#4241);
#3817=LINE('',#9204,#4242);
#3818=LINE('',#9206,#4243);
#3819=LINE('',#9208,#4244);
#3820=LINE('',#9210,#4245);
#3821=LINE('',#9214,#4246);
#3822=LINE('',#9218,#4247);
#3823=LINE('',#9220,#4248);
#3824=LINE('',#9222,#4249);
#3825=LINE('',#9226,#4250);
#3826=LINE('',#9230,#4251);
#3827=LINE('',#9232,#4252);
#3828=LINE('',#9241,#4253);
#3829=LINE('',#9254,#4254);
#3830=LINE('',#9267,#4255);
#3831=LINE('',#9280,#4256);
#3832=LINE('',#9286,#4257);
#3833=LINE('',#9288,#4258);
#3834=LINE('',#9290,#4259);
#3835=LINE('',#9294,#4260);
#3836=LINE('',#9298,#4261);
#3837=LINE('',#9300,#4262);
#3838=LINE('',#9302,#4263);
#3839=LINE('',#9306,#4264);
#3840=LINE('',#9310,#4265);
#3841=LINE('',#9312,#4266);
#3842=LINE('',#9327,#4267);
#3843=LINE('',#9330,#4268);
#3844=LINE('',#9332,#4269);
#3845=LINE('',#9334,#4270);
#3846=LINE('',#9335,#4271);
#3847=LINE('',#9338,#4272);
#3848=LINE('',#9340,#4273);
#3849=LINE('',#9342,#4274);
#3850=LINE('',#9343,#4275);
#3851=LINE('',#9346,#4276);
#3852=LINE('',#9348,#4277);
#3853=LINE('',#9350,#4278);
#3854=LINE('',#9351,#4279);
#3855=LINE('',#9354,#4280);
#3856=LINE('',#9356,#4281);
#3857=LINE('',#9358,#4282);
#3858=LINE('',#9359,#4283);
#3859=LINE('',#9362,#4284);
#3860=LINE('',#9364,#4285);
#3861=LINE('',#9366,#4286);
#3862=LINE('',#9368,#4287);
#3863=LINE('',#9371,#4288);
#3864=LINE('',#9373,#4289);
#3865=LINE('',#9375,#4290);
#3866=LINE('',#9376,#4291);
#3867=LINE('',#9379,#4292);
#3868=LINE('',#9381,#4293);
#3869=LINE('',#9383,#4294);
#3870=LINE('',#9384,#4295);
#3871=LINE('',#9387,#4296);
#3872=LINE('',#9389,#4297);
#3873=LINE('',#9391,#4298);
#3874=LINE('',#9392,#4299);
#3875=LINE('',#9395,#4300);
#3876=LINE('',#9397,#4301);
#3877=LINE('',#9399,#4302);
#3878=LINE('',#9400,#4303);
#3879=LINE('',#9403,#4304);
#3880=LINE('',#9405,#4305);
#3881=LINE('',#9407,#4306);
#3882=LINE('',#9409,#4307);
#3883=LINE('',#9412,#4308);
#3884=LINE('',#9414,#4309);
#3885=LINE('',#9416,#4310);
#3886=LINE('',#9417,#4311);
#3887=LINE('',#9420,#4312);
#3888=LINE('',#9422,#4313);
#3889=LINE('',#9424,#4314);
#3890=LINE('',#9426,#4315);
#3891=LINE('',#9429,#4316);
#3892=LINE('',#9431,#4317);
#3893=LINE('',#9433,#4318);
#3894=LINE('',#9434,#4319);
#3895=LINE('',#9437,#4320);
#3896=LINE('',#9439,#4321);
#3897=LINE('',#9441,#4322);
#3898=LINE('',#9443,#4323);
#3899=LINE('',#9446,#4324);
#3900=LINE('',#9448,#4325);
#3901=LINE('',#9450,#4326);
#3902=LINE('',#9452,#4327);
#3903=LINE('',#9455,#4328);
#3904=LINE('',#9457,#4329);
#3905=LINE('',#9459,#4330);
#3906=LINE('',#9461,#4331);
#3907=LINE('',#9464,#4332);
#3908=LINE('',#9466,#4333);
#3909=LINE('',#9468,#4334);
#3910=LINE('',#9470,#4335);
#3911=LINE('',#9473,#4336);
#3912=LINE('',#9475,#4337);
#3913=LINE('',#9477,#4338);
#3914=LINE('',#9514,#4339);
#3915=LINE('',#9515,#4340);
#3916=LINE('',#9517,#4341);
#3917=LINE('',#9519,#4342);
#3918=LINE('',#9522,#4343);
#3919=LINE('',#9523,#4344);
#3920=LINE('',#9525,#4345);
#3921=LINE('',#9527,#4346);
#3922=LINE('',#9530,#4347);
#3923=LINE('',#9531,#4348);
#3924=LINE('',#9533,#4349);
#3925=LINE('',#9535,#4350);
#3926=LINE('',#9538,#4351);
#3927=LINE('',#9539,#4352);
#3928=LINE('',#9541,#4353);
#3929=LINE('',#9543,#4354);
#3930=LINE('',#9546,#4355);
#3931=LINE('',#9547,#4356);
#3932=LINE('',#9549,#4357);
#3933=LINE('',#9551,#4358);
#3934=VECTOR('',#5866,1.);
#3935=VECTOR('',#5869,1.);
#3936=VECTOR('',#5872,1.);
#3937=VECTOR('',#5875,1.);
#3938=VECTOR('',#5882,1.);
#3939=VECTOR('',#5893,1.);
#3940=VECTOR('',#5898,1.);
#3941=VECTOR('',#5903,1.);
#3942=VECTOR('',#5908,1.);
#3943=VECTOR('',#5913,1.);
#3944=VECTOR('',#5916,1.);
#3945=VECTOR('',#5919,1.);
#3946=VECTOR('',#5924,1.);
#3947=VECTOR('',#5929,1.);
#3948=VECTOR('',#5934,1.);
#3949=VECTOR('',#5939,1.);
#3950=VECTOR('',#5940,1.);
#3951=VECTOR('',#5941,1.);
#3952=VECTOR('',#5946,1.);
#3953=VECTOR('',#5951,1.);
#3954=VECTOR('',#5956,1.);
#3955=VECTOR('',#5957,1.);
#3956=VECTOR('',#5962,1.);
#3957=VECTOR('',#5967,1.);
#3958=VECTOR('',#5972,1.);
#3959=VECTOR('',#5977,1.);
#3960=VECTOR('',#5984,1.);
#3961=VECTOR('',#5989,1.);
#3962=VECTOR('',#5994,1.);
#3963=VECTOR('',#5999,1.);
#3964=VECTOR('',#6004,1.);
#3965=VECTOR('',#6009,1.);
#3966=VECTOR('',#6014,1.);
#3967=VECTOR('',#6021,1.);
#3968=VECTOR('',#6030,1.);
#3969=VECTOR('',#6039,1.);
#3970=VECTOR('',#6046,1.);
#3971=VECTOR('',#6051,1.);
#3972=VECTOR('',#6056,1.);
#3973=VECTOR('',#6061,1.);
#3974=VECTOR('',#6070,1.);
#3975=VECTOR('',#6081,1.);
#3976=VECTOR('',#6094,1.);
#3977=VECTOR('',#6095,1.);
#3978=VECTOR('',#6100,1.);
#3979=VECTOR('',#6105,1.);
#3980=VECTOR('',#6106,1.);
#3981=VECTOR('',#6111,1.);
#3982=VECTOR('',#6118,1.);
#3983=VECTOR('',#6119,1.);
#3984=VECTOR('',#6120,1.);
#3985=VECTOR('',#6123,1.);
#3986=VECTOR('',#6124,1.);
#3987=VECTOR('',#6125,1.);
#3988=VECTOR('',#6128,1.);
#3989=VECTOR('',#6129,1.);
#3990=VECTOR('',#6130,1.);
#3991=VECTOR('',#6133,1.);
#3992=VECTOR('',#6134,1.);
#3993=VECTOR('',#6135,1.);
#3994=VECTOR('',#6154,1.);
#3995=VECTOR('',#6155,1.);
#3996=VECTOR('',#6156,1.);
#3997=VECTOR('',#6157,1.);
#3998=VECTOR('',#6158,1.);
#3999=VECTOR('',#6161,1.);
#4000=VECTOR('',#6166,1.);
#4001=VECTOR('',#6169,1.);
#4002=VECTOR('',#6172,1.);
#4003=VECTOR('',#6173,1.);
#4004=VECTOR('',#6176,1.);
#4005=VECTOR('',#6181,1.);
#4006=VECTOR('',#6184,1.);
#4007=VECTOR('',#6185,1.);
#4008=VECTOR('',#6186,1.);
#4009=VECTOR('',#6187,1.);
#4010=VECTOR('',#6188,1.);
#4011=VECTOR('',#6189,1.);
#4012=VECTOR('',#6190,1.);
#4013=VECTOR('',#6193,1.);
#4014=VECTOR('',#6198,1.);
#4015=VECTOR('',#6203,1.);
#4016=VECTOR('',#6208,1.);
#4017=VECTOR('',#6209,1.);
#4018=VECTOR('',#6212,1.);
#4019=VECTOR('',#6217,1.);
#4020=VECTOR('',#6220,1.);
#4021=VECTOR('',#6221,1.);
#4022=VECTOR('',#6222,1.);
#4023=VECTOR('',#6227,1.);
#4024=VECTOR('',#6230,1.);
#4025=VECTOR('',#6233,1.);
#4026=VECTOR('',#6234,1.);
#4027=VECTOR('',#6237,1.);
#4028=VECTOR('',#6242,1.);
#4029=VECTOR('',#6247,1.);
#4030=VECTOR('',#6248,1.);
#4031=VECTOR('',#6249,1.);
#4032=VECTOR('',#6252,1.);
#4033=VECTOR('',#6253,1.);
#4034=VECTOR('',#6254,1.);
#4035=VECTOR('',#6257,1.);
#4036=VECTOR('',#6258,1.);
#4037=VECTOR('',#6261,1.);
#4038=VECTOR('',#6266,1.);
#4039=VECTOR('',#6271,1.);
#4040=VECTOR('',#6272,1.);
#4041=VECTOR('',#6275,1.);
#4042=VECTOR('',#6280,1.);
#4043=VECTOR('',#6285,1.);
#4044=VECTOR('',#6286,1.);
#4045=VECTOR('',#6289,1.);
#4046=VECTOR('',#6294,1.);
#4047=VECTOR('',#6299,1.);
#4048=VECTOR('',#6300,1.);
#4049=VECTOR('',#6303,1.);
#4050=VECTOR('',#6308,1.);
#4051=VECTOR('',#6313,1.);
#4052=VECTOR('',#6314,1.);
#4053=VECTOR('',#6317,1.);
#4054=VECTOR('',#6322,1.);
#4055=VECTOR('',#6323,1.);
#4056=VECTOR('',#6326,1.);
#4057=VECTOR('',#6331,1.);
#4058=VECTOR('',#6332,1.);
#4059=VECTOR('',#6335,1.);
#4060=VECTOR('',#6340,1.);
#4061=VECTOR('',#6345,1.);
#4062=VECTOR('',#6346,1.);
#4063=VECTOR('',#6349,1.);
#4064=VECTOR('',#6354,1.);
#4065=VECTOR('',#6359,1.);
#4066=VECTOR('',#6360,1.);
#4067=VECTOR('',#6367,1.);
#4068=VECTOR('',#6368,1.);
#4069=VECTOR('',#6369,1.);
#4070=VECTOR('',#6372,1.);
#4071=VECTOR('',#6377,1.);
#4072=VECTOR('',#6382,1.);
#4073=VECTOR('',#6383,1.);
#4074=VECTOR('',#6386,1.);
#4075=VECTOR('',#6391,1.);
#4076=VECTOR('',#6396,1.);
#4077=VECTOR('',#6397,1.);
#4078=VECTOR('',#6400,1.);
#4079=VECTOR('',#6405,1.);
#4080=VECTOR('',#6410,1.);
#4081=VECTOR('',#6411,1.);
#4082=VECTOR('',#6414,1.);
#4083=VECTOR('',#6419,1.);
#4084=VECTOR('',#6424,1.);
#4085=VECTOR('',#6425,1.);
#4086=VECTOR('',#6428,1.);
#4087=VECTOR('',#6433,1.);
#4088=VECTOR('',#6438,1.);
#4089=VECTOR('',#6439,1.);
#4090=VECTOR('',#6440,1.);
#4091=VECTOR('',#6441,1.);
#4092=VECTOR('',#6442,1.);
#4093=VECTOR('',#6443,1.);
#4094=VECTOR('',#6446,1.);
#4095=VECTOR('',#6447,1.);
#4096=VECTOR('',#6450,1.);
#4097=VECTOR('',#6455,1.);
#4098=VECTOR('',#6460,1.);
#4099=VECTOR('',#6461,1.);
#4100=VECTOR('',#6464,1.);
#4101=VECTOR('',#6469,1.);
#4102=VECTOR('',#6474,1.);
#4103=VECTOR('',#6475,1.);
#4104=VECTOR('',#6480,1.);
#4105=VECTOR('',#6481,1.);
#4106=VECTOR('',#6482,1.);
#4107=VECTOR('',#6485,1.);
#4108=VECTOR('',#6490,1.);
#4109=VECTOR('',#6495,1.);
#4110=VECTOR('',#6496,1.);
#4111=VECTOR('',#6499,1.);
#4112=VECTOR('',#6504,1.);
#4113=VECTOR('',#6509,1.);
#4114=VECTOR('',#6510,1.);
#4115=VECTOR('',#6513,1.);
#4116=VECTOR('',#6518,1.);
#4117=VECTOR('',#6523,1.);
#4118=VECTOR('',#6524,1.);
#4119=VECTOR('',#6527,1.);
#4120=VECTOR('',#6532,1.);
#4121=VECTOR('',#6537,1.);
#4122=VECTOR('',#6538,1.);
#4123=VECTOR('',#6541,1.);
#4124=VECTOR('',#6546,1.);
#4125=VECTOR('',#6551,1.);
#4126=VECTOR('',#6552,1.);
#4127=VECTOR('',#6555,1.);
#4128=VECTOR('',#6560,1.);
#4129=VECTOR('',#6565,1.);
#4130=VECTOR('',#6566,1.);
#4131=VECTOR('',#6569,1.);
#4132=VECTOR('',#6578,1.);
#4133=VECTOR('',#6579,1.);
#4134=VECTOR('',#6580,1.);
#4135=VECTOR('',#6581,1.);
#4136=VECTOR('',#6584,1.);
#4137=VECTOR('',#6589,1.);
#4138=VECTOR('',#6594,1.);
#4139=VECTOR('',#6599,1.);
#4140=VECTOR('',#6600,1.);
#4141=VECTOR('',#6603,1.);
#4142=VECTOR('',#6608,1.);
#4143=VECTOR('',#6611,1.);
#4144=VECTOR('',#6612,1.);
#4145=VECTOR('',#6613,1.);
#4146=VECTOR('',#6614,1.);
#4147=VECTOR('',#6615,1.);
#4148=VECTOR('',#6618,1.);
#4149=VECTOR('',#6623,1.);
#4150=VECTOR('',#6628,1.);
#4151=VECTOR('',#6629,1.);
#4152=VECTOR('',#6632,1.);
#4153=VECTOR('',#6637,1.);
#4154=VECTOR('',#6642,1.);
#4155=VECTOR('',#6647,1.);
#4156=VECTOR('',#6652,1.);
#4157=VECTOR('',#6653,1.);
#4158=VECTOR('',#6656,1.);
#4159=VECTOR('',#6661,1.);
#4160=VECTOR('',#6668,1.);
#4161=VECTOR('',#6671,1.);
#4162=VECTOR('',#6674,1.);
#4163=VECTOR('',#6675,1.);
#4164=VECTOR('',#6678,1.);
#4165=VECTOR('',#6683,1.);
#4166=VECTOR('',#6688,1.);
#4167=VECTOR('',#6689,1.);
#4168=VECTOR('',#6692,1.);
#4169=VECTOR('',#6697,1.);
#4170=VECTOR('',#6700,1.);
#4171=VECTOR('',#6701,1.);
#4172=VECTOR('',#6702,1.);
#4173=VECTOR('',#6703,1.);
#4174=VECTOR('',#6704,1.);
#4175=VECTOR('',#6705,1.);
#4176=VECTOR('',#6708,1.);
#4177=VECTOR('',#6713,1.);
#4178=VECTOR('',#6718,1.);
#4179=VECTOR('',#6719,1.);
#4180=VECTOR('',#6722,1.);
#4181=VECTOR('',#6727,1.);
#4182=VECTOR('',#6732,1.);
#4183=VECTOR('',#6733,1.);
#4184=VECTOR('',#6736,1.);
#4185=VECTOR('',#6741,1.);
#4186=VECTOR('',#6746,1.);
#4187=VECTOR('',#6747,1.);
#4188=VECTOR('',#6750,1.);
#4189=VECTOR('',#6751,1.);
#4190=VECTOR('',#6752,1.);
#4191=VECTOR('',#6753,1.);
#4192=VECTOR('',#6754,1.);
#4193=VECTOR('',#6759,1.);
#4194=VECTOR('',#6762,1.);
#4195=VECTOR('',#6763,1.);
#4196=VECTOR('',#6764,1.);
#4197=VECTOR('',#6769,1.);
#4198=VECTOR('',#6782,1.);
#4199=VECTOR('',#6785,1.);
#4200=VECTOR('',#6788,1.);
#4201=VECTOR('',#6791,1.);
#4202=VECTOR('',#6792,1.);
#4203=VECTOR('',#6793,1.);
#4204=VECTOR('',#6794,1.);
#4205=VECTOR('',#6797,1.);
#4206=VECTOR('',#6802,1.);
#4207=VECTOR('',#6805,1.);
#4208=VECTOR('',#6808,1.);
#4209=VECTOR('',#6811,1.);
#4210=VECTOR('',#6814,1.);
#4211=VECTOR('',#6819,1.);
#4212=VECTOR('',#6824,1.);
#4213=VECTOR('',#6829,1.);
#4214=VECTOR('',#6830,1.);
#4215=VECTOR('',#6833,1.);
#4216=VECTOR('',#6834,1.);
#4217=VECTOR('',#6835,1.);
#4218=VECTOR('',#6836,1.);
#4219=VECTOR('',#6837,1.);
#4220=VECTOR('',#6842,1.);
#4221=VECTOR('',#6845,1.);
#4222=VECTOR('',#6846,1.);
#4223=VECTOR('',#6847,1.);
#4224=VECTOR('',#6848,1.);
#4225=VECTOR('',#6851,1.);
#4226=VECTOR('',#6852,1.);
#4227=VECTOR('',#6853,1.);
#4228=VECTOR('',#6856,1.);
#4229=VECTOR('',#6857,1.);
#4230=VECTOR('',#6858,1.);
#4231=VECTOR('',#6859,1.);
#4232=VECTOR('',#6864,1.);
#4233=VECTOR('',#6869,1.);
#4234=VECTOR('',#6870,1.);
#4235=VECTOR('',#6871,1.);
#4236=VECTOR('',#6872,1.);
#4237=VECTOR('',#6873,1.);
#4238=VECTOR('',#6874,1.);
#4239=VECTOR('',#6875,1.);
#4240=VECTOR('',#6880,1.);
#4241=VECTOR('',#6893,1.);
#4242=VECTOR('',#6894,1.);
#4243=VECTOR('',#6897,1.);
#4244=VECTOR('',#6898,1.);
#4245=VECTOR('',#6901,1.);
#4246=VECTOR('',#6906,1.);
#4247=VECTOR('',#6911,1.);
#4248=VECTOR('',#6912,1.);
#4249=VECTOR('',#6915,1.);
#4250=VECTOR('',#6920,1.);
#4251=VECTOR('',#6925,1.);
#4252=VECTOR('',#6926,1.);
#4253=VECTOR('',#6927,1.);
#4254=VECTOR('',#6928,1.);
#4255=VECTOR('',#6929,1.);
#4256=VECTOR('',#6930,1.);
#4257=VECTOR('',#6933,1.);
#4258=VECTOR('',#6934,1.);
#4259=VECTOR('',#6937,1.);
#4260=VECTOR('',#6942,1.);
#4261=VECTOR('',#6947,1.);
#4262=VECTOR('',#6948,1.);
#4263=VECTOR('',#6951,1.);
#4264=VECTOR('',#6956,1.);
#4265=VECTOR('',#6961,1.);
#4266=VECTOR('',#6962,1.);
#4267=VECTOR('',#6969,1.);
#4268=VECTOR('',#6970,1.);
#4269=VECTOR('',#6971,1.);
#4270=VECTOR('',#6972,1.);
#4271=VECTOR('',#6973,1.);
#4272=VECTOR('',#6974,1.);
#4273=VECTOR('',#6975,1.);
#4274=VECTOR('',#6976,1.);
#4275=VECTOR('',#6977,1.);
#4276=VECTOR('',#6978,1.);
#4277=VECTOR('',#6979,1.);
#4278=VECTOR('',#6980,1.);
#4279=VECTOR('',#6981,1.);
#4280=VECTOR('',#6982,1.);
#4281=VECTOR('',#6983,1.);
#4282=VECTOR('',#6984,1.);
#4283=VECTOR('',#6985,1.);
#4284=VECTOR('',#6986,1.);
#4285=VECTOR('',#6987,1.);
#4286=VECTOR('',#6988,1.);
#4287=VECTOR('',#6991,1.);
#4288=VECTOR('',#6992,1.);
#4289=VECTOR('',#6993,1.);
#4290=VECTOR('',#6994,1.);
#4291=VECTOR('',#6995,1.);
#4292=VECTOR('',#6996,1.);
#4293=VECTOR('',#6997,1.);
#4294=VECTOR('',#6998,1.);
#4295=VECTOR('',#6999,1.);
#4296=VECTOR('',#7000,1.);
#4297=VECTOR('',#7001,1.);
#4298=VECTOR('',#7002,1.);
#4299=VECTOR('',#7003,1.);
#4300=VECTOR('',#7004,1.);
#4301=VECTOR('',#7005,1.);
#4302=VECTOR('',#7006,1.);
#4303=VECTOR('',#7007,1.);
#4304=VECTOR('',#7008,1.);
#4305=VECTOR('',#7009,1.);
#4306=VECTOR('',#7010,1.);
#4307=VECTOR('',#7013,1.);
#4308=VECTOR('',#7014,1.);
#4309=VECTOR('',#7015,1.);
#4310=VECTOR('',#7016,1.);
#4311=VECTOR('',#7017,1.);
#4312=VECTOR('',#7018,1.);
#4313=VECTOR('',#7019,1.);
#4314=VECTOR('',#7020,1.);
#4315=VECTOR('',#7023,1.);
#4316=VECTOR('',#7024,1.);
#4317=VECTOR('',#7025,1.);
#4318=VECTOR('',#7026,1.);
#4319=VECTOR('',#7027,1.);
#4320=VECTOR('',#7028,1.);
#4321=VECTOR('',#7029,1.);
#4322=VECTOR('',#7030,1.);
#4323=VECTOR('',#7033,1.);
#4324=VECTOR('',#7034,1.);
#4325=VECTOR('',#7035,1.);
#4326=VECTOR('',#7036,1.);
#4327=VECTOR('',#7039,1.);
#4328=VECTOR('',#7040,1.);
#4329=VECTOR('',#7041,1.);
#4330=VECTOR('',#7042,1.);
#4331=VECTOR('',#7045,1.);
#4332=VECTOR('',#7046,1.);
#4333=VECTOR('',#7047,1.);
#4334=VECTOR('',#7048,1.);
#4335=VECTOR('',#7051,1.);
#4336=VECTOR('',#7052,1.);
#4337=VECTOR('',#7053,1.);
#4338=VECTOR('',#7054,1.);
#4339=VECTOR('',#7119,1.);
#4340=VECTOR('',#7120,1.);
#4341=VECTOR('',#7123,1.);
#4342=VECTOR('',#7126,1.);
#4343=VECTOR('',#7131,1.);
#4344=VECTOR('',#7132,1.);
#4345=VECTOR('',#7135,1.);
#4346=VECTOR('',#7138,1.);
#4347=VECTOR('',#7143,1.);
#4348=VECTOR('',#7144,1.);
#4349=VECTOR('',#7147,1.);
#4350=VECTOR('',#7150,1.);
#4351=VECTOR('',#7155,1.);
#4352=VECTOR('',#7156,1.);
#4353=VECTOR('',#7159,1.);
#4354=VECTOR('',#7162,1.);
#4355=VECTOR('',#7167,1.);
#4356=VECTOR('',#7168,1.);
#4357=VECTOR('',#7171,1.);
#4358=VECTOR('',#7174,1.);
#4359=EDGE_LOOP('',(#580,#581,#582,#583,#584,#585,#586,#587));
#4360=EDGE_LOOP('',(#588,#589,#590,#591,#592,#593,#594,#595,#596,#597,#598,
#599,#600,#601,#602,#603,#604,#605,#606,#607,#608,#609,#610,#611,#612,#613,
#614));
#4361=EDGE_LOOP('',(#615,#616,#617,#618,#619,#620,#621,#622,#623,#624,#625,
#626,#627,#628,#629,#630,#631,#632,#633,#634,#635,#636,#637,#638,#639,#640,
#641,#642,#643,#644,#645,#646));
#4362=EDGE_LOOP('',(#647,#648,#649,#650,#651,#652,#653,#654,#655,#656,#657,
#658,#659,#660,#661,#662,#663,#664,#665,#666,#667,#668,#669,#670,#671,#672,
#673,#674,#675));
#4363=EDGE_LOOP('',(#676,#677,#678,#679,#680,#681,#682,#683,#684,#685,#686,
#687,#688,#689,#690,#691,#692,#693,#694,#695,#696));
#4364=EDGE_LOOP('',(#697,#698,#699,#700,#701,#702,#703,#704,#705,#706,#707,
#708,#709,#710,#711,#712,#713,#714,#715,#716,#717,#718,#719,#720,#721));
#4365=EDGE_LOOP('',(#722,#723,#724,#725,#726,#727,#728,#729,#730,#731,#732,
#733,#734,#735,#736,#737,#738,#739,#740,#741,#742,#743,#744));
#4366=EDGE_LOOP('',(#745,#746,#747,#748,#749,#750,#751,#752,#753,#754,#755,
#756,#757,#758,#759,#760));
#4367=EDGE_LOOP('',(#761,#762,#763,#764,#765,#766,#767,#768,#769,#770,#771,
#772,#773,#774,#775,#776,#777,#778,#779,#780));
#4368=EDGE_LOOP('',(#781,#782,#783,#784));
#4369=EDGE_LOOP('',(#785,#786,#787,#788));
#4370=EDGE_LOOP('',(#789,#790,#791,#792));
#4371=EDGE_LOOP('',(#793,#794,#795,#796));
#4372=EDGE_LOOP('',(#797,#798,#799,#800,#801,#802,#803,#804));
#4373=EDGE_LOOP('',(#805,#806,#807,#808));
#4374=EDGE_LOOP('',(#809,#810,#811,#812));
#4375=EDGE_LOOP('',(#813,#814,#815,#816));
#4376=EDGE_LOOP('',(#817,#818,#819,#820));
#4377=EDGE_LOOP('',(#821,#822,#823,#824));
#4378=EDGE_LOOP('',(#825,#826,#827,#828));
#4379=EDGE_LOOP('',(#829,#830,#831,#832));
#4380=EDGE_LOOP('',(#833,#834,#835,#836));
#4381=EDGE_LOOP('',(#837,#838,#839,#840));
#4382=EDGE_LOOP('',(#841,#842,#843,#844));
#4383=EDGE_LOOP('',(#845,#846,#847,#848));
#4384=EDGE_LOOP('',(#849,#850,#851,#852));
#4385=EDGE_LOOP('',(#853,#854,#855,#856));
#4386=EDGE_LOOP('',(#857,#858,#859,#860));
#4387=EDGE_LOOP('',(#861,#862,#863,#864));
#4388=EDGE_LOOP('',(#865,#866,#867,#868));
#4389=EDGE_LOOP('',(#869,#870,#871,#872));
#4390=EDGE_LOOP('',(#873,#874,#875,#876));
#4391=EDGE_LOOP('',(#877,#878,#879,#880));
#4392=EDGE_LOOP('',(#881,#882,#883,#884));
#4393=EDGE_LOOP('',(#885,#886,#887,#888));
#4394=EDGE_LOOP('',(#889,#890,#891,#892));
#4395=EDGE_LOOP('',(#893,#894,#895,#896));
#4396=EDGE_LOOP('',(#897,#898,#899,#900));
#4397=EDGE_LOOP('',(#901,#902,#903,#904));
#4398=EDGE_LOOP('',(#905,#906,#907,#908));
#4399=EDGE_LOOP('',(#909,#910,#911,#912));
#4400=EDGE_LOOP('',(#913,#914,#915,#916));
#4401=EDGE_LOOP('',(#917,#918,#919,#920));
#4402=EDGE_LOOP('',(#921,#922,#923,#924));
#4403=EDGE_LOOP('',(#925,#926,#927,#928));
#4404=EDGE_LOOP('',(#929,#930,#931,#932,#933,#934,#935,#936,#937,#938,#939,
#940,#941,#942,#943,#944,#945,#946,#947,#948,#949,#950,#951,#952,#953,#954,
#955));
#4405=EDGE_LOOP('',(#956,#957,#958,#959));
#4406=EDGE_LOOP('',(#960,#961,#962,#963));
#4407=EDGE_LOOP('',(#964,#965,#966,#967));
#4408=EDGE_LOOP('',(#968,#969,#970,#971));
#4409=EDGE_LOOP('',(#972,#973,#974,#975));
#4410=EDGE_LOOP('',(#976,#977,#978,#979));
#4411=EDGE_LOOP('',(#980,#981,#982,#983));
#4412=EDGE_LOOP('',(#984,#985,#986,#987));
#4413=EDGE_LOOP('',(#988,#989,#990,#991));
#4414=EDGE_LOOP('',(#992,#993,#994,#995));
#4415=EDGE_LOOP('',(#996,#997,#998,#999));
#4416=EDGE_LOOP('',(#1000,#1001,#1002,#1003));
#4417=EDGE_LOOP('',(#1004,#1005,#1006,#1007));
#4418=EDGE_LOOP('',(#1008,#1009,#1010,#1011));
#4419=EDGE_LOOP('',(#1012,#1013,#1014,#1015));
#4420=EDGE_LOOP('',(#1016,#1017,#1018,#1019));
#4421=EDGE_LOOP('',(#1020,#1021,#1022,#1023));
#4422=EDGE_LOOP('',(#1024,#1025,#1026,#1027));
#4423=EDGE_LOOP('',(#1028,#1029,#1030,#1031));
#4424=EDGE_LOOP('',(#1032,#1033,#1034,#1035));
#4425=EDGE_LOOP('',(#1036,#1037,#1038,#1039));
#4426=EDGE_LOOP('',(#1040,#1041,#1042,#1043));
#4427=EDGE_LOOP('',(#1044,#1045,#1046,#1047));
#4428=EDGE_LOOP('',(#1048,#1049,#1050,#1051));
#4429=EDGE_LOOP('',(#1052,#1053,#1054,#1055));
#4430=EDGE_LOOP('',(#1056,#1057,#1058,#1059));
#4431=EDGE_LOOP('',(#1060,#1061,#1062,#1063));
#4432=EDGE_LOOP('',(#1064,#1065,#1066,#1067));
#4433=EDGE_LOOP('',(#1068,#1069,#1070,#1071));
#4434=EDGE_LOOP('',(#1072,#1073,#1074,#1075));
#4435=EDGE_LOOP('',(#1076,#1077,#1078,#1079));
#4436=EDGE_LOOP('',(#1080,#1081,#1082,#1083));
#4437=EDGE_LOOP('',(#1084,#1085,#1086,#1087,#1088,#1089,#1090,#1091,#1092,
#1093,#1094,#1095,#1096,#1097,#1098,#1099,#1100,#1101,#1102,#1103,#1104,
#1105,#1106,#1107,#1108,#1109,#1110,#1111,#1112,#1113,#1114,#1115));
#4438=EDGE_LOOP('',(#1116,#1117,#1118,#1119));
#4439=EDGE_LOOP('',(#1120,#1121,#1122,#1123));
#4440=EDGE_LOOP('',(#1124,#1125,#1126,#1127));
#4441=EDGE_LOOP('',(#1128,#1129,#1130,#1131));
#4442=EDGE_LOOP('',(#1132,#1133,#1134,#1135));
#4443=EDGE_LOOP('',(#1136,#1137,#1138,#1139));
#4444=EDGE_LOOP('',(#1140,#1141,#1142,#1143));
#4445=EDGE_LOOP('',(#1144,#1145,#1146,#1147));
#4446=EDGE_LOOP('',(#1148,#1149,#1150,#1151));
#4447=EDGE_LOOP('',(#1152,#1153,#1154,#1155));
#4448=EDGE_LOOP('',(#1156,#1157,#1158,#1159));
#4449=EDGE_LOOP('',(#1160,#1161,#1162,#1163));
#4450=EDGE_LOOP('',(#1164,#1165,#1166,#1167));
#4451=EDGE_LOOP('',(#1168,#1169,#1170,#1171));
#4452=EDGE_LOOP('',(#1172,#1173,#1174,#1175));
#4453=EDGE_LOOP('',(#1176,#1177,#1178,#1179));
#4454=EDGE_LOOP('',(#1180,#1181,#1182,#1183));
#4455=EDGE_LOOP('',(#1184,#1185,#1186,#1187));
#4456=EDGE_LOOP('',(#1188,#1189,#1190,#1191));
#4457=EDGE_LOOP('',(#1192,#1193,#1194,#1195));
#4458=EDGE_LOOP('',(#1196,#1197,#1198,#1199));
#4459=EDGE_LOOP('',(#1200,#1201,#1202,#1203));
#4460=EDGE_LOOP('',(#1204,#1205,#1206,#1207));
#4461=EDGE_LOOP('',(#1208,#1209,#1210,#1211));
#4462=EDGE_LOOP('',(#1212,#1213,#1214,#1215));
#4463=EDGE_LOOP('',(#1216,#1217,#1218,#1219));
#4464=EDGE_LOOP('',(#1220,#1221,#1222,#1223));
#4465=EDGE_LOOP('',(#1224,#1225,#1226,#1227));
#4466=EDGE_LOOP('',(#1228,#1229,#1230,#1231));
#4467=EDGE_LOOP('',(#1232,#1233,#1234,#1235,#1236,#1237,#1238,#1239,#1240,
#1241,#1242,#1243,#1244,#1245,#1246,#1247,#1248,#1249,#1250,#1251,#1252,
#1253,#1254,#1255,#1256,#1257,#1258,#1259,#1260));
#4468=EDGE_LOOP('',(#1261,#1262,#1263,#1264));
#4469=EDGE_LOOP('',(#1265,#1266,#1267,#1268));
#4470=EDGE_LOOP('',(#1269,#1270,#1271,#1272));
#4471=EDGE_LOOP('',(#1273,#1274,#1275,#1276));
#4472=EDGE_LOOP('',(#1277,#1278,#1279,#1280));
#4473=EDGE_LOOP('',(#1281,#1282,#1283,#1284));
#4474=EDGE_LOOP('',(#1285,#1286,#1287,#1288));
#4475=EDGE_LOOP('',(#1289,#1290,#1291,#1292));
#4476=EDGE_LOOP('',(#1293,#1294,#1295,#1296));
#4477=EDGE_LOOP('',(#1297,#1298,#1299,#1300));
#4478=EDGE_LOOP('',(#1301,#1302,#1303,#1304));
#4479=EDGE_LOOP('',(#1305,#1306,#1307,#1308));
#4480=EDGE_LOOP('',(#1309,#1310,#1311,#1312));
#4481=EDGE_LOOP('',(#1313,#1314,#1315,#1316));
#4482=EDGE_LOOP('',(#1317,#1318,#1319,#1320));
#4483=EDGE_LOOP('',(#1321,#1322,#1323,#1324));
#4484=EDGE_LOOP('',(#1325,#1326,#1327,#1328));
#4485=EDGE_LOOP('',(#1329,#1330,#1331,#1332));
#4486=EDGE_LOOP('',(#1333,#1334,#1335,#1336));
#4487=EDGE_LOOP('',(#1337,#1338,#1339,#1340));
#4488=EDGE_LOOP('',(#1341,#1342,#1343,#1344));
#4489=EDGE_LOOP('',(#1345,#1346,#1347,#1348,#1349,#1350,#1351,#1352,#1353,
#1354,#1355,#1356,#1357,#1358,#1359,#1360,#1361,#1362,#1363,#1364,#1365));
#4490=EDGE_LOOP('',(#1366,#1367,#1368,#1369));
#4491=EDGE_LOOP('',(#1370,#1371,#1372,#1373));
#4492=EDGE_LOOP('',(#1374,#1375,#1376,#1377));
#4493=EDGE_LOOP('',(#1378,#1379,#1380,#1381));
#4494=EDGE_LOOP('',(#1382,#1383,#1384,#1385));
#4495=EDGE_LOOP('',(#1386,#1387,#1388,#1389));
#4496=EDGE_LOOP('',(#1390,#1391,#1392,#1393));
#4497=EDGE_LOOP('',(#1394,#1395,#1396,#1397));
#4498=EDGE_LOOP('',(#1398,#1399,#1400,#1401));
#4499=EDGE_LOOP('',(#1402,#1403,#1404,#1405));
#4500=EDGE_LOOP('',(#1406,#1407,#1408,#1409));
#4501=EDGE_LOOP('',(#1410,#1411,#1412,#1413));
#4502=EDGE_LOOP('',(#1414,#1415,#1416,#1417));
#4503=EDGE_LOOP('',(#1418,#1419,#1420,#1421));
#4504=EDGE_LOOP('',(#1422,#1423,#1424,#1425));
#4505=EDGE_LOOP('',(#1426,#1427,#1428,#1429));
#4506=EDGE_LOOP('',(#1430,#1431,#1432,#1433));
#4507=EDGE_LOOP('',(#1434,#1435,#1436,#1437));
#4508=EDGE_LOOP('',(#1438,#1439,#1440,#1441));
#4509=EDGE_LOOP('',(#1442,#1443,#1444,#1445));
#4510=EDGE_LOOP('',(#1446,#1447,#1448,#1449));
#4511=EDGE_LOOP('',(#1450,#1451,#1452,#1453));
#4512=EDGE_LOOP('',(#1454,#1455,#1456,#1457));
#4513=EDGE_LOOP('',(#1458,#1459,#1460,#1461));
#4514=EDGE_LOOP('',(#1462,#1463,#1464,#1465));
#4515=EDGE_LOOP('',(#1466,#1467,#1468,#1469,#1470,#1471,#1472,#1473,#1474,
#1475,#1476,#1477,#1478,#1479,#1480,#1481,#1482,#1483,#1484,#1485,#1486,
#1487,#1488,#1489,#1490));
#4516=EDGE_LOOP('',(#1491,#1492,#1493,#1494));
#4517=EDGE_LOOP('',(#1495,#1496,#1497,#1498));
#4518=EDGE_LOOP('',(#1499,#1500,#1501,#1502));
#4519=EDGE_LOOP('',(#1503,#1504,#1505,#1506));
#4520=EDGE_LOOP('',(#1507,#1508,#1509,#1510));
#4521=EDGE_LOOP('',(#1511,#1512,#1513,#1514));
#4522=EDGE_LOOP('',(#1515,#1516,#1517,#1518));
#4523=EDGE_LOOP('',(#1519,#1520,#1521,#1522));
#4524=EDGE_LOOP('',(#1523,#1524,#1525,#1526));
#4525=EDGE_LOOP('',(#1527,#1528,#1529,#1530));
#4526=EDGE_LOOP('',(#1531,#1532,#1533,#1534));
#4527=EDGE_LOOP('',(#1535,#1536,#1537,#1538));
#4528=EDGE_LOOP('',(#1539,#1540,#1541,#1542));
#4529=EDGE_LOOP('',(#1543,#1544,#1545,#1546));
#4530=EDGE_LOOP('',(#1547,#1548,#1549,#1550));
#4531=EDGE_LOOP('',(#1551,#1552,#1553,#1554));
#4532=EDGE_LOOP('',(#1555,#1556,#1557,#1558));
#4533=EDGE_LOOP('',(#1559,#1560,#1561,#1562));
#4534=EDGE_LOOP('',(#1563,#1564,#1565,#1566));
#4535=EDGE_LOOP('',(#1567,#1568,#1569,#1570));
#4536=EDGE_LOOP('',(#1571,#1572,#1573,#1574));
#4537=EDGE_LOOP('',(#1575,#1576,#1577,#1578));
#4538=EDGE_LOOP('',(#1579,#1580,#1581,#1582));
#4539=EDGE_LOOP('',(#1583,#1584,#1585,#1586));
#4540=EDGE_LOOP('',(#1587,#1588,#1589,#1590));
#4541=EDGE_LOOP('',(#1591,#1592,#1593,#1594));
#4542=EDGE_LOOP('',(#1595,#1596,#1597,#1598));
#4543=EDGE_LOOP('',(#1599,#1600,#1601,#1602));
#4544=EDGE_LOOP('',(#1603,#1604,#1605,#1606));
#4545=EDGE_LOOP('',(#1607,#1608,#1609,#1610));
#4546=EDGE_LOOP('',(#1611,#1612,#1613,#1614));
#4547=EDGE_LOOP('',(#1615,#1616,#1617,#1618,#1619,#1620,#1621,#1622));
#4548=EDGE_LOOP('',(#1623,#1624,#1625,#1626,#1627,#1628,#1629,#1630,#1631,
#1632,#1633,#1634,#1635,#1636,#1637,#1638,#1639,#1640,#1641,#1642,#1643,
#1644,#1645));
#4549=EDGE_LOOP('',(#1646,#1647,#1648,#1649,#1650,#1651,#1652,#1653));
#4550=EDGE_LOOP('',(#1654,#1655,#1656,#1657));
#4551=EDGE_LOOP('',(#1658,#1659,#1660,#1661));
#4552=EDGE_LOOP('',(#1662,#1663,#1664,#1665));
#4553=EDGE_LOOP('',(#1666,#1667,#1668,#1669));
#4554=EDGE_LOOP('',(#1670,#1671,#1672,#1673));
#4555=EDGE_LOOP('',(#1674,#1675,#1676,#1677));
#4556=EDGE_LOOP('',(#1678,#1679,#1680,#1681));
#4557=EDGE_LOOP('',(#1682,#1683,#1684,#1685));
#4558=EDGE_LOOP('',(#1686,#1687,#1688,#1689));
#4559=EDGE_LOOP('',(#1690,#1691,#1692,#1693));
#4560=EDGE_LOOP('',(#1694,#1695,#1696,#1697));
#4561=EDGE_LOOP('',(#1698,#1699,#1700,#1701));
#4562=EDGE_LOOP('',(#1702,#1703,#1704,#1705));
#4563=EDGE_LOOP('',(#1706,#1707,#1708,#1709));
#4564=EDGE_LOOP('',(#1710,#1711,#1712,#1713));
#4565=EDGE_LOOP('',(#1714,#1715,#1716,#1717));
#4566=EDGE_LOOP('',(#1718,#1719,#1720,#1721));
#4567=EDGE_LOOP('',(#1722,#1723,#1724,#1725));
#4568=EDGE_LOOP('',(#1726,#1727,#1728,#1729));
#4569=EDGE_LOOP('',(#1730,#1731,#1732,#1733));
#4570=EDGE_LOOP('',(#1734,#1735,#1736,#1737));
#4571=EDGE_LOOP('',(#1738,#1739,#1740,#1741));
#4572=EDGE_LOOP('',(#1742,#1743,#1744,#1745));
#4573=EDGE_LOOP('',(#1746,#1747,#1748,#1749));
#4574=EDGE_LOOP('',(#1750,#1751,#1752,#1753));
#4575=EDGE_LOOP('',(#1754,#1755,#1756,#1757));
#4576=EDGE_LOOP('',(#1758,#1759,#1760,#1761));
#4577=EDGE_LOOP('',(#1762,#1763,#1764,#1765));
#4578=EDGE_LOOP('',(#1766,#1767,#1768,#1769));
#4579=EDGE_LOOP('',(#1770,#1771,#1772,#1773));
#4580=EDGE_LOOP('',(#1774,#1775,#1776,#1777));
#4581=EDGE_LOOP('',(#1778,#1779,#1780,#1781));
#4582=EDGE_LOOP('',(#1782,#1783,#1784,#1785));
#4583=EDGE_LOOP('',(#1786,#1787,#1788,#1789));
#4584=EDGE_LOOP('',(#1790,#1791,#1792,#1793,#1794,#1795,#1796,#1797,#1798));
#4585=EDGE_LOOP('',(#1799,#1800,#1801,#1802,#1803,#1804,#1805,#1806,#1807));
#4586=EDGE_LOOP('',(#1808,#1809,#1810,#1811,#1812,#1813,#1814,#1815,#1816,
#1817,#1818,#1819,#1820,#1821,#1822,#1823));
#4587=EDGE_LOOP('',(#1824,#1825,#1826,#1827,#1828,#1829,#1830,#1831,#1832));
#4588=EDGE_LOOP('',(#1833,#1834,#1835,#1836,#1837,#1838,#1839,#1840,#1841));
#4589=EDGE_LOOP('',(#1842,#1843,#1844,#1845));
#4590=EDGE_LOOP('',(#1846,#1847,#1848,#1849));
#4591=EDGE_LOOP('',(#1850,#1851,#1852,#1853));
#4592=EDGE_LOOP('',(#1854,#1855,#1856,#1857));
#4593=EDGE_LOOP('',(#1858,#1859,#1860,#1861));
#4594=EDGE_LOOP('',(#1862,#1863,#1864,#1865));
#4595=EDGE_LOOP('',(#1866,#1867,#1868,#1869));
#4596=EDGE_LOOP('',(#1870,#1871,#1872,#1873));
#4597=EDGE_LOOP('',(#1874,#1875,#1876,#1877));
#4598=EDGE_LOOP('',(#1878,#1879,#1880,#1881));
#4599=EDGE_LOOP('',(#1882,#1883,#1884,#1885));
#4600=EDGE_LOOP('',(#1886,#1887,#1888,#1889));
#4601=EDGE_LOOP('',(#1890,#1891,#1892,#1893));
#4602=EDGE_LOOP('',(#1894,#1895,#1896,#1897));
#4603=EDGE_LOOP('',(#1898,#1899,#1900,#1901));
#4604=EDGE_LOOP('',(#1902,#1903,#1904,#1905));
#4605=EDGE_LOOP('',(#1906,#1907,#1908,#1909));
#4606=EDGE_LOOP('',(#1910,#1911,#1912,#1913));
#4607=EDGE_LOOP('',(#1914,#1915,#1916,#1917));
#4608=EDGE_LOOP('',(#1918,#1919,#1920,#1921));
#4609=EDGE_LOOP('',(#1922,#1923,#1924,#1925,#1926,#1927,#1928,#1929,#1930,
#1931,#1932,#1933,#1934,#1935,#1936,#1937,#1938,#1939,#1940,#1941));
#4610=EDGE_LOOP('',(#1942,#1943,#1944,#1945));
#4611=EDGE_LOOP('',(#1946,#1947,#1948,#1949));
#4612=EDGE_LOOP('',(#1950,#1951,#1952,#1953));
#4613=EDGE_LOOP('',(#1954,#1955,#1956,#1957));
#4614=EDGE_LOOP('',(#1958,#1959,#1960,#1961));
#4615=EDGE_LOOP('',(#1962,#1963,#1964,#1965));
#4616=EDGE_LOOP('',(#1966,#1967,#1968,#1969));
#4617=EDGE_LOOP('',(#1970,#1971,#1972,#1973));
#4618=EDGE_LOOP('',(#1974,#1975,#1976,#1977));
#4619=EDGE_LOOP('',(#1978,#1979,#1980,#1981));
#4620=EDGE_LOOP('',(#1982,#1983,#1984,#1985));
#4621=EDGE_LOOP('',(#1986,#1987,#1988,#1989));
#4622=EDGE_LOOP('',(#1990,#1991,#1992,#1993));
#4623=EDGE_LOOP('',(#1994,#1995,#1996,#1997));
#4624=EDGE_LOOP('',(#1998,#1999,#2000,#2001));
#4625=EDGE_LOOP('',(#2002,#2003,#2004,#2005));
#4626=EDGE_LOOP('',(#2006,#2007,#2008,#2009));
#4627=EDGE_LOOP('',(#2010,#2011,#2012,#2013));
#4628=EDGE_LOOP('',(#2014));
#4629=EDGE_LOOP('',(#2015));
#4630=EDGE_LOOP('',(#2016));
#4631=EDGE_LOOP('',(#2017));
#4632=EDGE_LOOP('',(#2018,#2019,#2020,#2021,#2022,#2023,#2024,#2025));
#4633=EDGE_LOOP('',(#2026,#2027,#2028,#2029,#2030,#2031,#2032,#2033));
#4634=EDGE_LOOP('',(#2034,#2035,#2036,#2037,#2038,#2039,#2040,#2041));
#4635=EDGE_LOOP('',(#2042,#2043,#2044,#2045));
#4636=EDGE_LOOP('',(#2046,#2047,#2048,#2049));
#4637=EDGE_LOOP('',(#2050,#2051,#2052,#2053));
#4638=EDGE_LOOP('',(#2054,#2055,#2056,#2057));
#4639=EDGE_LOOP('',(#2058,#2059,#2060,#2061));
#4640=EDGE_LOOP('',(#2062,#2063,#2064,#2065));
#4641=EDGE_LOOP('',(#2066,#2067,#2068,#2069));
#4642=EDGE_LOOP('',(#2070,#2071,#2072,#2073));
#4643=EDGE_LOOP('',(#2074,#2075,#2076,#2077,#2078,#2079,#2080,#2081));
#4644=EDGE_LOOP('',(#2082,#2083,#2084,#2085));
#4645=EDGE_LOOP('',(#2086,#2087,#2088,#2089));
#4646=EDGE_LOOP('',(#2090,#2091,#2092,#2093));
#4647=EDGE_LOOP('',(#2094,#2095,#2096,#2097));
#4648=EDGE_LOOP('',(#2098,#2099,#2100,#2101));
#4649=EDGE_LOOP('',(#2102,#2103,#2104,#2105));
#4650=EDGE_LOOP('',(#2106,#2107,#2108,#2109));
#4651=EDGE_LOOP('',(#2110,#2111,#2112,#2113));
#4652=EDGE_LOOP('',(#2114,#2115,#2116,#2117));
#4653=EDGE_LOOP('',(#2118,#2119,#2120,#2121));
#4654=EDGE_LOOP('',(#2122,#2123,#2124,#2125));
#4655=EDGE_LOOP('',(#2126,#2127,#2128,#2129));
#4656=EDGE_LOOP('',(#2130,#2131,#2132,#2133));
#4657=EDGE_LOOP('',(#2134,#2135,#2136,#2137));
#4658=EDGE_LOOP('',(#2138,#2139,#2140,#2141));
#4659=EDGE_LOOP('',(#2142,#2143,#2144,#2145));
#4660=EDGE_LOOP('',(#2146,#2147,#2148,#2149));
#4661=EDGE_LOOP('',(#2150,#2151,#2152,#2153));
#4662=EDGE_LOOP('',(#2154,#2155,#2156,#2157));
#4663=EDGE_LOOP('',(#2158,#2159,#2160,#2161));
#4664=EDGE_LOOP('',(#2162));
#4665=EDGE_LOOP('',(#2163));
#4666=EDGE_LOOP('',(#2164));
#4667=EDGE_LOOP('',(#2165));
#4668=EDGE_LOOP('',(#2166));
#4669=EDGE_LOOP('',(#2167));
#4670=EDGE_LOOP('',(#2168));
#4671=EDGE_LOOP('',(#2169));
#4672=EDGE_LOOP('',(#2170));
#4673=EDGE_LOOP('',(#2171));
#4674=EDGE_LOOP('',(#2172));
#4675=EDGE_LOOP('',(#2173));
#4676=FACE_BOUND('',#4359,.T.);
#4677=FACE_BOUND('',#4360,.T.);
#4678=FACE_BOUND('',#4361,.T.);
#4679=FACE_BOUND('',#4362,.T.);
#4680=FACE_BOUND('',#4363,.T.);
#4681=FACE_BOUND('',#4364,.T.);
#4682=FACE_BOUND('',#4365,.T.);
#4683=FACE_BOUND('',#4366,.T.);
#4684=FACE_BOUND('',#4367,.T.);
#4685=FACE_BOUND('',#4368,.T.);
#4686=FACE_BOUND('',#4369,.T.);
#4687=FACE_BOUND('',#4370,.T.);
#4688=FACE_BOUND('',#4371,.T.);
#4689=FACE_BOUND('',#4372,.T.);
#4690=FACE_BOUND('',#4373,.T.);
#4691=FACE_BOUND('',#4374,.T.);
#4692=FACE_BOUND('',#4375,.T.);
#4693=FACE_BOUND('',#4376,.T.);
#4694=FACE_BOUND('',#4377,.T.);
#4695=FACE_BOUND('',#4378,.T.);
#4696=FACE_BOUND('',#4379,.T.);
#4697=FACE_BOUND('',#4380,.T.);
#4698=FACE_BOUND('',#4381,.T.);
#4699=FACE_BOUND('',#4382,.T.);
#4700=FACE_BOUND('',#4383,.T.);
#4701=FACE_BOUND('',#4384,.T.);
#4702=FACE_BOUND('',#4385,.T.);
#4703=FACE_BOUND('',#4386,.T.);
#4704=FACE_BOUND('',#4387,.T.);
#4705=FACE_BOUND('',#4388,.T.);
#4706=FACE_BOUND('',#4389,.T.);
#4707=FACE_BOUND('',#4390,.T.);
#4708=FACE_BOUND('',#4391,.T.);
#4709=FACE_BOUND('',#4392,.T.);
#4710=FACE_BOUND('',#4393,.T.);
#4711=FACE_BOUND('',#4394,.T.);
#4712=FACE_BOUND('',#4395,.T.);
#4713=FACE_BOUND('',#4396,.T.);
#4714=FACE_BOUND('',#4397,.T.);
#4715=FACE_BOUND('',#4398,.T.);
#4716=FACE_BOUND('',#4399,.T.);
#4717=FACE_BOUND('',#4400,.T.);
#4718=FACE_BOUND('',#4401,.T.);
#4719=FACE_BOUND('',#4402,.T.);
#4720=FACE_BOUND('',#4403,.T.);
#4721=FACE_BOUND('',#4404,.T.);
#4722=FACE_BOUND('',#4405,.T.);
#4723=FACE_BOUND('',#4406,.T.);
#4724=FACE_BOUND('',#4407,.T.);
#4725=FACE_BOUND('',#4408,.T.);
#4726=FACE_BOUND('',#4409,.T.);
#4727=FACE_BOUND('',#4410,.T.);
#4728=FACE_BOUND('',#4411,.T.);
#4729=FACE_BOUND('',#4412,.T.);
#4730=FACE_BOUND('',#4413,.T.);
#4731=FACE_BOUND('',#4414,.T.);
#4732=FACE_BOUND('',#4415,.T.);
#4733=FACE_BOUND('',#4416,.T.);
#4734=FACE_BOUND('',#4417,.T.);
#4735=FACE_BOUND('',#4418,.T.);
#4736=FACE_BOUND('',#4419,.T.);
#4737=FACE_BOUND('',#4420,.T.);
#4738=FACE_BOUND('',#4421,.T.);
#4739=FACE_BOUND('',#4422,.T.);
#4740=FACE_BOUND('',#4423,.T.);
#4741=FACE_BOUND('',#4424,.T.);
#4742=FACE_BOUND('',#4425,.T.);
#4743=FACE_BOUND('',#4426,.T.);
#4744=FACE_BOUND('',#4427,.T.);
#4745=FACE_BOUND('',#4428,.T.);
#4746=FACE_BOUND('',#4429,.T.);
#4747=FACE_BOUND('',#4430,.T.);
#4748=FACE_BOUND('',#4431,.T.);
#4749=FACE_BOUND('',#4432,.T.);
#4750=FACE_BOUND('',#4433,.T.);
#4751=FACE_BOUND('',#4434,.T.);
#4752=FACE_BOUND('',#4435,.T.);
#4753=FACE_BOUND('',#4436,.T.);
#4754=FACE_BOUND('',#4437,.T.);
#4755=FACE_BOUND('',#4438,.T.);
#4756=FACE_BOUND('',#4439,.T.);
#4757=FACE_BOUND('',#4440,.T.);
#4758=FACE_BOUND('',#4441,.T.);
#4759=FACE_BOUND('',#4442,.T.);
#4760=FACE_BOUND('',#4443,.T.);
#4761=FACE_BOUND('',#4444,.T.);
#4762=FACE_BOUND('',#4445,.T.);
#4763=FACE_BOUND('',#4446,.T.);
#4764=FACE_BOUND('',#4447,.T.);
#4765=FACE_BOUND('',#4448,.T.);
#4766=FACE_BOUND('',#4449,.T.);
#4767=FACE_BOUND('',#4450,.T.);
#4768=FACE_BOUND('',#4451,.T.);
#4769=FACE_BOUND('',#4452,.T.);
#4770=FACE_BOUND('',#4453,.T.);
#4771=FACE_BOUND('',#4454,.T.);
#4772=FACE_BOUND('',#4455,.T.);
#4773=FACE_BOUND('',#4456,.T.);
#4774=FACE_BOUND('',#4457,.T.);
#4775=FACE_BOUND('',#4458,.T.);
#4776=FACE_BOUND('',#4459,.T.);
#4777=FACE_BOUND('',#4460,.T.);
#4778=FACE_BOUND('',#4461,.T.);
#4779=FACE_BOUND('',#4462,.T.);
#4780=FACE_BOUND('',#4463,.T.);
#4781=FACE_BOUND('',#4464,.T.);
#4782=FACE_BOUND('',#4465,.T.);
#4783=FACE_BOUND('',#4466,.T.);
#4784=FACE_BOUND('',#4467,.T.);
#4785=FACE_BOUND('',#4468,.T.);
#4786=FACE_BOUND('',#4469,.T.);
#4787=FACE_BOUND('',#4470,.T.);
#4788=FACE_BOUND('',#4471,.T.);
#4789=FACE_BOUND('',#4472,.T.);
#4790=FACE_BOUND('',#4473,.T.);
#4791=FACE_BOUND('',#4474,.T.);
#4792=FACE_BOUND('',#4475,.T.);
#4793=FACE_BOUND('',#4476,.T.);
#4794=FACE_BOUND('',#4477,.T.);
#4795=FACE_BOUND('',#4478,.T.);
#4796=FACE_BOUND('',#4479,.T.);
#4797=FACE_BOUND('',#4480,.T.);
#4798=FACE_BOUND('',#4481,.T.);
#4799=FACE_BOUND('',#4482,.T.);
#4800=FACE_BOUND('',#4483,.T.);
#4801=FACE_BOUND('',#4484,.T.);
#4802=FACE_BOUND('',#4485,.T.);
#4803=FACE_BOUND('',#4486,.T.);
#4804=FACE_BOUND('',#4487,.T.);
#4805=FACE_BOUND('',#4488,.T.);
#4806=FACE_BOUND('',#4489,.T.);
#4807=FACE_BOUND('',#4490,.T.);
#4808=FACE_BOUND('',#4491,.T.);
#4809=FACE_BOUND('',#4492,.T.);
#4810=FACE_BOUND('',#4493,.T.);
#4811=FACE_BOUND('',#4494,.T.);
#4812=FACE_BOUND('',#4495,.T.);
#4813=FACE_BOUND('',#4496,.T.);
#4814=FACE_BOUND('',#4497,.T.);
#4815=FACE_BOUND('',#4498,.T.);
#4816=FACE_BOUND('',#4499,.T.);
#4817=FACE_BOUND('',#4500,.T.);
#4818=FACE_BOUND('',#4501,.T.);
#4819=FACE_BOUND('',#4502,.T.);
#4820=FACE_BOUND('',#4503,.T.);
#4821=FACE_BOUND('',#4504,.T.);
#4822=FACE_BOUND('',#4505,.T.);
#4823=FACE_BOUND('',#4506,.T.);
#4824=FACE_BOUND('',#4507,.T.);
#4825=FACE_BOUND('',#4508,.T.);
#4826=FACE_BOUND('',#4509,.T.);
#4827=FACE_BOUND('',#4510,.T.);
#4828=FACE_BOUND('',#4511,.T.);
#4829=FACE_BOUND('',#4512,.T.);
#4830=FACE_BOUND('',#4513,.T.);
#4831=FACE_BOUND('',#4514,.T.);
#4832=FACE_BOUND('',#4515,.T.);
#4833=FACE_BOUND('',#4516,.T.);
#4834=FACE_BOUND('',#4517,.T.);
#4835=FACE_BOUND('',#4518,.T.);
#4836=FACE_BOUND('',#4519,.T.);
#4837=FACE_BOUND('',#4520,.T.);
#4838=FACE_BOUND('',#4521,.T.);
#4839=FACE_BOUND('',#4522,.T.);
#4840=FACE_BOUND('',#4523,.T.);
#4841=FACE_BOUND('',#4524,.T.);
#4842=FACE_BOUND('',#4525,.T.);
#4843=FACE_BOUND('',#4526,.T.);
#4844=FACE_BOUND('',#4527,.T.);
#4845=FACE_BOUND('',#4528,.T.);
#4846=FACE_BOUND('',#4529,.T.);
#4847=FACE_BOUND('',#4530,.T.);
#4848=FACE_BOUND('',#4531,.T.);
#4849=FACE_BOUND('',#4532,.T.);
#4850=FACE_BOUND('',#4533,.T.);
#4851=FACE_BOUND('',#4534,.T.);
#4852=FACE_BOUND('',#4535,.T.);
#4853=FACE_BOUND('',#4536,.T.);
#4854=FACE_BOUND('',#4537,.T.);
#4855=FACE_BOUND('',#4538,.T.);
#4856=FACE_BOUND('',#4539,.T.);
#4857=FACE_BOUND('',#4540,.T.);
#4858=FACE_BOUND('',#4541,.T.);
#4859=FACE_BOUND('',#4542,.T.);
#4860=FACE_BOUND('',#4543,.T.);
#4861=FACE_BOUND('',#4544,.T.);
#4862=FACE_BOUND('',#4545,.T.);
#4863=FACE_BOUND('',#4546,.T.);
#4864=FACE_BOUND('',#4547,.T.);
#4865=FACE_BOUND('',#4548,.T.);
#4866=FACE_BOUND('',#4549,.T.);
#4867=FACE_BOUND('',#4550,.T.);
#4868=FACE_BOUND('',#4551,.T.);
#4869=FACE_BOUND('',#4552,.T.);
#4870=FACE_BOUND('',#4553,.T.);
#4871=FACE_BOUND('',#4554,.T.);
#4872=FACE_BOUND('',#4555,.T.);
#4873=FACE_BOUND('',#4556,.T.);
#4874=FACE_BOUND('',#4557,.T.);
#4875=FACE_BOUND('',#4558,.T.);
#4876=FACE_BOUND('',#4559,.T.);
#4877=FACE_BOUND('',#4560,.T.);
#4878=FACE_BOUND('',#4561,.T.);
#4879=FACE_BOUND('',#4562,.T.);
#4880=FACE_BOUND('',#4563,.T.);
#4881=FACE_BOUND('',#4564,.T.);
#4882=FACE_BOUND('',#4565,.T.);
#4883=FACE_BOUND('',#4566,.T.);
#4884=FACE_BOUND('',#4567,.T.);
#4885=FACE_BOUND('',#4568,.T.);
#4886=FACE_BOUND('',#4569,.T.);
#4887=FACE_BOUND('',#4570,.T.);
#4888=FACE_BOUND('',#4571,.T.);
#4889=FACE_BOUND('',#4572,.T.);
#4890=FACE_BOUND('',#4573,.T.);
#4891=FACE_BOUND('',#4574,.T.);
#4892=FACE_BOUND('',#4575,.T.);
#4893=FACE_BOUND('',#4576,.T.);
#4894=FACE_BOUND('',#4577,.T.);
#4895=FACE_BOUND('',#4578,.T.);
#4896=FACE_BOUND('',#4579,.T.);
#4897=FACE_BOUND('',#4580,.T.);
#4898=FACE_BOUND('',#4581,.T.);
#4899=FACE_BOUND('',#4582,.T.);
#4900=FACE_BOUND('',#4583,.T.);
#4901=FACE_BOUND('',#4584,.T.);
#4902=FACE_BOUND('',#4585,.T.);
#4903=FACE_BOUND('',#4586,.T.);
#4904=FACE_BOUND('',#4587,.T.);
#4905=FACE_BOUND('',#4588,.T.);
#4906=FACE_BOUND('',#4589,.T.);
#4907=FACE_BOUND('',#4590,.T.);
#4908=FACE_BOUND('',#4591,.T.);
#4909=FACE_BOUND('',#4592,.T.);
#4910=FACE_BOUND('',#4593,.T.);
#4911=FACE_BOUND('',#4594,.T.);
#4912=FACE_BOUND('',#4595,.T.);
#4913=FACE_BOUND('',#4596,.T.);
#4914=FACE_BOUND('',#4597,.T.);
#4915=FACE_BOUND('',#4598,.T.);
#4916=FACE_BOUND('',#4599,.T.);
#4917=FACE_BOUND('',#4600,.T.);
#4918=FACE_BOUND('',#4601,.T.);
#4919=FACE_BOUND('',#4602,.T.);
#4920=FACE_BOUND('',#4603,.T.);
#4921=FACE_BOUND('',#4604,.T.);
#4922=FACE_BOUND('',#4605,.T.);
#4923=FACE_BOUND('',#4606,.T.);
#4924=FACE_BOUND('',#4607,.T.);
#4925=FACE_BOUND('',#4608,.T.);
#4926=FACE_BOUND('',#4609,.T.);
#4927=FACE_BOUND('',#4610,.T.);
#4928=FACE_BOUND('',#4611,.T.);
#4929=FACE_BOUND('',#4612,.T.);
#4930=FACE_BOUND('',#4613,.T.);
#4931=FACE_BOUND('',#4614,.T.);
#4932=FACE_BOUND('',#4615,.T.);
#4933=FACE_BOUND('',#4616,.T.);
#4934=FACE_BOUND('',#4617,.T.);
#4935=FACE_BOUND('',#4618,.T.);
#4936=FACE_BOUND('',#4619,.T.);
#4937=FACE_BOUND('',#4620,.T.);
#4938=FACE_BOUND('',#4621,.T.);
#4939=FACE_BOUND('',#4622,.T.);
#4940=FACE_BOUND('',#4623,.T.);
#4941=FACE_BOUND('',#4624,.T.);
#4942=FACE_BOUND('',#4625,.T.);
#4943=FACE_BOUND('',#4626,.T.);
#4944=FACE_BOUND('',#4627,.T.);
#4945=FACE_BOUND('',#4628,.T.);
#4946=FACE_BOUND('',#4629,.T.);
#4947=FACE_BOUND('',#4630,.T.);
#4948=FACE_BOUND('',#4631,.T.);
#4949=FACE_BOUND('',#4632,.T.);
#4950=FACE_BOUND('',#4633,.T.);
#4951=FACE_BOUND('',#4634,.T.);
#4952=FACE_BOUND('',#4635,.T.);
#4953=FACE_BOUND('',#4636,.T.);
#4954=FACE_BOUND('',#4637,.T.);
#4955=FACE_BOUND('',#4638,.T.);
#4956=FACE_BOUND('',#4639,.T.);
#4957=FACE_BOUND('',#4640,.T.);
#4958=FACE_BOUND('',#4641,.T.);
#4959=FACE_BOUND('',#4642,.T.);
#4960=FACE_BOUND('',#4643,.T.);
#4961=FACE_BOUND('',#4644,.T.);
#4962=FACE_BOUND('',#4645,.T.);
#4963=FACE_BOUND('',#4646,.T.);
#4964=FACE_BOUND('',#4647,.T.);
#4965=FACE_BOUND('',#4648,.T.);
#4966=FACE_BOUND('',#4649,.T.);
#4967=FACE_BOUND('',#4650,.T.);
#4968=FACE_BOUND('',#4651,.T.);
#4969=FACE_BOUND('',#4652,.T.);
#4970=FACE_BOUND('',#4653,.T.);
#4971=FACE_BOUND('',#4654,.T.);
#4972=FACE_BOUND('',#4655,.T.);
#4973=FACE_BOUND('',#4656,.T.);
#4974=FACE_BOUND('',#4657,.T.);
#4975=FACE_BOUND('',#4658,.T.);
#4976=FACE_BOUND('',#4659,.T.);
#4977=FACE_BOUND('',#4660,.T.);
#4978=FACE_BOUND('',#4661,.T.);
#4979=FACE_BOUND('',#4662,.T.);
#4980=FACE_BOUND('',#4663,.T.);
#4981=FACE_BOUND('',#10,.T.);
#4982=FACE_BOUND('',#4664,.T.);
#4983=FACE_BOUND('',#4665,.T.);
#4984=FACE_BOUND('',#4666,.T.);
#4985=FACE_BOUND('',#11,.T.);
#4986=FACE_BOUND('',#4667,.T.);
#4987=FACE_BOUND('',#4668,.T.);
#4988=FACE_BOUND('',#4669,.T.);
#4989=FACE_BOUND('',#12,.T.);
#4990=FACE_BOUND('',#4670,.T.);
#4991=FACE_BOUND('',#4671,.T.);
#4992=FACE_BOUND('',#4672,.T.);
#4993=FACE_BOUND('',#13,.T.);
#4994=FACE_BOUND('',#4673,.T.);
#4995=FACE_BOUND('',#4674,.T.);
#4996=FACE_BOUND('',#4675,.T.);
#4997=PLANE('',#5406);
#4998=PLANE('',#5508);
#4999=PLANE('',#5509);
#5000=PLANE('',#5510);
#5001=PLANE('',#5511);
#5002=PLANE('',#5512);
#5003=PLANE('',#5525);
#5004=PLANE('',#5536);
#5005=PLANE('',#5541);
#5006=PLANE('',#5544);
#5007=PLANE('',#5549);
#5008=PLANE('',#5550);
#5009=PLANE('',#5551);
#5010=PLANE('',#5556);
#5011=PLANE('',#5561);
#5012=PLANE('',#5566);
#5013=PLANE('',#5571);
#5014=PLANE('',#5574);
#5015=PLANE('',#5577);
#5016=PLANE('',#5582);
#5017=PLANE('',#5587);
#5018=PLANE('',#5590);
#5019=PLANE('',#5595);
#5020=PLANE('',#5600);
#5021=PLANE('',#5605);
#5022=PLANE('',#5610);
#5023=PLANE('',#5615);
#5024=PLANE('',#5616);
#5025=PLANE('',#5621);
#5026=PLANE('',#5626);
#5027=PLANE('',#5627);
#5028=PLANE('',#5628);
#5029=PLANE('',#5633);
#5030=PLANE('',#5638);
#5031=PLANE('',#5643);
#5032=PLANE('',#5648);
#5033=PLANE('',#5653);
#5034=PLANE('',#5658);
#5035=PLANE('',#5663);
#5036=PLANE('',#5670);
#5037=PLANE('',#5679);
#5038=PLANE('',#5688);
#5039=PLANE('',#5693);
#5040=PLANE('',#5696);
#5041=PLANE('',#5701);
#5042=PLANE('',#5710);
#5043=PLANE('',#5715);
#5044=PLANE('',#5720);
#5045=PLANE('',#5721);
#5046=PLANE('',#5730);
#5047=PLANE('',#5731);
#5048=PLANE('',#5748);
#5049=PLANE('',#5749);
#5050=PLANE('',#5753);
#5051=PLANE('',#5754);
#5052=PLANE('',#5758);
#5053=PLANE('',#5764);
#5054=PLANE('',#5765);
#5055=PLANE('',#5766);
#5056=PLANE('',#5767);
#5057=PLANE('',#5772);
#5058=PLANE('',#5777);
#5059=PLANE('',#5778);
#5060=PLANE('',#5783);
#5061=PLANE('',#5788);
#5062=PLANE('',#5789);
#5063=PLANE('',#5791);
#5064=PLANE('',#5792);
#5065=PLANE('',#5793);
#5066=PLANE('',#5794);
#5067=PLANE('',#5795);
#5068=PLANE('',#5796);
#5069=PLANE('',#5797);
#5070=PLANE('',#5798);
#5071=PLANE('',#5799);
#5072=PLANE('',#5812);
#5073=PLANE('',#5829);
#5074=PLANE('',#5830);
#5075=PLANE('',#5831);
#5076=PLANE('',#5832);
#5077=PLANE('',#5833);
#5078=PLANE('',#5834);
#5079=PLANE('',#5835);
#5080=PLANE('',#5836);
#5081=PLANE('',#5837);
#5082=PLANE('',#5838);
#5083=PLANE('',#5839);
#5084=PLANE('',#5840);
#5085=PLANE('',#5841);
#5086=PLANE('',#5842);
#5087=PLANE('',#5843);
#5088=PLANE('',#5844);
#5089=PLANE('',#5845);
#5090=PLANE('',#5846);
#5091=PLANE('',#5847);
#5092=PLANE('',#5848);
#5093=PLANE('',#5849);
#5094=ADVANCED_FACE('',(#4676,#4677,#4678,#4679,#4680,#4681,#4682,#4683,
#4684),#4997,.T.);
#5095=ADVANCED_FACE('',(#4685),#4998,.T.);
#5096=ADVANCED_FACE('',(#4686),#4999,.F.);
#5097=ADVANCED_FACE('',(#4687),#5000,.F.);
#5098=ADVANCED_FACE('',(#4688),#5001,.T.);
#5099=ADVANCED_FACE('',(#4689),#5002,.F.);
#5100=ADVANCED_FACE('',(#4690),#90,.T.);
#5101=ADVANCED_FACE('',(#4691),#91,.T.);
#5102=ADVANCED_FACE('',(#4692),#92,.T.);
#5103=ADVANCED_FACE('',(#4693),#93,.T.);
#5104=ADVANCED_FACE('',(#4694),#22,.T.);
#5105=ADVANCED_FACE('',(#4695),#23,.T.);
#5106=ADVANCED_FACE('',(#4696),#24,.T.);
#5107=ADVANCED_FACE('',(#4697),#25,.T.);
#5108=ADVANCED_FACE('',(#4698),#94,.T.);
#5109=ADVANCED_FACE('',(#4699),#95,.F.);
#5110=ADVANCED_FACE('',(#4700),#26,.T.);
#5111=ADVANCED_FACE('',(#4701),#5003,.T.);
#5112=ADVANCED_FACE('',(#4702),#96,.F.);
#5113=ADVANCED_FACE('',(#4703),#97,.F.);
#5114=ADVANCED_FACE('',(#4704),#27,.T.);
#5115=ADVANCED_FACE('',(#4705),#28,.T.);
#5116=ADVANCED_FACE('',(#4706),#29,.T.);
#5117=ADVANCED_FACE('',(#4707),#30,.T.);
#5118=ADVANCED_FACE('',(#4708),#31,.T.);
#5119=ADVANCED_FACE('',(#4709),#32,.T.);
#5120=ADVANCED_FACE('',(#4710),#33,.T.);
#5121=ADVANCED_FACE('',(#4711),#98,.T.);
#5122=ADVANCED_FACE('',(#4712),#99,.F.);
#5123=ADVANCED_FACE('',(#4713),#100,.F.);
#5124=ADVANCED_FACE('',(#4714),#5004,.T.);
#5125=ADVANCED_FACE('',(#4715),#101,.F.);
#5126=ADVANCED_FACE('',(#4716),#102,.F.);
#5127=ADVANCED_FACE('',(#4717),#34,.T.);
#5128=ADVANCED_FACE('',(#4718),#35,.T.);
#5129=ADVANCED_FACE('',(#4719),#36,.T.);
#5130=ADVANCED_FACE('',(#4720),#37,.T.);
#5131=ADVANCED_FACE('',(#4721),#5005,.T.);
#5132=ADVANCED_FACE('',(#4722),#103,.F.);
#5133=ADVANCED_FACE('',(#4723),#5006,.T.);
#5134=ADVANCED_FACE('',(#4724),#104,.F.);
#5135=ADVANCED_FACE('',(#4725),#105,.F.);
#5136=ADVANCED_FACE('',(#4726),#5007,.T.);
#5137=ADVANCED_FACE('',(#4727),#38,.T.);
#5138=ADVANCED_FACE('',(#4728),#5008,.T.);
#5139=ADVANCED_FACE('',(#4729),#39,.T.);
#5140=ADVANCED_FACE('',(#4730),#5009,.T.);
#5141=ADVANCED_FACE('',(#4731),#106,.F.);
#5142=ADVANCED_FACE('',(#4732),#107,.F.);
#5143=ADVANCED_FACE('',(#4733),#5010,.T.);
#5144=ADVANCED_FACE('',(#4734),#108,.F.);
#5145=ADVANCED_FACE('',(#4735),#109,.F.);
#5146=ADVANCED_FACE('',(#4736),#5011,.T.);
#5147=ADVANCED_FACE('',(#4737),#110,.F.);
#5148=ADVANCED_FACE('',(#4738),#111,.F.);
#5149=ADVANCED_FACE('',(#4739),#5012,.T.);
#5150=ADVANCED_FACE('',(#4740),#112,.F.);
#5151=ADVANCED_FACE('',(#4741),#113,.F.);
#5152=ADVANCED_FACE('',(#4742),#5013,.T.);
#5153=ADVANCED_FACE('',(#4743),#114,.T.);
#5154=ADVANCED_FACE('',(#4744),#5014,.T.);
#5155=ADVANCED_FACE('',(#4745),#115,.T.);
#5156=ADVANCED_FACE('',(#4746),#5015,.T.);
#5157=ADVANCED_FACE('',(#4747),#116,.F.);
#5158=ADVANCED_FACE('',(#4748),#117,.F.);
#5159=ADVANCED_FACE('',(#4749),#5016,.T.);
#5160=ADVANCED_FACE('',(#4750),#118,.F.);
#5161=ADVANCED_FACE('',(#4751),#119,.F.);
#5162=ADVANCED_FACE('',(#4752),#5017,.T.);
#5163=ADVANCED_FACE('',(#4753),#120,.F.);
#5164=ADVANCED_FACE('',(#4754),#5018,.T.);
#5165=ADVANCED_FACE('',(#4755),#40,.T.);
#5166=ADVANCED_FACE('',(#4756),#41,.T.);
#5167=ADVANCED_FACE('',(#4757),#121,.T.);
#5168=ADVANCED_FACE('',(#4758),#122,.T.);
#5169=ADVANCED_FACE('',(#4759),#5019,.T.);
#5170=ADVANCED_FACE('',(#4760),#123,.F.);
#5171=ADVANCED_FACE('',(#4761),#124,.F.);
#5172=ADVANCED_FACE('',(#4762),#5020,.T.);
#5173=ADVANCED_FACE('',(#4763),#125,.F.);
#5174=ADVANCED_FACE('',(#4764),#126,.F.);
#5175=ADVANCED_FACE('',(#4765),#5021,.T.);
#5176=ADVANCED_FACE('',(#4766),#127,.F.);
#5177=ADVANCED_FACE('',(#4767),#128,.F.);
#5178=ADVANCED_FACE('',(#4768),#5022,.T.);
#5179=ADVANCED_FACE('',(#4769),#129,.F.);
#5180=ADVANCED_FACE('',(#4770),#130,.F.);
#5181=ADVANCED_FACE('',(#4771),#5023,.T.);
#5182=ADVANCED_FACE('',(#4772),#42,.T.);
#5183=ADVANCED_FACE('',(#4773),#43,.T.);
#5184=ADVANCED_FACE('',(#4774),#44,.T.);
#5185=ADVANCED_FACE('',(#4775),#45,.T.);
#5186=ADVANCED_FACE('',(#4776),#5024,.T.);
#5187=ADVANCED_FACE('',(#4777),#131,.F.);
#5188=ADVANCED_FACE('',(#4778),#132,.F.);
#5189=ADVANCED_FACE('',(#4779),#5025,.T.);
#5190=ADVANCED_FACE('',(#4780),#133,.F.);
#5191=ADVANCED_FACE('',(#4781),#134,.F.);
#5192=ADVANCED_FACE('',(#4782),#5026,.T.);
#5193=ADVANCED_FACE('',(#4783),#46,.T.);
#5194=ADVANCED_FACE('',(#4784),#5027,.T.);
#5195=ADVANCED_FACE('',(#4785),#5028,.T.);
#5196=ADVANCED_FACE('',(#4786),#135,.F.);
#5197=ADVANCED_FACE('',(#4787),#136,.F.);
#5198=ADVANCED_FACE('',(#4788),#5029,.T.);
#5199=ADVANCED_FACE('',(#4789),#137,.F.);
#5200=ADVANCED_FACE('',(#4790),#138,.F.);
#5201=ADVANCED_FACE('',(#4791),#5030,.T.);
#5202=ADVANCED_FACE('',(#4792),#139,.F.);
#5203=ADVANCED_FACE('',(#4793),#140,.F.);
#5204=ADVANCED_FACE('',(#4794),#5031,.T.);
#5205=ADVANCED_FACE('',(#4795),#141,.F.);
#5206=ADVANCED_FACE('',(#4796),#142,.F.);
#5207=ADVANCED_FACE('',(#4797),#5032,.T.);
#5208=ADVANCED_FACE('',(#4798),#143,.T.);
#5209=ADVANCED_FACE('',(#4799),#144,.T.);
#5210=ADVANCED_FACE('',(#4800),#5033,.T.);
#5211=ADVANCED_FACE('',(#4801),#145,.F.);
#5212=ADVANCED_FACE('',(#4802),#146,.F.);
#5213=ADVANCED_FACE('',(#4803),#5034,.T.);
#5214=ADVANCED_FACE('',(#4804),#147,.F.);
#5215=ADVANCED_FACE('',(#4805),#148,.F.);
#5216=ADVANCED_FACE('',(#4806),#5035,.T.);
#5217=ADVANCED_FACE('',(#4807),#47,.T.);
#5218=ADVANCED_FACE('',(#4808),#48,.T.);
#5219=ADVANCED_FACE('',(#4809),#49,.T.);
#5220=ADVANCED_FACE('',(#4810),#149,.F.);
#5221=ADVANCED_FACE('',(#4811),#150,.F.);
#5222=ADVANCED_FACE('',(#4812),#151,.F.);
#5223=ADVANCED_FACE('',(#4813),#5036,.T.);
#5224=ADVANCED_FACE('',(#4814),#152,.F.);
#5225=ADVANCED_FACE('',(#4815),#153,.F.);
#5226=ADVANCED_FACE('',(#4816),#50,.T.);
#5227=ADVANCED_FACE('',(#4817),#51,.T.);
#5228=ADVANCED_FACE('',(#4818),#52,.T.);
#5229=ADVANCED_FACE('',(#4819),#53,.T.);
#5230=ADVANCED_FACE('',(#4820),#54,.T.);
#5231=ADVANCED_FACE('',(#4821),#154,.F.);
#5232=ADVANCED_FACE('',(#4822),#155,.F.);
#5233=ADVANCED_FACE('',(#4823),#5037,.T.);
#5234=ADVANCED_FACE('',(#4824),#156,.F.);
#5235=ADVANCED_FACE('',(#4825),#157,.F.);
#5236=ADVANCED_FACE('',(#4826),#158,.F.);
#5237=ADVANCED_FACE('',(#4827),#159,.F.);
#5238=ADVANCED_FACE('',(#4828),#5038,.T.);
#5239=ADVANCED_FACE('',(#4829),#160,.T.);
#5240=ADVANCED_FACE('',(#4830),#161,.T.);
#5241=ADVANCED_FACE('',(#4831),#55,.T.);
#5242=ADVANCED_FACE('',(#4832),#5039,.T.);
#5243=ADVANCED_FACE('',(#4833),#162,.F.);
#5244=ADVANCED_FACE('',(#4834),#5040,.T.);
#5245=ADVANCED_FACE('',(#4835),#163,.F.);
#5246=ADVANCED_FACE('',(#4836),#164,.F.);
#5247=ADVANCED_FACE('',(#4837),#5041,.T.);
#5248=ADVANCED_FACE('',(#4838),#165,.T.);
#5249=ADVANCED_FACE('',(#4839),#166,.T.);
#5250=ADVANCED_FACE('',(#4840),#56,.T.);
#5251=ADVANCED_FACE('',(#4841),#57,.T.);
#5252=ADVANCED_FACE('',(#4842),#58,.T.);
#5253=ADVANCED_FACE('',(#4843),#59,.T.);
#5254=ADVANCED_FACE('',(#4844),#60,.T.);
#5255=ADVANCED_FACE('',(#4845),#61,.T.);
#5256=ADVANCED_FACE('',(#4846),#167,.T.);
#5257=ADVANCED_FACE('',(#4847),#168,.T.);
#5258=ADVANCED_FACE('',(#4848),#5042,.T.);
#5259=ADVANCED_FACE('',(#4849),#169,.F.);
#5260=ADVANCED_FACE('',(#4850),#170,.F.);
#5261=ADVANCED_FACE('',(#4851),#5043,.T.);
#5262=ADVANCED_FACE('',(#4852),#171,.F.);
#5263=ADVANCED_FACE('',(#4853),#172,.F.);
#5264=ADVANCED_FACE('',(#4854),#5044,.T.);
#5265=ADVANCED_FACE('',(#4855),#5045,.T.);
#5266=ADVANCED_FACE('',(#4856),#62,.T.);
#5267=ADVANCED_FACE('',(#4857),#173,.T.);
#5268=ADVANCED_FACE('',(#4858),#63,.T.);
#5269=ADVANCED_FACE('',(#4859),#64,.T.);
#5270=ADVANCED_FACE('',(#4860),#65,.T.);
#5271=ADVANCED_FACE('',(#4861),#174,.T.);
#5272=ADVANCED_FACE('',(#4862),#66,.T.);
#5273=ADVANCED_FACE('',(#4863),#175,.F.);
#5274=ADVANCED_FACE('',(#4864,#4865),#5046,.T.);
#5275=ADVANCED_FACE('',(#4866),#5047,.T.);
#5276=ADVANCED_FACE('',(#4867),#176,.F.);
#5277=ADVANCED_FACE('',(#4868),#177,.F.);
#5278=ADVANCED_FACE('',(#4869),#67,.T.);
#5279=ADVANCED_FACE('',(#4870),#68,.T.);
#5280=ADVANCED_FACE('',(#4871),#69,.T.);
#5281=ADVANCED_FACE('',(#4872),#70,.T.);
#5282=ADVANCED_FACE('',(#4873),#178,.T.);
#5283=ADVANCED_FACE('',(#4874),#179,.T.);
#5284=ADVANCED_FACE('',(#4875),#71,.T.);
#5285=ADVANCED_FACE('',(#4876),#180,.F.);
#5286=ADVANCED_FACE('',(#4877),#72,.T.);
#5287=ADVANCED_FACE('',(#4878),#181,.F.);
#5288=ADVANCED_FACE('',(#4879),#182,.F.);
#5289=ADVANCED_FACE('',(#4880),#183,.F.);
#5290=ADVANCED_FACE('',(#4881),#5048,.T.);
#5291=ADVANCED_FACE('',(#4882),#5049,.T.);
#5292=ADVANCED_FACE('',(#4883),#73,.T.);
#5293=ADVANCED_FACE('',(#4884),#184,.T.);
#5294=ADVANCED_FACE('',(#4885),#74,.T.);
#5295=ADVANCED_FACE('',(#4886),#75,.T.);
#5296=ADVANCED_FACE('',(#4887),#76,.T.);
#5297=ADVANCED_FACE('',(#4888),#77,.T.);
#5298=ADVANCED_FACE('',(#4889),#5050,.T.);
#5299=ADVANCED_FACE('',(#4890),#5051,.T.);
#5300=ADVANCED_FACE('',(#4891),#185,.T.);
#5301=ADVANCED_FACE('',(#4892),#5052,.T.);
#5302=ADVANCED_FACE('',(#4893),#78,.T.);
#5303=ADVANCED_FACE('',(#4894),#79,.T.);
#5304=ADVANCED_FACE('',(#4895),#80,.T.);
#5305=ADVANCED_FACE('',(#4896),#81,.T.);
#5306=ADVANCED_FACE('',(#4897),#186,.T.);
#5307=ADVANCED_FACE('',(#4898),#82,.T.);
#5308=ADVANCED_FACE('',(#4899),#83,.T.);
#5309=ADVANCED_FACE('',(#4900),#187,.F.);
#5310=ADVANCED_FACE('',(#4901,#4902,#4903),#5053,.T.);
#5311=ADVANCED_FACE('',(#4904),#5054,.T.);
#5312=ADVANCED_FACE('',(#4905),#5055,.T.);
#5313=ADVANCED_FACE('',(#4906),#84,.T.);
#5314=ADVANCED_FACE('',(#4907),#5056,.T.);
#5315=ADVANCED_FACE('',(#4908),#188,.F.);
#5316=ADVANCED_FACE('',(#4909),#189,.F.);
#5317=ADVANCED_FACE('',(#4910),#5057,.T.);
#5318=ADVANCED_FACE('',(#4911),#190,.F.);
#5319=ADVANCED_FACE('',(#4912),#191,.F.);
#5320=ADVANCED_FACE('',(#4913),#5058,.T.);
#5321=ADVANCED_FACE('',(#4914),#85,.T.);
#5322=ADVANCED_FACE('',(#4915),#86,.T.);
#5323=ADVANCED_FACE('',(#4916),#87,.T.);
#5324=ADVANCED_FACE('',(#4917),#88,.T.);
#5325=ADVANCED_FACE('',(#4918),#5059,.T.);
#5326=ADVANCED_FACE('',(#4919),#192,.F.);
#5327=ADVANCED_FACE('',(#4920),#193,.F.);
#5328=ADVANCED_FACE('',(#4921),#5060,.T.);
#5329=ADVANCED_FACE('',(#4922),#194,.F.);
#5330=ADVANCED_FACE('',(#4923),#195,.F.);
#5331=ADVANCED_FACE('',(#4924),#5061,.T.);
#5332=ADVANCED_FACE('',(#4925),#89,.T.);
#5333=ADVANCED_FACE('',(#4926),#5062,.T.);
#5334=ADVANCED_FACE('',(#4927,#4928,#4929,#4930,#4931),#5063,.F.);
#5335=ADVANCED_FACE('',(#4932,#4933,#4934,#4935,#4936),#5064,.T.);
#5336=ADVANCED_FACE('',(#4937,#4938),#5065,.F.);
#5337=ADVANCED_FACE('',(#4939,#4940),#5066,.T.);
#5338=ADVANCED_FACE('',(#4941),#5067,.T.);
#5339=ADVANCED_FACE('',(#4942),#5068,.F.);
#5340=ADVANCED_FACE('',(#4943),#5069,.T.);
#5341=ADVANCED_FACE('',(#4944),#5070,.F.);
#5342=ADVANCED_FACE('',(#4945,#4946,#4947,#4948,#4949,#4950),#5071,.T.);
#5343=ADVANCED_FACE('',(#4951),#5072,.F.);
#5344=ADVANCED_FACE('',(#4952),#196,.F.);
#5345=ADVANCED_FACE('',(#4953),#197,.F.);
#5346=ADVANCED_FACE('',(#4954),#198,.F.);
#5347=ADVANCED_FACE('',(#4955),#199,.F.);
#5348=ADVANCED_FACE('',(#4956),#200,.T.);
#5349=ADVANCED_FACE('',(#4957),#201,.T.);
#5350=ADVANCED_FACE('',(#4958),#202,.T.);
#5351=ADVANCED_FACE('',(#4959),#203,.T.);
#5352=ADVANCED_FACE('',(#4960),#5073,.T.);
#5353=ADVANCED_FACE('',(#4961),#5074,.T.);
#5354=ADVANCED_FACE('',(#4962),#5075,.F.);
#5355=ADVANCED_FACE('',(#4963),#5076,.F.);
#5356=ADVANCED_FACE('',(#4964),#5077,.T.);
#5357=ADVANCED_FACE('',(#4965),#5078,.T.);
#5358=ADVANCED_FACE('',(#4966),#5079,.F.);
#5359=ADVANCED_FACE('',(#4967),#5080,.F.);
#5360=ADVANCED_FACE('',(#4968),#5081,.T.);
#5361=ADVANCED_FACE('',(#4969),#5082,.T.);
#5362=ADVANCED_FACE('',(#4970),#5083,.F.);
#5363=ADVANCED_FACE('',(#4971),#5084,.F.);
#5364=ADVANCED_FACE('',(#4972),#5085,.F.);
#5365=ADVANCED_FACE('',(#4973),#5086,.T.);
#5366=ADVANCED_FACE('',(#4974),#5087,.F.);
#5367=ADVANCED_FACE('',(#4975),#5088,.F.);
#5368=ADVANCED_FACE('',(#4976),#5089,.T.);
#5369=ADVANCED_FACE('',(#4977),#5090,.T.);
#5370=ADVANCED_FACE('',(#4978),#5091,.F.);
#5371=ADVANCED_FACE('',(#4979),#5092,.F.);
#5372=ADVANCED_FACE('',(#4980),#5093,.T.);
#5373=ADVANCED_FACE('',(#4981,#4982),#14,.F.);
#5374=ADVANCED_FACE('',(#4983,#4984),#204,.F.);
#5375=ADVANCED_FACE('',(#4985,#4986),#15,.F.);
#5376=ADVANCED_FACE('',(#4987,#4988),#205,.F.);
#5377=ADVANCED_FACE('',(#4989,#4990),#16,.F.);
#5378=ADVANCED_FACE('',(#4991,#4992),#206,.F.);
#5379=ADVANCED_FACE('',(#4993,#4994),#17,.F.);
#5380=ADVANCED_FACE('',(#4995,#4996),#207,.F.);
#5381=CLOSED_SHELL('',(#5094,#5095,#5096,#5097,#5098,#5099,#5100,#5101,
#5102,#5103,#5104,#5105,#5106,#5107,#5108,#5109,#5110,#5111,#5112,#5113,
#5114,#5115,#5116,#5117,#5118,#5119,#5120,#5121,#5122,#5123,#5124,#5125,
#5126,#5127,#5128,#5129,#5130,#5131,#5132,#5133,#5134,#5135,#5136,#5137,
#5138,#5139,#5140,#5141,#5142,#5143,#5144,#5145,#5146,#5147,#5148,#5149,
#5150,#5151,#5152,#5153,#5154,#5155,#5156,#5157,#5158,#5159,#5160,#5161,
#5162,#5163,#5164,#5165,#5166,#5167,#5168,#5169,#5170,#5171,#5172,#5173,
#5174,#5175,#5176,#5177,#5178,#5179,#5180,#5181,#5182,#5183,#5184,#5185,
#5186,#5187,#5188,#5189,#5190,#5191,#5192,#5193,#5194,#5195,#5196,#5197,
#5198,#5199,#5200,#5201,#5202,#5203,#5204,#5205,#5206,#5207,#5208,#5209,
#5210,#5211,#5212,#5213,#5214,#5215,#5216,#5217,#5218,#5219,#5220,#5221,
#5222,#5223,#5224,#5225,#5226,#5227,#5228,#5229,#5230,#5231,#5232,#5233,
#5234,#5235,#5236,#5237,#5238,#5239,#5240,#5241,#5242,#5243,#5244,#5245,
#5246,#5247,#5248,#5249,#5250,#5251,#5252,#5253,#5254,#5255,#5256,#5257,
#5258,#5259,#5260,#5261,#5262,#5263,#5264,#5265,#5266,#5267,#5268,#5269,
#5270,#5271,#5272,#5273,#5274,#5275,#5276,#5277,#5278,#5279,#5280,#5281,
#5282,#5283,#5284,#5285,#5286,#5287,#5288,#5289,#5290,#5291,#5292,#5293,
#5294,#5295,#5296,#5297,#5298,#5299,#5300,#5301,#5302,#5303,#5304,#5305,
#5306,#5307,#5308,#5309,#5310,#5311,#5312,#5313,#5314,#5315,#5316,#5317,
#5318,#5319,#5320,#5321,#5322,#5323,#5324,#5325,#5326,#5327,#5328,#5329,
#5330,#5331,#5332,#5333));
#5382=CLOSED_SHELL('',(#5334,#5335,#5336,#5337,#5338,#5339,#5340,#5341,
#5342,#5343,#5344,#5345,#5346,#5347,#5348,#5349,#5350,#5351,#5352,#5353,
#5354,#5355,#5356,#5357,#5358,#5359,#5360,#5361,#5362,#5363,#5364,#5365,
#5366,#5367,#5368,#5369,#5370,#5371,#5372,#5373,#5374,#5375,#5376,#5377,
#5378,#5379,#5380));
#5383=STYLED_ITEM('',(#5385),#5399);
#5384=STYLED_ITEM('',(#5386),#5400);
#5385=PRESENTATION_STYLE_ASSIGNMENT((#5387));
#5386=PRESENTATION_STYLE_ASSIGNMENT((#5388));
#5387=SURFACE_STYLE_USAGE(.BOTH.,#5389);
#5388=SURFACE_STYLE_USAGE(.BOTH.,#5390);
#5389=SURFACE_SIDE_STYLE('',(#5391));
#5390=SURFACE_SIDE_STYLE('',(#5392));
#5391=SURFACE_STYLE_FILL_AREA(#5393);
#5392=SURFACE_STYLE_FILL_AREA(#5394);
#5393=FILL_AREA_STYLE('',(#5395));
#5394=FILL_AREA_STYLE('',(#5396));
#5395=FILL_AREA_STYLE_COLOUR('',#5397);
#5396=FILL_AREA_STYLE_COLOUR('',#5398);
#5397=COLOUR_RGB('',0.647058823529412,0.647058823529412,0.647058823529412);
#5398=COLOUR_RGB('',0.615686274509804,0.811764705882353,0.929411764705882);
#5399=MANIFOLD_SOLID_BREP('Part 2',#5381);
#5400=MANIFOLD_SOLID_BREP('Part 1',#5382);
#5401=SHAPE_DEFINITION_REPRESENTATION(#9585,#5403);
#5402=SHAPE_DEFINITION_REPRESENTATION(#9586,#5404);
#5403=SHAPE_REPRESENTATION('Part 2',(#5405),#9575);
#5404=SHAPE_REPRESENTATION('Part 1',(#5790),#9576);
#5405=AXIS2_PLACEMENT_3D('',#7201,#5862,#5863);
#5406=AXIS2_PLACEMENT_3D('',#7202,#5864,#5865);
#5407=AXIS2_PLACEMENT_3D('',#7206,#5867,#5868);
#5408=AXIS2_PLACEMENT_3D('',#7210,#5870,#5871);
#5409=AXIS2_PLACEMENT_3D('',#7214,#5873,#5874);
#5410=AXIS2_PLACEMENT_3D('',#7218,#5876,#5877);
#5411=AXIS2_PLACEMENT_3D('',#7244,#5878,#5879);
#5412=AXIS2_PLACEMENT_3D('',#7246,#5880,#5881);
#5413=AXIS2_PLACEMENT_3D('',#7250,#5883,#5884);
#5414=AXIS2_PLACEMENT_3D('',#7252,#5885,#5886);
#5415=AXIS2_PLACEMENT_3D('',#7254,#5887,#5888);
#5416=AXIS2_PLACEMENT_3D('',#7284,#5889,#5890);
#5417=AXIS2_PLACEMENT_3D('',#7286,#5891,#5892);
#5418=AXIS2_PLACEMENT_3D('',#7294,#5894,#5895);
#5419=AXIS2_PLACEMENT_3D('',#7296,#5896,#5897);
#5420=AXIS2_PLACEMENT_3D('',#7308,#5899,#5900);
#5421=AXIS2_PLACEMENT_3D('',#7310,#5901,#5902);
#5422=AXIS2_PLACEMENT_3D('',#7314,#5904,#5905);
#5423=AXIS2_PLACEMENT_3D('',#7316,#5906,#5907);
#5424=AXIS2_PLACEMENT_3D('',#7320,#5909,#5910);
#5425=AXIS2_PLACEMENT_3D('',#7322,#5911,#5912);
#5426=AXIS2_PLACEMENT_3D('',#7326,#5914,#5915);
#5427=AXIS2_PLACEMENT_3D('',#7330,#5917,#5918);
#5428=AXIS2_PLACEMENT_3D('',#7334,#5920,#5921);
#5429=AXIS2_PLACEMENT_3D('',#7336,#5922,#5923);
#5430=AXIS2_PLACEMENT_3D('',#7340,#5925,#5926);
#5431=AXIS2_PLACEMENT_3D('',#7342,#5927,#5928);
#5432=AXIS2_PLACEMENT_3D('',#7346,#5930,#5931);
#5433=AXIS2_PLACEMENT_3D('',#7348,#5932,#5933);
#5434=AXIS2_PLACEMENT_3D('',#7352,#5935,#5936);
#5435=AXIS2_PLACEMENT_3D('',#7354,#5937,#5938);
#5436=AXIS2_PLACEMENT_3D('',#7370,#5942,#5943);
#5437=AXIS2_PLACEMENT_3D('',#7372,#5944,#5945);
#5438=AXIS2_PLACEMENT_3D('',#7388,#5947,#5948);
#5439=AXIS2_PLACEMENT_3D('',#7390,#5949,#5950);
#5440=AXIS2_PLACEMENT_3D('',#7394,#5952,#5953);
#5441=AXIS2_PLACEMENT_3D('',#7396,#5954,#5955);
#5442=AXIS2_PLACEMENT_3D('',#7418,#5958,#5959);
#5443=AXIS2_PLACEMENT_3D('',#7420,#5960,#5961);
#5444=AXIS2_PLACEMENT_3D('',#7424,#5963,#5964);
#5445=AXIS2_PLACEMENT_3D('',#7426,#5965,#5966);
#5446=AXIS2_PLACEMENT_3D('',#7430,#5968,#5969);
#5447=AXIS2_PLACEMENT_3D('',#7432,#5970,#5971);
#5448=AXIS2_PLACEMENT_3D('',#7436,#5973,#5974);
#5449=AXIS2_PLACEMENT_3D('',#7438,#5975,#5976);
#5450=AXIS2_PLACEMENT_3D('',#7442,#5978,#5979);
#5451=AXIS2_PLACEMENT_3D('',#7444,#5980,#5981);
#5452=AXIS2_PLACEMENT_3D('',#7445,#5982,#5983);
#5453=AXIS2_PLACEMENT_3D('',#7450,#5985,#5986);
#5454=AXIS2_PLACEMENT_3D('',#7452,#5987,#5988);
#5455=AXIS2_PLACEMENT_3D('',#7456,#5990,#5991);
#5456=AXIS2_PLACEMENT_3D('',#7458,#5992,#5993);
#5457=AXIS2_PLACEMENT_3D('',#7462,#5995,#5996);
#5458=AXIS2_PLACEMENT_3D('',#7464,#5997,#5998);
#5459=AXIS2_PLACEMENT_3D('',#7468,#6000,#6001);
#5460=AXIS2_PLACEMENT_3D('',#7470,#6002,#6003);
#5461=AXIS2_PLACEMENT_3D('',#7474,#6005,#6006);
#5462=AXIS2_PLACEMENT_3D('',#7476,#6007,#6008);
#5463=AXIS2_PLACEMENT_3D('',#7480,#6010,#6011);
#5464=AXIS2_PLACEMENT_3D('',#7482,#6012,#6013);
#5465=AXIS2_PLACEMENT_3D('',#7486,#6015,#6016);
#5466=AXIS2_PLACEMENT_3D('',#7500,#6017,#6018);
#5467=AXIS2_PLACEMENT_3D('',#7502,#6019,#6020);
#5468=AXIS2_PLACEMENT_3D('',#7506,#6022,#6023);
#5469=AXIS2_PLACEMENT_3D('',#7508,#6024,#6025);
#5470=AXIS2_PLACEMENT_3D('',#7510,#6026,#6027);
#5471=AXIS2_PLACEMENT_3D('',#7512,#6028,#6029);
#5472=AXIS2_PLACEMENT_3D('',#7516,#6031,#6032);
#5473=AXIS2_PLACEMENT_3D('',#7518,#6033,#6034);
#5474=AXIS2_PLACEMENT_3D('',#7540,#6035,#6036);
#5475=AXIS2_PLACEMENT_3D('',#7542,#6037,#6038);
#5476=AXIS2_PLACEMENT_3D('',#7546,#6040,#6041);
#5477=AXIS2_PLACEMENT_3D('',#7548,#6042,#6043);
#5478=AXIS2_PLACEMENT_3D('',#7550,#6044,#6045);
#5479=AXIS2_PLACEMENT_3D('',#7558,#6047,#6048);
#5480=AXIS2_PLACEMENT_3D('',#7560,#6049,#6050);
#5481=AXIS2_PLACEMENT_3D('',#7564,#6052,#6053);
#5482=AXIS2_PLACEMENT_3D('',#7566,#6054,#6055);
#5483=AXIS2_PLACEMENT_3D('',#7570,#6057,#6058);
#5484=AXIS2_PLACEMENT_3D('',#7572,#6059,#6060);
#5485=AXIS2_PLACEMENT_3D('',#7576,#6062,#6063);
#5486=AXIS2_PLACEMENT_3D('',#7578,#6064,#6065);
#5487=AXIS2_PLACEMENT_3D('',#7604,#6066,#6067);
#5488=AXIS2_PLACEMENT_3D('',#7606,#6068,#6069);
#5489=AXIS2_PLACEMENT_3D('',#7610,#6071,#6072);
#5490=AXIS2_PLACEMENT_3D('',#7612,#6073,#6074);
#5491=AXIS2_PLACEMENT_3D('',#7613,#6075,#6076);
#5492=AXIS2_PLACEMENT_3D('',#7616,#6077,#6078);
#5493=AXIS2_PLACEMENT_3D('',#7618,#6079,#6080);
#5494=AXIS2_PLACEMENT_3D('',#7622,#6082,#6083);
#5495=AXIS2_PLACEMENT_3D('',#7624,#6084,#6085);
#5496=AXIS2_PLACEMENT_3D('',#7626,#6086,#6087);
#5497=AXIS2_PLACEMENT_3D('',#7632,#6088,#6089);
#5498=AXIS2_PLACEMENT_3D('',#7638,#6090,#6091);
#5499=AXIS2_PLACEMENT_3D('',#7640,#6092,#6093);
#5500=AXIS2_PLACEMENT_3D('',#7670,#6096,#6097);
#5501=AXIS2_PLACEMENT_3D('',#7672,#6098,#6099);
#5502=AXIS2_PLACEMENT_3D('',#7676,#6101,#6102);
#5503=AXIS2_PLACEMENT_3D('',#7678,#6103,#6104);
#5504=AXIS2_PLACEMENT_3D('',#7700,#6107,#6108);
#5505=AXIS2_PLACEMENT_3D('',#7702,#6109,#6110);
#5506=AXIS2_PLACEMENT_3D('',#7706,#6112,#6113);
#5507=AXIS2_PLACEMENT_3D('',#7708,#6114,#6115);
#5508=AXIS2_PLACEMENT_3D('',#7709,#6116,#6117);
#5509=AXIS2_PLACEMENT_3D('',#7715,#6121,#6122);
#5510=AXIS2_PLACEMENT_3D('',#7721,#6126,#6127);
#5511=AXIS2_PLACEMENT_3D('',#7727,#6131,#6132);
#5512=AXIS2_PLACEMENT_3D('',#7733,#6136,#6137);
#5513=AXIS2_PLACEMENT_3D('',#7734,#6138,#6139);
#5514=AXIS2_PLACEMENT_3D('',#7735,#6140,#6141);
#5515=AXIS2_PLACEMENT_3D('',#7736,#6142,#6143);
#5516=AXIS2_PLACEMENT_3D('',#7737,#6144,#6145);
#5517=AXIS2_PLACEMENT_3D('',#7738,#6146,#6147);
#5518=AXIS2_PLACEMENT_3D('',#7739,#6148,#6149);
#5519=AXIS2_PLACEMENT_3D('',#7740,#6150,#6151);
#5520=AXIS2_PLACEMENT_3D('',#7741,#6152,#6153);
#5521=AXIS2_PLACEMENT_3D('',#7796,#6159,#6160);
#5522=AXIS2_PLACEMENT_3D('',#7799,#6162,#6163);
#5523=AXIS2_PLACEMENT_3D('',#7800,#6164,#6165);
#5524=AXIS2_PLACEMENT_3D('',#7803,#6167,#6168);
#5525=AXIS2_PLACEMENT_3D('',#7817,#6170,#6171);
#5526=AXIS2_PLACEMENT_3D('',#7821,#6174,#6175);
#5527=AXIS2_PLACEMENT_3D('',#7824,#6177,#6178);
#5528=AXIS2_PLACEMENT_3D('',#7825,#6179,#6180);
#5529=AXIS2_PLACEMENT_3D('',#7828,#6182,#6183);
#5530=AXIS2_PLACEMENT_3D('',#7920,#6191,#6192);
#5531=AXIS2_PLACEMENT_3D('',#7923,#6194,#6195);
#5532=AXIS2_PLACEMENT_3D('',#7924,#6196,#6197);
#5533=AXIS2_PLACEMENT_3D('',#7927,#6199,#6200);
#5534=AXIS2_PLACEMENT_3D('',#7928,#6201,#6202);
#5535=AXIS2_PLACEMENT_3D('',#7931,#6204,#6205);
#5536=AXIS2_PLACEMENT_3D('',#7932,#6206,#6207);
#5537=AXIS2_PLACEMENT_3D('',#7936,#6210,#6211);
#5538=AXIS2_PLACEMENT_3D('',#7939,#6213,#6214);
#5539=AXIS2_PLACEMENT_3D('',#7940,#6215,#6216);
#5540=AXIS2_PLACEMENT_3D('',#7943,#6218,#6219);
#5541=AXIS2_PLACEMENT_3D('',#7994,#6223,#6224);
#5542=AXIS2_PLACEMENT_3D('',#7995,#6225,#6226);
#5543=AXIS2_PLACEMENT_3D('',#7998,#6228,#6229);
#5544=AXIS2_PLACEMENT_3D('',#8001,#6231,#6232);
#5545=AXIS2_PLACEMENT_3D('',#8005,#6235,#6236);
#5546=AXIS2_PLACEMENT_3D('',#8008,#6238,#6239);
#5547=AXIS2_PLACEMENT_3D('',#8009,#6240,#6241);
#5548=AXIS2_PLACEMENT_3D('',#8012,#6243,#6244);
#5549=AXIS2_PLACEMENT_3D('',#8013,#6245,#6246);
#5550=AXIS2_PLACEMENT_3D('',#8030,#6250,#6251);
#5551=AXIS2_PLACEMENT_3D('',#8047,#6255,#6256);
#5552=AXIS2_PLACEMENT_3D('',#8051,#6259,#6260);
#5553=AXIS2_PLACEMENT_3D('',#8054,#6262,#6263);
#5554=AXIS2_PLACEMENT_3D('',#8055,#6264,#6265);
#5555=AXIS2_PLACEMENT_3D('',#8058,#6267,#6268);
#5556=AXIS2_PLACEMENT_3D('',#8059,#6269,#6270);
#5557=AXIS2_PLACEMENT_3D('',#8063,#6273,#6274);
#5558=AXIS2_PLACEMENT_3D('',#8066,#6276,#6277);
#5559=AXIS2_PLACEMENT_3D('',#8067,#6278,#6279);
#5560=AXIS2_PLACEMENT_3D('',#8070,#6281,#6282);
#5561=AXIS2_PLACEMENT_3D('',#8071,#6283,#6284);
#5562=AXIS2_PLACEMENT_3D('',#8075,#6287,#6288);
#5563=AXIS2_PLACEMENT_3D('',#8078,#6290,#6291);
#5564=AXIS2_PLACEMENT_3D('',#8079,#6292,#6293);
#5565=AXIS2_PLACEMENT_3D('',#8082,#6295,#6296);
#5566=AXIS2_PLACEMENT_3D('',#8083,#6297,#6298);
#5567=AXIS2_PLACEMENT_3D('',#8087,#6301,#6302);
#5568=AXIS2_PLACEMENT_3D('',#8090,#6304,#6305);
#5569=AXIS2_PLACEMENT_3D('',#8091,#6306,#6307);
#5570=AXIS2_PLACEMENT_3D('',#8094,#6309,#6310);
#5571=AXIS2_PLACEMENT_3D('',#8095,#6311,#6312);
#5572=AXIS2_PLACEMENT_3D('',#8099,#6315,#6316);
#5573=AXIS2_PLACEMENT_3D('',#8102,#6318,#6319);
#5574=AXIS2_PLACEMENT_3D('',#8103,#6320,#6321);
#5575=AXIS2_PLACEMENT_3D('',#8107,#6324,#6325);
#5576=AXIS2_PLACEMENT_3D('',#8110,#6327,#6328);
#5577=AXIS2_PLACEMENT_3D('',#8111,#6329,#6330);
#5578=AXIS2_PLACEMENT_3D('',#8115,#6333,#6334);
#5579=AXIS2_PLACEMENT_3D('',#8118,#6336,#6337);
#5580=AXIS2_PLACEMENT_3D('',#8119,#6338,#6339);
#5581=AXIS2_PLACEMENT_3D('',#8122,#6341,#6342);
#5582=AXIS2_PLACEMENT_3D('',#8123,#6343,#6344);
#5583=AXIS2_PLACEMENT_3D('',#8127,#6347,#6348);
#5584=AXIS2_PLACEMENT_3D('',#8130,#6350,#6351);
#5585=AXIS2_PLACEMENT_3D('',#8131,#6352,#6353);
#5586=AXIS2_PLACEMENT_3D('',#8134,#6355,#6356);
#5587=AXIS2_PLACEMENT_3D('',#8135,#6357,#6358);
#5588=AXIS2_PLACEMENT_3D('',#8139,#6361,#6362);
#5589=AXIS2_PLACEMENT_3D('',#8140,#6363,#6364);
#5590=AXIS2_PLACEMENT_3D('',#8141,#6365,#6366);
#5591=AXIS2_PLACEMENT_3D('',#8170,#6370,#6371);
#5592=AXIS2_PLACEMENT_3D('',#8173,#6373,#6374);
#5593=AXIS2_PLACEMENT_3D('',#8174,#6375,#6376);
#5594=AXIS2_PLACEMENT_3D('',#8177,#6378,#6379);
#5595=AXIS2_PLACEMENT_3D('',#8178,#6380,#6381);
#5596=AXIS2_PLACEMENT_3D('',#8182,#6384,#6385);
#5597=AXIS2_PLACEMENT_3D('',#8185,#6387,#6388);
#5598=AXIS2_PLACEMENT_3D('',#8186,#6389,#6390);
#5599=AXIS2_PLACEMENT_3D('',#8189,#6392,#6393);
#5600=AXIS2_PLACEMENT_3D('',#8190,#6394,#6395);
#5601=AXIS2_PLACEMENT_3D('',#8194,#6398,#6399);
#5602=AXIS2_PLACEMENT_3D('',#8197,#6401,#6402);
#5603=AXIS2_PLACEMENT_3D('',#8198,#6403,#6404);
#5604=AXIS2_PLACEMENT_3D('',#8201,#6406,#6407);
#5605=AXIS2_PLACEMENT_3D('',#8202,#6408,#6409);
#5606=AXIS2_PLACEMENT_3D('',#8206,#6412,#6413);
#5607=AXIS2_PLACEMENT_3D('',#8209,#6415,#6416);
#5608=AXIS2_PLACEMENT_3D('',#8210,#6417,#6418);
#5609=AXIS2_PLACEMENT_3D('',#8213,#6420,#6421);
#5610=AXIS2_PLACEMENT_3D('',#8214,#6422,#6423);
#5611=AXIS2_PLACEMENT_3D('',#8218,#6426,#6427);
#5612=AXIS2_PLACEMENT_3D('',#8221,#6429,#6430);
#5613=AXIS2_PLACEMENT_3D('',#8222,#6431,#6432);
#5614=AXIS2_PLACEMENT_3D('',#8225,#6434,#6435);
#5615=AXIS2_PLACEMENT_3D('',#8226,#6436,#6437);
#5616=AXIS2_PLACEMENT_3D('',#8282,#6444,#6445);
#5617=AXIS2_PLACEMENT_3D('',#8286,#6448,#6449);
#5618=AXIS2_PLACEMENT_3D('',#8289,#6451,#6452);
#5619=AXIS2_PLACEMENT_3D('',#8290,#6453,#6454);
#5620=AXIS2_PLACEMENT_3D('',#8293,#6456,#6457);
#5621=AXIS2_PLACEMENT_3D('',#8294,#6458,#6459);
#5622=AXIS2_PLACEMENT_3D('',#8298,#6462,#6463);
#5623=AXIS2_PLACEMENT_3D('',#8301,#6465,#6466);
#5624=AXIS2_PLACEMENT_3D('',#8302,#6467,#6468);
#5625=AXIS2_PLACEMENT_3D('',#8305,#6470,#6471);
#5626=AXIS2_PLACEMENT_3D('',#8306,#6472,#6473);
#5627=AXIS2_PLACEMENT_3D('',#8321,#6476,#6477);
#5628=AXIS2_PLACEMENT_3D('',#8322,#6478,#6479);
#5629=AXIS2_PLACEMENT_3D('',#8328,#6483,#6484);
#5630=AXIS2_PLACEMENT_3D('',#8331,#6486,#6487);
#5631=AXIS2_PLACEMENT_3D('',#8332,#6488,#6489);
#5632=AXIS2_PLACEMENT_3D('',#8335,#6491,#6492);
#5633=AXIS2_PLACEMENT_3D('',#8336,#6493,#6494);
#5634=AXIS2_PLACEMENT_3D('',#8340,#6497,#6498);
#5635=AXIS2_PLACEMENT_3D('',#8343,#6500,#6501);
#5636=AXIS2_PLACEMENT_3D('',#8344,#6502,#6503);
#5637=AXIS2_PLACEMENT_3D('',#8347,#6505,#6506);
#5638=AXIS2_PLACEMENT_3D('',#8348,#6507,#6508);
#5639=AXIS2_PLACEMENT_3D('',#8352,#6511,#6512);
#5640=AXIS2_PLACEMENT_3D('',#8355,#6514,#6515);
#5641=AXIS2_PLACEMENT_3D('',#8356,#6516,#6517);
#5642=AXIS2_PLACEMENT_3D('',#8359,#6519,#6520);
#5643=AXIS2_PLACEMENT_3D('',#8360,#6521,#6522);
#5644=AXIS2_PLACEMENT_3D('',#8364,#6525,#6526);
#5645=AXIS2_PLACEMENT_3D('',#8367,#6528,#6529);
#5646=AXIS2_PLACEMENT_3D('',#8368,#6530,#6531);
#5647=AXIS2_PLACEMENT_3D('',#8371,#6533,#6534);
#5648=AXIS2_PLACEMENT_3D('',#8372,#6535,#6536);
#5649=AXIS2_PLACEMENT_3D('',#8376,#6539,#6540);
#5650=AXIS2_PLACEMENT_3D('',#8379,#6542,#6543);
#5651=AXIS2_PLACEMENT_3D('',#8380,#6544,#6545);
#5652=AXIS2_PLACEMENT_3D('',#8383,#6547,#6548);
#5653=AXIS2_PLACEMENT_3D('',#8384,#6549,#6550);
#5654=AXIS2_PLACEMENT_3D('',#8388,#6553,#6554);
#5655=AXIS2_PLACEMENT_3D('',#8391,#6556,#6557);
#5656=AXIS2_PLACEMENT_3D('',#8392,#6558,#6559);
#5657=AXIS2_PLACEMENT_3D('',#8395,#6561,#6562);
#5658=AXIS2_PLACEMENT_3D('',#8396,#6563,#6564);
#5659=AXIS2_PLACEMENT_3D('',#8400,#6567,#6568);
#5660=AXIS2_PLACEMENT_3D('',#8403,#6570,#6571);
#5661=AXIS2_PLACEMENT_3D('',#8404,#6572,#6573);
#5662=AXIS2_PLACEMENT_3D('',#8405,#6574,#6575);
#5663=AXIS2_PLACEMENT_3D('',#8406,#6576,#6577);
#5664=AXIS2_PLACEMENT_3D('',#8448,#6582,#6583);
#5665=AXIS2_PLACEMENT_3D('',#8451,#6585,#6586);
#5666=AXIS2_PLACEMENT_3D('',#8452,#6587,#6588);
#5667=AXIS2_PLACEMENT_3D('',#8455,#6590,#6591);
#5668=AXIS2_PLACEMENT_3D('',#8456,#6592,#6593);
#5669=AXIS2_PLACEMENT_3D('',#8459,#6595,#6596);
#5670=AXIS2_PLACEMENT_3D('',#8460,#6597,#6598);
#5671=AXIS2_PLACEMENT_3D('',#8464,#6601,#6602);
#5672=AXIS2_PLACEMENT_3D('',#8467,#6604,#6605);
#5673=AXIS2_PLACEMENT_3D('',#8468,#6606,#6607);
#5674=AXIS2_PLACEMENT_3D('',#8471,#6609,#6610);
#5675=AXIS2_PLACEMENT_3D('',#8537,#6616,#6617);
#5676=AXIS2_PLACEMENT_3D('',#8540,#6619,#6620);
#5677=AXIS2_PLACEMENT_3D('',#8541,#6621,#6622);
#5678=AXIS2_PLACEMENT_3D('',#8544,#6624,#6625);
#5679=AXIS2_PLACEMENT_3D('',#8545,#6626,#6627);
#5680=AXIS2_PLACEMENT_3D('',#8549,#6630,#6631);
#5681=AXIS2_PLACEMENT_3D('',#8552,#6633,#6634);
#5682=AXIS2_PLACEMENT_3D('',#8553,#6635,#6636);
#5683=AXIS2_PLACEMENT_3D('',#8556,#6638,#6639);
#5684=AXIS2_PLACEMENT_3D('',#8557,#6640,#6641);
#5685=AXIS2_PLACEMENT_3D('',#8560,#6643,#6644);
#5686=AXIS2_PLACEMENT_3D('',#8561,#6645,#6646);
#5687=AXIS2_PLACEMENT_3D('',#8564,#6648,#6649);
#5688=AXIS2_PLACEMENT_3D('',#8565,#6650,#6651);
#5689=AXIS2_PLACEMENT_3D('',#8569,#6654,#6655);
#5690=AXIS2_PLACEMENT_3D('',#8572,#6657,#6658);
#5691=AXIS2_PLACEMENT_3D('',#8573,#6659,#6660);
#5692=AXIS2_PLACEMENT_3D('',#8576,#6662,#6663);
#5693=AXIS2_PLACEMENT_3D('',#8588,#6664,#6665);
#5694=AXIS2_PLACEMENT_3D('',#8589,#6666,#6667);
#5695=AXIS2_PLACEMENT_3D('',#8592,#6669,#6670);
#5696=AXIS2_PLACEMENT_3D('',#8595,#6672,#6673);
#5697=AXIS2_PLACEMENT_3D('',#8599,#6676,#6677);
#5698=AXIS2_PLACEMENT_3D('',#8602,#6679,#6680);
#5699=AXIS2_PLACEMENT_3D('',#8603,#6681,#6682);
#5700=AXIS2_PLACEMENT_3D('',#8606,#6684,#6685);
#5701=AXIS2_PLACEMENT_3D('',#8607,#6686,#6687);
#5702=AXIS2_PLACEMENT_3D('',#8611,#6690,#6691);
#5703=AXIS2_PLACEMENT_3D('',#8614,#6693,#6694);
#5704=AXIS2_PLACEMENT_3D('',#8615,#6695,#6696);
#5705=AXIS2_PLACEMENT_3D('',#8618,#6698,#6699);
#5706=AXIS2_PLACEMENT_3D('',#8697,#6706,#6707);
#5707=AXIS2_PLACEMENT_3D('',#8700,#6709,#6710);
#5708=AXIS2_PLACEMENT_3D('',#8701,#6711,#6712);
#5709=AXIS2_PLACEMENT_3D('',#8704,#6714,#6715);
#5710=AXIS2_PLACEMENT_3D('',#8705,#6716,#6717);
#5711=AXIS2_PLACEMENT_3D('',#8709,#6720,#6721);
#5712=AXIS2_PLACEMENT_3D('',#8712,#6723,#6724);
#5713=AXIS2_PLACEMENT_3D('',#8713,#6725,#6726);
#5714=AXIS2_PLACEMENT_3D('',#8716,#6728,#6729);
#5715=AXIS2_PLACEMENT_3D('',#8717,#6730,#6731);
#5716=AXIS2_PLACEMENT_3D('',#8721,#6734,#6735);
#5717=AXIS2_PLACEMENT_3D('',#8724,#6737,#6738);
#5718=AXIS2_PLACEMENT_3D('',#8725,#6739,#6740);
#5719=AXIS2_PLACEMENT_3D('',#8728,#6742,#6743);
#5720=AXIS2_PLACEMENT_3D('',#8729,#6744,#6745);
#5721=AXIS2_PLACEMENT_3D('',#8733,#6748,#6749);
#5722=AXIS2_PLACEMENT_3D('',#8759,#6755,#6756);
#5723=AXIS2_PLACEMENT_3D('',#8760,#6757,#6758);
#5724=AXIS2_PLACEMENT_3D('',#8764,#6760,#6761);
#5725=AXIS2_PLACEMENT_3D('',#8816,#6765,#6766);
#5726=AXIS2_PLACEMENT_3D('',#8817,#6767,#6768);
#5727=AXIS2_PLACEMENT_3D('',#8821,#6770,#6771);
#5728=AXIS2_PLACEMENT_3D('',#8836,#6772,#6773);
#5729=AXIS2_PLACEMENT_3D('',#8837,#6774,#6775);
#5730=AXIS2_PLACEMENT_3D('',#8838,#6776,#6777);
#5731=AXIS2_PLACEMENT_3D('',#8839,#6778,#6779);
#5732=AXIS2_PLACEMENT_3D('',#8840,#6780,#6781);
#5733=AXIS2_PLACEMENT_3D('',#8843,#6783,#6784);
#5734=AXIS2_PLACEMENT_3D('',#8846,#6786,#6787);
#5735=AXIS2_PLACEMENT_3D('',#8849,#6789,#6790);
#5736=AXIS2_PLACEMENT_3D('',#8902,#6795,#6796);
#5737=AXIS2_PLACEMENT_3D('',#8905,#6798,#6799);
#5738=AXIS2_PLACEMENT_3D('',#8906,#6800,#6801);
#5739=AXIS2_PLACEMENT_3D('',#8909,#6803,#6804);
#5740=AXIS2_PLACEMENT_3D('',#8923,#6806,#6807);
#5741=AXIS2_PLACEMENT_3D('',#8926,#6809,#6810);
#5742=AXIS2_PLACEMENT_3D('',#8940,#6812,#6813);
#5743=AXIS2_PLACEMENT_3D('',#8943,#6815,#6816);
#5744=AXIS2_PLACEMENT_3D('',#8944,#6817,#6818);
#5745=AXIS2_PLACEMENT_3D('',#8947,#6820,#6821);
#5746=AXIS2_PLACEMENT_3D('',#8948,#6822,#6823);
#5747=AXIS2_PLACEMENT_3D('',#8951,#6825,#6826);
#5748=AXIS2_PLACEMENT_3D('',#8952,#6827,#6828);
#5749=AXIS2_PLACEMENT_3D('',#8956,#6831,#6832);
#5750=AXIS2_PLACEMENT_3D('',#8982,#6838,#6839);
#5751=AXIS2_PLACEMENT_3D('',#8983,#6840,#6841);
#5752=AXIS2_PLACEMENT_3D('',#8987,#6843,#6844);
#5753=AXIS2_PLACEMENT_3D('',#9056,#6849,#6850);
#5754=AXIS2_PLACEMENT_3D('',#9062,#6854,#6855);
#5755=AXIS2_PLACEMENT_3D('',#9071,#6860,#6861);
#5756=AXIS2_PLACEMENT_3D('',#9072,#6862,#6863);
#5757=AXIS2_PLACEMENT_3D('',#9076,#6865,#6866);
#5758=AXIS2_PLACEMENT_3D('',#9077,#6867,#6868);
#5759=AXIS2_PLACEMENT_3D('',#9151,#6876,#6877);
#5760=AXIS2_PLACEMENT_3D('',#9152,#6878,#6879);
#5761=AXIS2_PLACEMENT_3D('',#9156,#6881,#6882);
#5762=AXIS2_PLACEMENT_3D('',#9185,#6883,#6884);
#5763=AXIS2_PLACEMENT_3D('',#9186,#6885,#6886);
#5764=AXIS2_PLACEMENT_3D('',#9187,#6887,#6888);
#5765=AXIS2_PLACEMENT_3D('',#9188,#6889,#6890);
#5766=AXIS2_PLACEMENT_3D('',#9189,#6891,#6892);
#5767=AXIS2_PLACEMENT_3D('',#9205,#6895,#6896);
#5768=AXIS2_PLACEMENT_3D('',#9209,#6899,#6900);
#5769=AXIS2_PLACEMENT_3D('',#9212,#6902,#6903);
#5770=AXIS2_PLACEMENT_3D('',#9213,#6904,#6905);
#5771=AXIS2_PLACEMENT_3D('',#9216,#6907,#6908);
#5772=AXIS2_PLACEMENT_3D('',#9217,#6909,#6910);
#5773=AXIS2_PLACEMENT_3D('',#9221,#6913,#6914);
#5774=AXIS2_PLACEMENT_3D('',#9224,#6916,#6917);
#5775=AXIS2_PLACEMENT_3D('',#9225,#6918,#6919);
#5776=AXIS2_PLACEMENT_3D('',#9228,#6921,#6922);
#5777=AXIS2_PLACEMENT_3D('',#9229,#6923,#6924);
#5778=AXIS2_PLACEMENT_3D('',#9285,#6931,#6932);
#5779=AXIS2_PLACEMENT_3D('',#9289,#6935,#6936);
#5780=AXIS2_PLACEMENT_3D('',#9292,#6938,#6939);
#5781=AXIS2_PLACEMENT_3D('',#9293,#6940,#6941);
#5782=AXIS2_PLACEMENT_3D('',#9296,#6943,#6944);
#5783=AXIS2_PLACEMENT_3D('',#9297,#6945,#6946);
#5784=AXIS2_PLACEMENT_3D('',#9301,#6949,#6950);
#5785=AXIS2_PLACEMENT_3D('',#9304,#6952,#6953);
#5786=AXIS2_PLACEMENT_3D('',#9305,#6954,#6955);
#5787=AXIS2_PLACEMENT_3D('',#9308,#6957,#6958);
#5788=AXIS2_PLACEMENT_3D('',#9309,#6959,#6960);
#5789=AXIS2_PLACEMENT_3D('',#9324,#6963,#6964);
#5790=AXIS2_PLACEMENT_3D('',#9325,#6965,#6966);
#5791=AXIS2_PLACEMENT_3D('',#9326,#6967,#6968);
#5792=AXIS2_PLACEMENT_3D('',#9367,#6989,#6990);
#5793=AXIS2_PLACEMENT_3D('',#9408,#7011,#7012);
#5794=AXIS2_PLACEMENT_3D('',#9425,#7021,#7022);
#5795=AXIS2_PLACEMENT_3D('',#9442,#7031,#7032);
#5796=AXIS2_PLACEMENT_3D('',#9451,#7037,#7038);
#5797=AXIS2_PLACEMENT_3D('',#9460,#7043,#7044);
#5798=AXIS2_PLACEMENT_3D('',#9469,#7049,#7050);
#5799=AXIS2_PLACEMENT_3D('',#9478,#7055,#7056);
#5800=AXIS2_PLACEMENT_3D('',#9479,#7057,#7058);
#5801=AXIS2_PLACEMENT_3D('',#9481,#7059,#7060);
#5802=AXIS2_PLACEMENT_3D('',#9483,#7061,#7062);
#5803=AXIS2_PLACEMENT_3D('',#9485,#7063,#7064);
#5804=AXIS2_PLACEMENT_3D('',#9487,#7065,#7066);
#5805=AXIS2_PLACEMENT_3D('',#9488,#7067,#7068);
#5806=AXIS2_PLACEMENT_3D('',#9489,#7069,#7070);
#5807=AXIS2_PLACEMENT_3D('',#9490,#7071,#7072);
#5808=AXIS2_PLACEMENT_3D('',#9491,#7073,#7074);
#5809=AXIS2_PLACEMENT_3D('',#9492,#7075,#7076);
#5810=AXIS2_PLACEMENT_3D('',#9493,#7077,#7078);
#5811=AXIS2_PLACEMENT_3D('',#9494,#7079,#7080);
#5812=AXIS2_PLACEMENT_3D('',#9495,#7081,#7082);
#5813=AXIS2_PLACEMENT_3D('',#9496,#7083,#7084);
#5814=AXIS2_PLACEMENT_3D('',#9497,#7085,#7086);
#5815=AXIS2_PLACEMENT_3D('',#9498,#7087,#7088);
#5816=AXIS2_PLACEMENT_3D('',#9499,#7089,#7090);
#5817=AXIS2_PLACEMENT_3D('',#9500,#7091,#7092);
#5818=AXIS2_PLACEMENT_3D('',#9501,#7093,#7094);
#5819=AXIS2_PLACEMENT_3D('',#9502,#7095,#7096);
#5820=AXIS2_PLACEMENT_3D('',#9503,#7097,#7098);
#5821=AXIS2_PLACEMENT_3D('',#9504,#7099,#7100);
#5822=AXIS2_PLACEMENT_3D('',#9505,#7101,#7102);
#5823=AXIS2_PLACEMENT_3D('',#9506,#7103,#7104);
#5824=AXIS2_PLACEMENT_3D('',#9507,#7105,#7106);
#5825=AXIS2_PLACEMENT_3D('',#9508,#7107,#7108);
#5826=AXIS2_PLACEMENT_3D('',#9509,#7109,#7110);
#5827=AXIS2_PLACEMENT_3D('',#9510,#7111,#7112);
#5828=AXIS2_PLACEMENT_3D('',#9511,#7113,#7114);
#5829=AXIS2_PLACEMENT_3D('',#9512,#7115,#7116);
#5830=AXIS2_PLACEMENT_3D('',#9513,#7117,#7118);
#5831=AXIS2_PLACEMENT_3D('',#9516,#7121,#7122);
#5832=AXIS2_PLACEMENT_3D('',#9518,#7124,#7125);
#5833=AXIS2_PLACEMENT_3D('',#9520,#7127,#7128);
#5834=AXIS2_PLACEMENT_3D('',#9521,#7129,#7130);
#5835=AXIS2_PLACEMENT_3D('',#9524,#7133,#7134);
#5836=AXIS2_PLACEMENT_3D('',#9526,#7136,#7137);
#5837=AXIS2_PLACEMENT_3D('',#9528,#7139,#7140);
#5838=AXIS2_PLACEMENT_3D('',#9529,#7141,#7142);
#5839=AXIS2_PLACEMENT_3D('',#9532,#7145,#7146);
#5840=AXIS2_PLACEMENT_3D('',#9534,#7148,#7149);
#5841=AXIS2_PLACEMENT_3D('',#9536,#7151,#7152);
#5842=AXIS2_PLACEMENT_3D('',#9537,#7153,#7154);
#5843=AXIS2_PLACEMENT_3D('',#9540,#7157,#7158);
#5844=AXIS2_PLACEMENT_3D('',#9542,#7160,#7161);
#5845=AXIS2_PLACEMENT_3D('',#9544,#7163,#7164);
#5846=AXIS2_PLACEMENT_3D('',#9545,#7165,#7166);
#5847=AXIS2_PLACEMENT_3D('',#9548,#7169,#7170);
#5848=AXIS2_PLACEMENT_3D('',#9550,#7172,#7173);
#5849=AXIS2_PLACEMENT_3D('',#9552,#7175,#7176);
#5850=AXIS2_PLACEMENT_3D('',#9553,#7177,#7178);
#5851=AXIS2_PLACEMENT_3D('',#9555,#7179,#7180);
#5852=AXIS2_PLACEMENT_3D('',#9557,#7181,#7182);
#5853=AXIS2_PLACEMENT_3D('',#9558,#7183,#7184);
#5854=AXIS2_PLACEMENT_3D('',#9560,#7185,#7186);
#5855=AXIS2_PLACEMENT_3D('',#9562,#7187,#7188);
#5856=AXIS2_PLACEMENT_3D('',#9563,#7189,#7190);
#5857=AXIS2_PLACEMENT_3D('',#9565,#7191,#7192);
#5858=AXIS2_PLACEMENT_3D('',#9567,#7193,#7194);
#5859=AXIS2_PLACEMENT_3D('',#9568,#7195,#7196);
#5860=AXIS2_PLACEMENT_3D('',#9570,#7197,#7198);
#5861=AXIS2_PLACEMENT_3D('',#9572,#7199,#7200);
#5862=DIRECTION('',(0.,0.,1.));
#5863=DIRECTION('',(1.,0.,0.));
#5864=DIRECTION('',(0.,0.,1.));
#5865=DIRECTION('',(1.,0.,0.));
#5866=DIRECTION('',(0.,-1.,0.));
#5867=DIRECTION('',(0.,0.,1.));
#5868=DIRECTION('',(1.,0.,0.));
#5869=DIRECTION('',(1.,0.,0.));
#5870=DIRECTION('',(0.,0.,1.));
#5871=DIRECTION('',(1.,0.,0.));
#5872=DIRECTION('',(0.,-1.,0.));
#5873=DIRECTION('',(0.,0.,1.));
#5874=DIRECTION('',(1.,0.,0.));
#5875=DIRECTION('',(1.,0.,0.));
#5876=DIRECTION('',(0.,0.,1.));
#5877=DIRECTION('',(1.,0.,0.));
#5878=DIRECTION('',(0.,0.,1.));
#5879=DIRECTION('',(1.,0.,0.));
#5880=DIRECTION('',(0.,0.,1.));
#5881=DIRECTION('',(1.,0.,0.));
#5882=DIRECTION('',(0.,-1.,0.));
#5883=DIRECTION('',(0.,0.,1.));
#5884=DIRECTION('',(1.,0.,0.));
#5885=DIRECTION('',(0.,0.,1.));
#5886=DIRECTION('',(1.,0.,0.));
#5887=DIRECTION('',(0.,0.,1.));
#5888=DIRECTION('',(1.,0.,0.));
#5889=DIRECTION('',(0.,0.,1.));
#5890=DIRECTION('',(1.,0.,0.));
#5891=DIRECTION('',(0.,0.,1.));
#5892=DIRECTION('',(1.,0.,0.));
#5893=DIRECTION('',(0.,1.,0.));
#5894=DIRECTION('',(0.,0.,1.));
#5895=DIRECTION('',(1.,0.,0.));
#5896=DIRECTION('',(0.,0.,1.));
#5897=DIRECTION('',(1.,0.,0.));
#5898=DIRECTION('',(-1.,0.,0.));
#5899=DIRECTION('',(0.,0.,1.));
#5900=DIRECTION('',(1.,0.,0.));
#5901=DIRECTION('',(0.,0.,1.));
#5902=DIRECTION('',(1.,0.,0.));
#5903=DIRECTION('',(0.,1.,0.));
#5904=DIRECTION('',(0.,0.,1.));
#5905=DIRECTION('',(1.,0.,0.));
#5906=DIRECTION('',(0.,0.,1.));
#5907=DIRECTION('',(1.,0.,0.));
#5908=DIRECTION('',(1.,0.,0.));
#5909=DIRECTION('',(0.,0.,1.));
#5910=DIRECTION('',(1.,0.,0.));
#5911=DIRECTION('',(0.,0.,1.));
#5912=DIRECTION('',(1.,0.,0.));
#5913=DIRECTION('',(0.,-1.,0.));
#5914=DIRECTION('',(0.,0.,1.));
#5915=DIRECTION('',(1.,0.,0.));
#5916=DIRECTION('',(1.,0.,0.));
#5917=DIRECTION('',(0.,0.,1.));
#5918=DIRECTION('',(1.,0.,0.));
#5919=DIRECTION('',(0.,1.,0.));
#5920=DIRECTION('',(0.,0.,1.));
#5921=DIRECTION('',(1.,0.,0.));
#5922=DIRECTION('',(0.,0.,1.));
#5923=DIRECTION('',(1.,0.,0.));
#5924=DIRECTION('',(1.,0.,0.));
#5925=DIRECTION('',(0.,0.,1.));
#5926=DIRECTION('',(1.,0.,0.));
#5927=DIRECTION('',(0.,0.,1.));
#5928=DIRECTION('',(1.,0.,0.));
#5929=DIRECTION('',(0.,-1.,0.));
#5930=DIRECTION('',(0.,0.,1.));
#5931=DIRECTION('',(1.,0.,0.));
#5932=DIRECTION('',(0.,0.,1.));
#5933=DIRECTION('',(1.,0.,0.));
#5934=DIRECTION('',(-1.,0.,0.));
#5935=DIRECTION('',(0.,0.,1.));
#5936=DIRECTION('',(1.,0.,0.));
#5937=DIRECTION('',(0.,0.,1.));
#5938=DIRECTION('',(1.,0.,0.));
#5939=DIRECTION('',(0.,1.,0.));
#5940=DIRECTION('',(-1.,0.,0.));
#5941=DIRECTION('',(0.,-1.,0.));
#5942=DIRECTION('',(0.,0.,1.));
#5943=DIRECTION('',(1.,0.,0.));
#5944=DIRECTION('',(0.,0.,1.));
#5945=DIRECTION('',(1.,0.,0.));
#5946=DIRECTION('',(0.,1.,0.));
#5947=DIRECTION('',(0.,0.,1.));
#5948=DIRECTION('',(1.,0.,0.));
#5949=DIRECTION('',(0.,0.,1.));
#5950=DIRECTION('',(1.,0.,0.));
#5951=DIRECTION('',(1.,0.,0.));
#5952=DIRECTION('',(0.,0.,1.));
#5953=DIRECTION('',(1.,0.,0.));
#5954=DIRECTION('',(0.,0.,1.));
#5955=DIRECTION('',(1.,0.,0.));
#5956=DIRECTION('',(0.,-1.,0.));
#5957=DIRECTION('',(0.,1.,0.));
#5958=DIRECTION('',(0.,0.,1.));
#5959=DIRECTION('',(1.,0.,0.));
#5960=DIRECTION('',(0.,0.,1.));
#5961=DIRECTION('',(1.,0.,0.));
#5962=DIRECTION('',(1.,0.,0.));
#5963=DIRECTION('',(0.,0.,1.));
#5964=DIRECTION('',(1.,0.,0.));
#5965=DIRECTION('',(0.,0.,1.));
#5966=DIRECTION('',(1.,0.,0.));
#5967=DIRECTION('',(0.,-1.,0.));
#5968=DIRECTION('',(0.,0.,1.));
#5969=DIRECTION('',(1.,0.,0.));
#5970=DIRECTION('',(0.,0.,1.));
#5971=DIRECTION('',(1.,0.,0.));
#5972=DIRECTION('',(-1.,0.,0.));
#5973=DIRECTION('',(0.,0.,1.));
#5974=DIRECTION('',(1.,0.,0.));
#5975=DIRECTION('',(0.,0.,1.));
#5976=DIRECTION('',(1.,0.,0.));
#5977=DIRECTION('',(-0.132163720090992,0.991227900682638,0.));
#5978=DIRECTION('',(0.,0.,1.));
#5979=DIRECTION('',(1.,0.,0.));
#5980=DIRECTION('',(0.,0.,1.));
#5981=DIRECTION('',(1.,0.,0.));
#5982=DIRECTION('',(0.,0.,1.));
#5983=DIRECTION('',(1.,0.,0.));
#5984=DIRECTION('',(-0.31587015469803,0.948802426942007,0.));
#5985=DIRECTION('',(0.,0.,1.));
#5986=DIRECTION('',(1.,0.,0.));
#5987=DIRECTION('',(0.,0.,1.));
#5988=DIRECTION('',(1.,0.,0.));
#5989=DIRECTION('',(1.,0.,0.));
#5990=DIRECTION('',(0.,0.,1.));
#5991=DIRECTION('',(1.,0.,0.));
#5992=DIRECTION('',(0.,0.,1.));
#5993=DIRECTION('',(1.,0.,0.));
#5994=DIRECTION('',(0.273944930616918,-0.96174537949984,0.));
#5995=DIRECTION('',(0.,0.,1.));
#5996=DIRECTION('',(1.,0.,0.));
#5997=DIRECTION('',(0.,0.,1.));
#5998=DIRECTION('',(1.,0.,0.));
#5999=DIRECTION('',(0.276858392100562,0.960910729840963,0.));
#6000=DIRECTION('',(0.,0.,1.));
#6001=DIRECTION('',(1.,0.,0.));
#6002=DIRECTION('',(0.,0.,1.));
#6003=DIRECTION('',(1.,0.,0.));
#6004=DIRECTION('',(1.,0.,0.));
#6005=DIRECTION('',(0.,0.,1.));
#6006=DIRECTION('',(1.,0.,0.));
#6007=DIRECTION('',(0.,0.,1.));
#6008=DIRECTION('',(1.,0.,0.));
#6009=DIRECTION('',(-0.315655523260689,-0.94887385391053,0.));
#6010=DIRECTION('',(0.,0.,1.));
#6011=DIRECTION('',(1.,0.,0.));
#6012=DIRECTION('',(0.,0.,1.));
#6013=DIRECTION('',(1.,0.,0.));
#6014=DIRECTION('',(-1.,0.,0.));
#6015=DIRECTION('',(0.,0.,1.));
#6016=DIRECTION('',(1.,0.,0.));
#6017=DIRECTION('',(0.,0.,1.));
#6018=DIRECTION('',(1.,0.,0.));
#6019=DIRECTION('',(0.,0.,1.));
#6020=DIRECTION('',(1.,0.,0.));
#6021=DIRECTION('',(1.,0.,0.));
#6022=DIRECTION('',(0.,0.,1.));
#6023=DIRECTION('',(1.,0.,0.));
#6024=DIRECTION('',(0.,0.,1.));
#6025=DIRECTION('',(1.,0.,0.));
#6026=DIRECTION('',(0.,0.,1.));
#6027=DIRECTION('',(1.,0.,0.));
#6028=DIRECTION('',(0.,0.,1.));
#6029=DIRECTION('',(1.,0.,0.));
#6030=DIRECTION('',(-1.,0.,0.));
#6031=DIRECTION('',(0.,0.,1.));
#6032=DIRECTION('',(1.,0.,0.));
#6033=DIRECTION('',(0.,0.,1.));
#6034=DIRECTION('',(1.,0.,0.));
#6035=DIRECTION('',(0.,0.,1.));
#6036=DIRECTION('',(1.,0.,0.));
#6037=DIRECTION('',(0.,0.,1.));
#6038=DIRECTION('',(1.,0.,0.));
#6039=DIRECTION('',(-3.27392110800344E-16,1.,0.));
#6040=DIRECTION('',(0.,0.,1.));
#6041=DIRECTION('',(1.,0.,0.));
#6042=DIRECTION('',(0.,0.,1.));
#6043=DIRECTION('',(1.,0.,0.));
#6044=DIRECTION('',(0.,0.,1.));
#6045=DIRECTION('',(1.,0.,0.));
#6046=DIRECTION('',(-1.,0.,0.));
#6047=DIRECTION('',(0.,0.,1.));
#6048=DIRECTION('',(1.,0.,0.));
#6049=DIRECTION('',(0.,0.,1.));
#6050=DIRECTION('',(1.,0.,0.));
#6051=DIRECTION('',(0.,1.,0.));
#6052=DIRECTION('',(0.,0.,1.));
#6053=DIRECTION('',(1.,0.,0.));
#6054=DIRECTION('',(0.,0.,1.));
#6055=DIRECTION('',(1.,0.,0.));
#6056=DIRECTION('',(1.,0.,0.));
#6057=DIRECTION('',(0.,0.,1.));
#6058=DIRECTION('',(1.,0.,0.));
#6059=DIRECTION('',(0.,0.,1.));
#6060=DIRECTION('',(1.,0.,0.));
#6061=DIRECTION('',(0.,-1.,0.));
#6062=DIRECTION('',(0.,0.,1.));
#6063=DIRECTION('',(1.,0.,0.));
#6064=DIRECTION('',(0.,0.,1.));
#6065=DIRECTION('',(1.,0.,0.));
#6066=DIRECTION('',(0.,0.,1.));
#6067=DIRECTION('',(1.,0.,0.));
#6068=DIRECTION('',(0.,0.,1.));
#6069=DIRECTION('',(1.,0.,0.));
#6070=DIRECTION('',(-0.132163720090992,-0.991227900682638,0.));
#6071=DIRECTION('',(0.,0.,1.));
#6072=DIRECTION('',(1.,0.,0.));
#6073=DIRECTION('',(0.,0.,1.));
#6074=DIRECTION('',(1.,0.,0.));
#6075=DIRECTION('',(0.,0.,1.));
#6076=DIRECTION('',(1.,0.,0.));
#6077=DIRECTION('',(0.,0.,1.));
#6078=DIRECTION('',(1.,0.,0.));
#6079=DIRECTION('',(0.,0.,1.));
#6080=DIRECTION('',(1.,0.,0.));
#6081=DIRECTION('',(0.,1.,0.));
#6082=DIRECTION('',(0.,0.,1.));
#6083=DIRECTION('',(1.,0.,0.));
#6084=DIRECTION('',(0.,0.,1.));
#6085=DIRECTION('',(1.,0.,0.));
#6086=DIRECTION('',(0.,0.,1.));
#6087=DIRECTION('',(1.,0.,0.));
#6088=DIRECTION('',(0.,0.,1.));
#6089=DIRECTION('',(1.,0.,0.));
#6090=DIRECTION('',(0.,0.,1.));
#6091=DIRECTION('',(1.,0.,0.));
#6092=DIRECTION('',(0.,0.,1.));
#6093=DIRECTION('',(1.,0.,0.));
#6094=DIRECTION('',(0.,-1.,0.));
#6095=DIRECTION('',(0.,1.,0.));
#6096=DIRECTION('',(0.,0.,1.));
#6097=DIRECTION('',(1.,0.,0.));
#6098=DIRECTION('',(0.,0.,1.));
#6099=DIRECTION('',(1.,0.,0.));
#6100=DIRECTION('',(1.,0.,0.));
#6101=DIRECTION('',(0.,0.,1.));
#6102=DIRECTION('',(1.,0.,0.));
#6103=DIRECTION('',(0.,0.,1.));
#6104=DIRECTION('',(1.,0.,0.));
#6105=DIRECTION('',(0.,-1.,0.));
#6106=DIRECTION('',(0.,1.,0.));
#6107=DIRECTION('',(0.,0.,1.));
#6108=DIRECTION('',(1.,0.,0.));
#6109=DIRECTION('',(0.,0.,1.));
#6110=DIRECTION('',(1.,0.,0.));
#6111=DIRECTION('',(1.,0.,0.));
#6112=DIRECTION('',(0.,0.,1.));
#6113=DIRECTION('',(1.,0.,0.));
#6114=DIRECTION('',(0.,0.,1.));
#6115=DIRECTION('',(1.,0.,0.));
#6116=DIRECTION('',(0.,1.,0.));
#6117=DIRECTION('',(0.,0.,1.));
#6118=DIRECTION('',(0.,0.,-1.));
#6119=DIRECTION('',(1.,0.,0.));
#6120=DIRECTION('',(0.,0.,-1.));
#6121=DIRECTION('',(1.,0.,0.));
#6122=DIRECTION('',(0.,0.,-1.));
#6123=DIRECTION('',(0.,-1.,0.));
#6124=DIRECTION('',(0.,0.,-1.));
#6125=DIRECTION('',(0.,0.,-1.));
#6126=DIRECTION('',(0.,1.,0.));
#6127=DIRECTION('',(0.,0.,1.));
#6128=DIRECTION('',(0.,0.,-1.));
#6129=DIRECTION('',(1.,0.,0.));
#6130=DIRECTION('',(0.,0.,-1.));
#6131=DIRECTION('',(1.,0.,0.));
#6132=DIRECTION('',(0.,0.,-1.));
#6133=DIRECTION('',(0.,0.,-1.));
#6134=DIRECTION('',(0.,-1.,0.));
#6135=DIRECTION('',(0.,0.,-1.));
#6136=DIRECTION('',(0.,0.,1.));
#6137=DIRECTION('',(1.,0.,0.));
#6138=DIRECTION('',(0.,0.,1.));
#6139=DIRECTION('',(1.,0.,0.));
#6140=DIRECTION('',(0.,0.,1.));
#6141=DIRECTION('',(1.,0.,0.));
#6142=DIRECTION('',(0.,0.,1.));
#6143=DIRECTION('',(1.,0.,0.));
#6144=DIRECTION('',(0.,0.,1.));
#6145=DIRECTION('',(1.,0.,0.));
#6146=DIRECTION('',(0.,0.,-1.));
#6147=DIRECTION('',(-1.,0.,0.));
#6148=DIRECTION('',(0.,0.,1.));
#6149=DIRECTION('',(1.,0.,0.));
#6150=DIRECTION('',(0.,0.,-1.));
#6151=DIRECTION('',(-1.,0.,0.));
#6152=DIRECTION('',(0.,0.,1.));
#6153=DIRECTION('',(1.,0.,0.));
#6154=DIRECTION('',(0.,0.,1.));
#6155=DIRECTION('',(0.,0.,1.));
#6156=DIRECTION('',(0.,0.,1.));
#6157=DIRECTION('',(0.,0.,1.));
#6158=DIRECTION('',(0.,0.,1.));
#6159=DIRECTION('',(0.,0.,1.));
#6160=DIRECTION('',(-0.230363612554261,-0.97310462233562,0.));
#6161=DIRECTION('',(0.,0.,1.));
#6162=DIRECTION('',(0.,0.,1.));
#6163=DIRECTION('',(1.,0.,0.));
#6164=DIRECTION('',(0.,0.,1.));
#6165=DIRECTION('',(-0.0200440241511368,0.999799098367181,0.));
#6166=DIRECTION('',(0.,0.,1.));
#6167=DIRECTION('',(0.,0.,1.));
#6168=DIRECTION('',(1.,0.,0.));
#6169=DIRECTION('',(0.,0.,1.));
#6170=DIRECTION('',(1.,0.,0.));
#6171=DIRECTION('',(0.,0.,-1.));
#6172=DIRECTION('',(0.,0.,1.));
#6173=DIRECTION('',(0.,1.,0.));
#6174=DIRECTION('',(0.,0.,1.));
#6175=DIRECTION('',(-0.963351779371624,-0.26824121454677,0.));
#6176=DIRECTION('',(0.,0.,1.));
#6177=DIRECTION('',(0.,0.,1.));
#6178=DIRECTION('',(1.,0.,0.));
#6179=DIRECTION('',(0.,0.,1.));
#6180=DIRECTION('',(-0.636425660731826,-0.771338044155777,0.));
#6181=DIRECTION('',(0.,0.,1.));
#6182=DIRECTION('',(0.,0.,1.));
#6183=DIRECTION('',(1.,0.,0.));
#6184=DIRECTION('',(0.,0.,1.));
#6185=DIRECTION('',(0.,0.,1.));
#6186=DIRECTION('',(0.,0.,1.));
#6187=DIRECTION('',(0.,0.,1.));
#6188=DIRECTION('',(0.,0.,1.));
#6189=DIRECTION('',(0.,0.,1.));
#6190=DIRECTION('',(0.,0.,1.));
#6191=DIRECTION('',(0.,0.,1.));
#6192=DIRECTION('',(0.185559828413363,0.98263296814182,0.));
#6193=DIRECTION('',(0.,0.,1.));
#6194=DIRECTION('',(0.,0.,1.));
#6195=DIRECTION('',(1.,0.,0.));
#6196=DIRECTION('',(0.,0.,1.));
#6197=DIRECTION('',(0.0990205761922783,-0.995085386030037,0.));
#6198=DIRECTION('',(0.,0.,1.));
#6199=DIRECTION('',(0.,0.,1.));
#6200=DIRECTION('',(1.,0.,0.));
#6201=DIRECTION('',(0.,0.,1.));
#6202=DIRECTION('',(0.869717040161805,-0.493550676275688,0.));
#6203=DIRECTION('',(0.,0.,1.));
#6204=DIRECTION('',(0.,0.,1.));
#6205=DIRECTION('',(1.,0.,0.));
#6206=DIRECTION('',(-1.,0.,0.));
#6207=DIRECTION('',(0.,0.,1.));
#6208=DIRECTION('',(0.,0.,1.));
#6209=DIRECTION('',(0.,-1.,0.));
#6210=DIRECTION('',(0.,0.,1.));
#6211=DIRECTION('',(0.956705147770512,0.291058860420711,0.));
#6212=DIRECTION('',(0.,0.,1.));
#6213=DIRECTION('',(0.,0.,1.));
#6214=DIRECTION('',(1.,0.,0.));
#6215=DIRECTION('',(0.,0.,1.));
#6216=DIRECTION('',(0.593326184529813,0.804962134979835,0.));
#6217=DIRECTION('',(0.,0.,1.));
#6218=DIRECTION('',(0.,0.,1.));
#6219=DIRECTION('',(1.,0.,0.));
#6220=DIRECTION('',(0.,0.,1.));
#6221=DIRECTION('',(0.,0.,1.));
#6222=DIRECTION('',(0.,0.,1.));
#6223=DIRECTION('',(0.,0.,1.));
#6224=DIRECTION('',(1.,0.,0.));
#6225=DIRECTION('',(0.,0.,1.));
#6226=DIRECTION('',(-0.394044925856697,-0.91909117959351,0.));
#6227=DIRECTION('',(0.,0.,1.));
#6228=DIRECTION('',(0.,0.,1.));
#6229=DIRECTION('',(1.,0.,0.));
#6230=DIRECTION('',(0.,0.,1.));
#6231=DIRECTION('',(0.,1.,0.));
#6232=DIRECTION('',(0.,0.,1.));
#6233=DIRECTION('',(0.,0.,1.));
#6234=DIRECTION('',(-1.,0.,0.));
#6235=DIRECTION('',(0.,0.,1.));
#6236=DIRECTION('',(0.38838410851407,-0.921497576911481,0.));
#6237=DIRECTION('',(0.,0.,1.));
#6238=DIRECTION('',(0.,0.,1.));
#6239=DIRECTION('',(1.,0.,0.));
#6240=DIRECTION('',(0.,0.,1.));
#6241=DIRECTION('',(0.921497576913226,-0.38838410850993,0.));
#6242=DIRECTION('',(0.,0.,1.));
#6243=DIRECTION('',(0.,0.,1.));
#6244=DIRECTION('',(1.,0.,0.));
#6245=DIRECTION('',(-1.,0.,0.));
#6246=DIRECTION('',(0.,0.,1.));
#6247=DIRECTION('',(0.,0.,1.));
#6248=DIRECTION('',(0.,-1.,0.));
#6249=DIRECTION('',(0.,0.,1.));
#6250=DIRECTION('',(0.,1.,0.));
#6251=DIRECTION('',(0.,0.,1.));
#6252=DIRECTION('',(0.,0.,1.));
#6253=DIRECTION('',(-1.,0.,0.));
#6254=DIRECTION('',(0.,0.,1.));
#6255=DIRECTION('',(1.,0.,0.));
#6256=DIRECTION('',(0.,0.,-1.));
#6257=DIRECTION('',(0.,0.,1.));
#6258=DIRECTION('',(0.,1.,0.));
#6259=DIRECTION('',(0.,0.,1.));
#6260=DIRECTION('',(-0.921497576913187,-0.388384108510021,0.));
#6261=DIRECTION('',(0.,0.,1.));
#6262=DIRECTION('',(0.,0.,1.));
#6263=DIRECTION('',(1.,0.,0.));
#6264=DIRECTION('',(0.,0.,1.));
#6265=DIRECTION('',(-0.388384108510069,-0.921497576913167,0.));
#6266=DIRECTION('',(0.,0.,1.));
#6267=DIRECTION('',(0.,0.,1.));
#6268=DIRECTION('',(1.,0.,0.));
#6269=DIRECTION('',(0.,1.,0.));
#6270=DIRECTION('',(0.,0.,1.));
#6271=DIRECTION('',(0.,0.,1.));
#6272=DIRECTION('',(-1.,0.,0.));
#6273=DIRECTION('',(0.,0.,1.));
#6274=DIRECTION('',(0.394044925856718,-0.919091179593501,0.));
#6275=DIRECTION('',(0.,0.,1.));
#6276=DIRECTION('',(0.,0.,1.));
#6277=DIRECTION('',(1.,0.,0.));
#6278=DIRECTION('',(0.,0.,1.));
#6279=DIRECTION('',(0.925460100472468,-0.378845090285581,0.));
#6280=DIRECTION('',(0.,0.,1.));
#6281=DIRECTION('',(0.,0.,1.));
#6282=DIRECTION('',(1.,0.,0.));
#6283=DIRECTION('',(-1.,0.,0.));
#6284=DIRECTION('',(0.,0.,1.));
#6285=DIRECTION('',(0.,0.,1.));
#6286=DIRECTION('',(0.,-1.,0.));
#6287=DIRECTION('',(0.,0.,1.));
#6288=DIRECTION('',(0.925460100472483,0.378845090285544,0.));
#6289=DIRECTION('',(0.,0.,1.));
#6290=DIRECTION('',(0.,0.,1.));
#6291=DIRECTION('',(1.,0.,0.));
#6292=DIRECTION('',(0.,0.,1.));
#6293=DIRECTION('',(0.394044925854364,0.919091179594511,0.));
#6294=DIRECTION('',(0.,0.,1.));
#6295=DIRECTION('',(0.,0.,1.));
#6296=DIRECTION('',(1.,0.,0.));
#6297=DIRECTION('',(0.,-1.,0.));
#6298=DIRECTION('',(0.,0.,-1.));
#6299=DIRECTION('',(0.,0.,1.));
#6300=DIRECTION('',(1.,0.,0.));
#6301=DIRECTION('',(0.,0.,1.));
#6302=DIRECTION('',(-0.388384108510065,0.921497576913169,0.));
#6303=DIRECTION('',(0.,0.,1.));
#6304=DIRECTION('',(0.,0.,1.));
#6305=DIRECTION('',(1.,0.,0.));
#6306=DIRECTION('',(0.,0.,1.));
#6307=DIRECTION('',(-0.921497576911521,0.388384108513975,0.));
#6308=DIRECTION('',(0.,0.,1.));
#6309=DIRECTION('',(0.,0.,1.));
#6310=DIRECTION('',(1.,0.,0.));
#6311=DIRECTION('',(1.,0.,0.));
#6312=DIRECTION('',(0.,0.,-1.));
#6313=DIRECTION('',(0.,0.,1.));
#6314=DIRECTION('',(0.,1.,0.));
#6315=DIRECTION('',(0.,0.,1.));
#6316=DIRECTION('',(0.707106781186522,-0.707106781186573,0.));
#6317=DIRECTION('',(0.,0.,1.));
#6318=DIRECTION('',(0.,0.,1.));
#6319=DIRECTION('',(1.,0.,0.));
#6320=DIRECTION('',(0.,-1.,0.));
#6321=DIRECTION('',(0.,0.,-1.));
#6322=DIRECTION('',(0.,0.,1.));
#6323=DIRECTION('',(1.,0.,0.));
#6324=DIRECTION('',(0.,0.,1.));
#6325=DIRECTION('',(-0.707106781186471,-0.707106781186624,0.));
#6326=DIRECTION('',(0.,0.,1.));
#6327=DIRECTION('',(0.,0.,1.));
#6328=DIRECTION('',(1.,0.,0.));
#6329=DIRECTION('',(-1.,0.,0.));
#6330=DIRECTION('',(0.,0.,1.));
#6331=DIRECTION('',(0.,0.,1.));
#6332=DIRECTION('',(0.,-1.,0.));
#6333=DIRECTION('',(0.,0.,1.));
#6334=DIRECTION('',(0.921497576913189,0.388384108510018,0.));
#6335=DIRECTION('',(0.,0.,1.));
#6336=DIRECTION('',(0.,0.,1.));
#6337=DIRECTION('',(1.,0.,0.));
#6338=DIRECTION('',(0.,0.,1.));
#6339=DIRECTION('',(0.388384108510114,0.921497576913148,0.));
#6340=DIRECTION('',(0.,0.,1.));
#6341=DIRECTION('',(0.,0.,1.));
#6342=DIRECTION('',(1.,0.,0.));
#6343=DIRECTION('',(0.,-1.,0.));
#6344=DIRECTION('',(0.,0.,-1.));
#6345=DIRECTION('',(0.,0.,1.));
#6346=DIRECTION('',(1.,0.,0.));
#6347=DIRECTION('',(0.,0.,1.));
#6348=DIRECTION('',(-0.394044925854342,0.91909117959452,0.));
#6349=DIRECTION('',(0.,0.,1.));
#6350=DIRECTION('',(0.,0.,1.));
#6351=DIRECTION('',(1.,0.,0.));
#6352=DIRECTION('',(0.,0.,1.));
#6353=DIRECTION('',(-0.925460100472473,0.378845090285567,0.));
#6354=DIRECTION('',(0.,0.,1.));
#6355=DIRECTION('',(0.,0.,1.));
#6356=DIRECTION('',(1.,0.,0.));
#6357=DIRECTION('',(1.,0.,0.));
#6358=DIRECTION('',(0.,0.,-1.));
#6359=DIRECTION('',(0.,0.,1.));
#6360=DIRECTION('',(0.,1.,0.));
#6361=DIRECTION('',(0.,0.,1.));
#6362=DIRECTION('',(-0.925460100472473,-0.378845090285568,0.));
#6363=DIRECTION('',(0.,0.,1.));
#6364=DIRECTION('',(1.,0.,0.));
#6365=DIRECTION('',(0.,0.,1.));
#6366=DIRECTION('',(1.,0.,0.));
#6367=DIRECTION('',(0.,0.,1.));
#6368=DIRECTION('',(0.,0.,1.));
#6369=DIRECTION('',(0.,0.,1.));
#6370=DIRECTION('',(0.,0.,1.));
#6371=DIRECTION('',(-0.385692695357666,0.922627305442311,0.));
#6372=DIRECTION('',(0.,0.,1.));
#6373=DIRECTION('',(0.,0.,1.));
#6374=DIRECTION('',(1.,0.,0.));
#6375=DIRECTION('',(0.,0.,1.));
#6376=DIRECTION('',(0.69362451146169,0.720336752567528,0.));
#6377=DIRECTION('',(0.,0.,1.));
#6378=DIRECTION('',(0.,0.,1.));
#6379=DIRECTION('',(1.,0.,0.));
#6380=DIRECTION('',(0.991227900682638,0.132163720090992,0.));
#6381=DIRECTION('',(-0.132163720090992,0.991227900682638,0.));
#6382=DIRECTION('',(0.,0.,1.));
#6383=DIRECTION('',(-0.132163720090992,0.991227900682638,0.));
#6384=DIRECTION('',(0.,0.,1.));
#6385=DIRECTION('',(-0.917272539416911,-0.398260076371775,0.));
#6386=DIRECTION('',(0.,0.,1.));
#6387=DIRECTION('',(0.,0.,1.));
#6388=DIRECTION('',(1.,0.,0.));
#6389=DIRECTION('',(0.,0.,1.));
#6390=DIRECTION('',(-0.378858157868593,-0.925454751036708,0.));
#6391=DIRECTION('',(0.,0.,1.));
#6392=DIRECTION('',(0.,0.,1.));
#6393=DIRECTION('',(1.,0.,0.));
#6394=DIRECTION('',(0.,1.,0.));
#6395=DIRECTION('',(0.,0.,1.));
#6396=DIRECTION('',(0.,0.,1.));
#6397=DIRECTION('',(-1.,0.,0.));
#6398=DIRECTION('',(0.,0.,1.));
#6399=DIRECTION('',(0.393217759197164,-0.919445372956959,0.));
#6400=DIRECTION('',(0.,0.,1.));
#6401=DIRECTION('',(0.,0.,1.));
#6402=DIRECTION('',(1.,0.,0.));
#6403=DIRECTION('',(0.,0.,1.));
#6404=DIRECTION('',(0.92546010047247,-0.378845090285574,0.));
#6405=DIRECTION('',(0.,0.,1.));
#6406=DIRECTION('',(0.,0.,1.));
#6407=DIRECTION('',(1.,0.,0.));
#6408=DIRECTION('',(-1.,0.,0.));
#6409=DIRECTION('',(0.,0.,1.));
#6410=DIRECTION('',(0.,0.,1.));
#6411=DIRECTION('',(0.,-1.,0.));
#6412=DIRECTION('',(0.,0.,1.));
#6413=DIRECTION('',(0.925460100472481,0.378845090285548,0.));
#6414=DIRECTION('',(0.,0.,1.));
#6415=DIRECTION('',(0.,0.,1.));
#6416=DIRECTION('',(1.,0.,0.));
#6417=DIRECTION('',(0.,0.,1.));
#6418=DIRECTION('',(0.393217759197073,0.919445372956998,0.));
#6419=DIRECTION('',(0.,0.,1.));
#6420=DIRECTION('',(0.,0.,1.));
#6421=DIRECTION('',(1.,0.,0.));
#6422=DIRECTION('',(0.,-1.,0.));
#6423=DIRECTION('',(0.,0.,-1.));
#6424=DIRECTION('',(0.,0.,1.));
#6425=DIRECTION('',(1.,0.,0.));
#6426=DIRECTION('',(0.,0.,1.));
#6427=DIRECTION('',(-0.389183431513657,0.921160277386761,0.));
#6428=DIRECTION('',(0.,0.,1.));
#6429=DIRECTION('',(0.,0.,1.));
#6430=DIRECTION('',(1.,0.,0.));
#6431=DIRECTION('',(0.,0.,1.));
#6432=DIRECTION('',(-0.922065444204128,0.387033999287716,0.));
#6433=DIRECTION('',(0.,0.,1.));
#6434=DIRECTION('',(0.,0.,1.));
#6435=DIRECTION('',(1.,0.,0.));
#6436=DIRECTION('',(1.,0.,0.));
#6437=DIRECTION('',(0.,0.,-1.));
#6438=DIRECTION('',(0.,0.,1.));
#6439=DIRECTION('',(0.,1.,0.));
#6440=DIRECTION('',(0.,0.,1.));
#6441=DIRECTION('',(0.,0.,1.));
#6442=DIRECTION('',(0.,0.,1.));
#6443=DIRECTION('',(0.,0.,1.));
#6444=DIRECTION('',(-1.,0.,0.));
#6445=DIRECTION('',(0.,0.,1.));
#6446=DIRECTION('',(0.,0.,1.));
#6447=DIRECTION('',(0.,-1.,0.));
#6448=DIRECTION('',(0.,0.,1.));
#6449=DIRECTION('',(0.921497576911595,0.3883841085138,0.));
#6450=DIRECTION('',(0.,0.,1.));
#6451=DIRECTION('',(0.,0.,1.));
#6452=DIRECTION('',(1.,0.,0.));
#6453=DIRECTION('',(0.,0.,1.));
#6454=DIRECTION('',(0.388384108513953,0.92149757691153,0.));
#6455=DIRECTION('',(0.,0.,1.));
#6456=DIRECTION('',(0.,0.,1.));
#6457=DIRECTION('',(1.,0.,0.));
#6458=DIRECTION('',(0.,-1.,0.));
#6459=DIRECTION('',(0.,0.,-1.));
#6460=DIRECTION('',(0.,0.,1.));
#6461=DIRECTION('',(1.,0.,0.));
#6462=DIRECTION('',(0.,0.,1.));
#6463=DIRECTION('',(-0.389183431509983,0.921160277388313,0.));
#6464=DIRECTION('',(0.,0.,1.));
#6465=DIRECTION('',(0.,0.,1.));
#6466=DIRECTION('',(1.,0.,0.));
#6467=DIRECTION('',(0.,0.,1.));
#6468=DIRECTION('',(-0.922065444204092,0.387033999287803,0.));
#6469=DIRECTION('',(0.,0.,1.));
#6470=DIRECTION('',(0.,0.,1.));
#6471=DIRECTION('',(1.,0.,0.));
#6472=DIRECTION('',(1.,0.,0.));
#6473=DIRECTION('',(0.,0.,-1.));
#6474=DIRECTION('',(0.,0.,1.));
#6475=DIRECTION('',(0.,1.,0.));
#6476=DIRECTION('',(0.,0.,1.));
#6477=DIRECTION('',(1.,0.,0.));
#6478=DIRECTION('',(0.948802426942007,0.31587015469803,0.));
#6479=DIRECTION('',(-0.31587015469803,0.948802426942007,0.));
#6480=DIRECTION('',(0.,0.,1.));
#6481=DIRECTION('',(-0.31587015469803,0.948802426942007,0.));
#6482=DIRECTION('',(0.,0.,1.));
#6483=DIRECTION('',(0.,0.,1.));
#6484=DIRECTION('',(-0.797281045022388,-0.603608263071348,0.));
#6485=DIRECTION('',(0.,0.,1.));
#6486=DIRECTION('',(0.,0.,1.));
#6487=DIRECTION('',(1.,0.,0.));
#6488=DIRECTION('',(0.,0.,1.));
#6489=DIRECTION('',(-0.312460408077811,-0.949930783469958,0.));
#6490=DIRECTION('',(0.,0.,1.));
#6491=DIRECTION('',(0.,0.,1.));
#6492=DIRECTION('',(1.,0.,0.));
#6493=DIRECTION('',(0.,1.,0.));
#6494=DIRECTION('',(0.,0.,1.));
#6495=DIRECTION('',(0.,0.,1.));
#6496=DIRECTION('',(-1.,0.,0.));
#6497=DIRECTION('',(0.,0.,1.));
#6498=DIRECTION('',(0.308778225971038,-0.951134063718769,0.));
#6499=DIRECTION('',(0.,0.,1.));
#6500=DIRECTION('',(0.,0.,1.));
#6501=DIRECTION('',(1.,0.,0.));
#6502=DIRECTION('',(0.,0.,1.));
#6503=DIRECTION('',(0.806890740002626,-0.590700714150589,0.));
#6504=DIRECTION('',(0.,0.,1.));
#6505=DIRECTION('',(0.,0.,1.));
#6506=DIRECTION('',(1.,0.,0.));
#6507=DIRECTION('',(-0.94887385391053,0.315655523260689,0.));
#6508=DIRECTION('',(-0.315655523260689,-0.94887385391053,0.));
#6509=DIRECTION('',(0.,0.,1.));
#6510=DIRECTION('',(-0.315655523260689,-0.94887385391053,0.));
#6511=DIRECTION('',(0.,0.,1.));
#6512=DIRECTION('',(0.991031909283417,0.133625427153907,0.));
#6513=DIRECTION('',(0.,0.,1.));
#6514=DIRECTION('',(0.,0.,1.));
#6515=DIRECTION('',(1.,0.,0.));
#6516=DIRECTION('',(0.,0.,1.));
#6517=DIRECTION('',(0.459352929999501,0.88825384080277,0.));
#6518=DIRECTION('',(0.,0.,1.));
#6519=DIRECTION('',(0.,0.,1.));
#6520=DIRECTION('',(1.,0.,0.));
#6521=DIRECTION('',(0.,-1.,0.));
#6522=DIRECTION('',(0.,0.,-1.));
#6523=DIRECTION('',(0.,0.,1.));
#6524=DIRECTION('',(1.,0.,0.));
#6525=DIRECTION('',(0.,0.,1.));
#6526=DIRECTION('',(-0.312460408077918,0.949930783469923,0.));
#6527=DIRECTION('',(0.,0.,1.));
#6528=DIRECTION('',(0.,0.,1.));
#6529=DIRECTION('',(1.,0.,0.));
#6530=DIRECTION('',(0.,0.,1.));
#6531=DIRECTION('',(-0.81811955494529,0.575048166518354,0.));
#6532=DIRECTION('',(0.,0.,1.));
#6533=DIRECTION('',(0.,0.,1.));
#6534=DIRECTION('',(1.,0.,0.));
#6535=DIRECTION('',(0.960910729840963,-0.276858392100562,0.));
#6536=DIRECTION('',(0.276858392100562,0.960910729840963,0.));
#6537=DIRECTION('',(0.,0.,1.));
#6538=DIRECTION('',(0.276858392100562,0.960910729840963,0.));
#6539=DIRECTION('',(0.,0.,1.));
#6540=DIRECTION('',(0.693624511462154,-0.720336752567082,0.));
#6541=DIRECTION('',(0.,0.,1.));
#6542=DIRECTION('',(0.,0.,1.));
#6543=DIRECTION('',(1.,0.,0.));
#6544=DIRECTION('',(0.,0.,1.));
#6545=DIRECTION('',(-0.693624511462353,-0.720336752566889,0.));
#6546=DIRECTION('',(0.,0.,1.));
#6547=DIRECTION('',(0.,0.,1.));
#6548=DIRECTION('',(1.,0.,0.));
#6549=DIRECTION('',(-0.961745379499841,-0.273944930616918,0.));
#6550=DIRECTION('',(0.273944930616918,-0.961745379499841,0.));
#6551=DIRECTION('',(0.,0.,1.));
#6552=DIRECTION('',(0.273944930616918,-0.96174537949984,0.));
#6553=DIRECTION('',(0.,0.,1.));
#6554=DIRECTION('',(0.828123997174737,0.56054495386484,0.));
#6555=DIRECTION('',(0.,0.,1.));
#6556=DIRECTION('',(0.,0.,1.));
#6557=DIRECTION('',(1.,0.,0.));
#6558=DIRECTION('',(0.,0.,1.));
#6559=DIRECTION('',(0.316260564033826,0.948672364748234,0.));
#6560=DIRECTION('',(0.,0.,1.));
#6561=DIRECTION('',(0.,0.,1.));
#6562=DIRECTION('',(1.,0.,0.));
#6563=DIRECTION('',(0.,-1.,0.));
#6564=DIRECTION('',(0.,0.,-1.));
#6565=DIRECTION('',(0.,0.,1.));
#6566=DIRECTION('',(1.,0.,0.));
#6567=DIRECTION('',(0.,0.,1.));
#6568=DIRECTION('',(-0.459352929999491,0.888253840802776,0.));
#6569=DIRECTION('',(0.,0.,1.));
#6570=DIRECTION('',(0.,0.,1.));
#6571=DIRECTION('',(1.,0.,0.));
#6572=DIRECTION('',(0.,0.,1.));
#6573=DIRECTION('',(-0.990505861874968,0.13747049716694,0.));
#6574=DIRECTION('',(0.,0.,1.));
#6575=DIRECTION('',(1.,0.,0.));
#6576=DIRECTION('',(0.,0.,1.));
#6577=DIRECTION('',(1.,0.,0.));
#6578=DIRECTION('',(0.,0.,1.));
#6579=DIRECTION('',(0.,0.,1.));
#6580=DIRECTION('',(0.,0.,1.));
#6581=DIRECTION('',(0.,0.,1.));
#6582=DIRECTION('',(0.,0.,1.));
#6583=DIRECTION('',(-0.140884567227879,0.990026029312873,0.));
#6584=DIRECTION('',(0.,0.,1.));
#6585=DIRECTION('',(0.,0.,1.));
#6586=DIRECTION('',(1.,0.,0.));
#6587=DIRECTION('',(0.,0.,1.));
#6588=DIRECTION('',(-0.592019393514519,0.805923717049388,0.));
#6589=DIRECTION('',(0.,0.,1.));
#6590=DIRECTION('',(0.,0.,1.));
#6591=DIRECTION('',(1.,0.,0.));
#6592=DIRECTION('',(0.,0.,1.));
#6593=DIRECTION('',(-0.956705481530542,0.291057763355341,0.));
#6594=DIRECTION('',(0.,0.,1.));
#6595=DIRECTION('',(0.,0.,1.));
#6596=DIRECTION('',(1.,0.,0.));
#6597=DIRECTION('',(1.,3.27392110800344E-16,0.));
#6598=DIRECTION('',(-3.27392110800344E-16,1.,0.));
#6599=DIRECTION('',(0.,0.,1.));
#6600=DIRECTION('',(-3.27392110800344E-16,1.,0.));
#6601=DIRECTION('',(0.,0.,1.));
#6602=DIRECTION('',(-0.878300130430879,-0.478109695451893,0.));
#6603=DIRECTION('',(0.,0.,1.));
#6604=DIRECTION('',(0.,0.,1.));
#6605=DIRECTION('',(1.,0.,0.));
#6606=DIRECTION('',(0.,0.,1.));
#6607=DIRECTION('',(-0.0897869200531406,-0.995960997723993,0.));
#6608=DIRECTION('',(0.,0.,1.));
#6609=DIRECTION('',(0.,0.,1.));
#6610=DIRECTION('',(1.,0.,0.));
#6611=DIRECTION('',(0.,0.,1.));
#6612=DIRECTION('',(0.,0.,1.));
#6613=DIRECTION('',(0.,0.,1.));
#6614=DIRECTION('',(0.,0.,1.));
#6615=DIRECTION('',(0.,0.,1.));
#6616=DIRECTION('',(0.,0.,1.));
#6617=DIRECTION('',(-0.925460100471788,-0.378845090287241,0.));
#6618=DIRECTION('',(0.,0.,1.));
#6619=DIRECTION('',(0.,0.,1.));
#6620=DIRECTION('',(1.,0.,0.));
#6621=DIRECTION('',(0.,0.,1.));
#6622=DIRECTION('',(-0.394044925854252,-0.919091179594559,0.));
#6623=DIRECTION('',(0.,0.,1.));
#6624=DIRECTION('',(0.,0.,1.));
#6625=DIRECTION('',(1.,0.,0.));
#6626=DIRECTION('',(0.,1.,0.));
#6627=DIRECTION('',(0.,0.,1.));
#6628=DIRECTION('',(0.,0.,1.));
#6629=DIRECTION('',(-1.,0.,0.));
#6630=DIRECTION('',(0.,0.,1.));
#6631=DIRECTION('',(0.388384108510215,-0.921497576913106,0.));
#6632=DIRECTION('',(0.,0.,1.));
#6633=DIRECTION('',(0.,0.,1.));
#6634=DIRECTION('',(1.,0.,0.));
#6635=DIRECTION('',(0.,0.,1.));
#6636=DIRECTION('',(0.921497576913166,-0.388384108510072,0.));
#6637=DIRECTION('',(0.,0.,1.));
#6638=DIRECTION('',(0.,0.,1.));
#6639=DIRECTION('',(1.,0.,0.));
#6640=DIRECTION('',(0.,0.,1.));
#6641=DIRECTION('',(0.919091179594543,0.394044925854288,0.));
#6642=DIRECTION('',(0.,0.,1.));
#6643=DIRECTION('',(0.,0.,1.));
#6644=DIRECTION('',(1.,0.,0.));
#6645=DIRECTION('',(0.,0.,1.));
#6646=DIRECTION('',(0.378845090285565,0.925460100472474,0.));
#6647=DIRECTION('',(0.,0.,1.));
#6648=DIRECTION('',(0.,0.,1.));
#6649=DIRECTION('',(1.,0.,0.));
#6650=DIRECTION('',(0.,-1.,0.));
#6651=DIRECTION('',(0.,0.,-1.));
#6652=DIRECTION('',(0.,0.,1.));
#6653=DIRECTION('',(1.,0.,0.));
#6654=DIRECTION('',(0.,0.,1.));
#6655=DIRECTION('',(-0.69463813600294,-0.71935933997576,0.));
#6656=DIRECTION('',(0.,0.,1.));
#6657=DIRECTION('',(0.,0.,1.));
#6658=DIRECTION('',(1.,0.,0.));
#6659=DIRECTION('',(0.,0.,1.));
#6660=DIRECTION('',(-0.858735144989866,0.512419701767246,0.));
#6661=DIRECTION('',(0.,0.,1.));
#6662=DIRECTION('',(0.,0.,1.));
#6663=DIRECTION('',(1.,0.,0.));
#6664=DIRECTION('',(0.,0.,1.));
#6665=DIRECTION('',(1.,0.,0.));
#6666=DIRECTION('',(0.,0.,1.));
#6667=DIRECTION('',(-0.389183431510058,-0.921160277388281,0.));
#6668=DIRECTION('',(0.,0.,1.));
#6669=DIRECTION('',(0.,0.,1.));
#6670=DIRECTION('',(1.,0.,0.));
#6671=DIRECTION('',(0.,0.,1.));
#6672=DIRECTION('',(0.,1.,0.));
#6673=DIRECTION('',(0.,0.,1.));
#6674=DIRECTION('',(0.,0.,1.));
#6675=DIRECTION('',(-1.,0.,0.));
#6676=DIRECTION('',(0.,0.,1.));
#6677=DIRECTION('',(0.378858157868578,-0.925454751036715,0.));
#6678=DIRECTION('',(0.,0.,1.));
#6679=DIRECTION('',(0.,0.,1.));
#6680=DIRECTION('',(1.,0.,0.));
#6681=DIRECTION('',(0.,0.,1.));
#6682=DIRECTION('',(0.91727253941689,-0.398260076371823,0.));
#6683=DIRECTION('',(0.,0.,1.));
#6684=DIRECTION('',(0.,0.,1.));
#6685=DIRECTION('',(1.,0.,0.));
#6686=DIRECTION('',(-0.991227900682638,0.132163720090992,0.));
#6687=DIRECTION('',(-0.132163720090992,-0.991227900682638,0.));
#6688=DIRECTION('',(0.,0.,1.));
#6689=DIRECTION('',(-0.132163720090992,-0.991227900682638,0.));
#6690=DIRECTION('',(0.,0.,1.));
#6691=DIRECTION('',(-0.693624511461998,0.720336752567232,0.));
#6692=DIRECTION('',(0.,0.,1.));
#6693=DIRECTION('',(0.,0.,1.));
#6694=DIRECTION('',(1.,0.,0.));
#6695=DIRECTION('',(0.,0.,1.));
#6696=DIRECTION('',(0.385692695357787,0.92262730544226,0.));
#6697=DIRECTION('',(0.,0.,1.));
#6698=DIRECTION('',(0.,0.,1.));
#6699=DIRECTION('',(1.,0.,0.));
#6700=DIRECTION('',(0.,0.,1.));
#6701=DIRECTION('',(0.,0.,1.));
#6702=DIRECTION('',(0.,0.,1.));
#6703=DIRECTION('',(0.,0.,1.));
#6704=DIRECTION('',(0.,0.,1.));
#6705=DIRECTION('',(0.,0.,1.));
#6706=DIRECTION('',(0.,0.,1.));
#6707=DIRECTION('',(0.41473732970978,-0.909941177958884,0.));
#6708=DIRECTION('',(0.,0.,1.));
#6709=DIRECTION('',(0.,0.,1.));
#6710=DIRECTION('',(1.,0.,0.));
#6711=DIRECTION('',(0.,0.,1.));
#6712=DIRECTION('',(-0.693624511514571,-0.720336752516608,0.));
#6713=DIRECTION('',(0.,0.,1.));
#6714=DIRECTION('',(0.,0.,1.));
#6715=DIRECTION('',(1.,0.,0.));
#6716=DIRECTION('',(-1.,0.,0.));
#6717=DIRECTION('',(0.,0.,1.));
#6718=DIRECTION('',(0.,0.,1.));
#6719=DIRECTION('',(0.,-1.,0.));
#6720=DIRECTION('',(0.,0.,1.));
#6721=DIRECTION('',(0.922065444204106,0.38703399928777,0.));
#6722=DIRECTION('',(0.,0.,1.));
#6723=DIRECTION('',(0.,0.,1.));
#6724=DIRECTION('',(1.,0.,0.));
#6725=DIRECTION('',(0.,0.,1.));
#6726=DIRECTION('',(0.388368175210454,0.921504292167813,0.));
#6727=DIRECTION('',(0.,0.,1.));
#6728=DIRECTION('',(0.,0.,1.));
#6729=DIRECTION('',(1.,0.,0.));
#6730=DIRECTION('',(0.,-1.,0.));
#6731=DIRECTION('',(0.,0.,-1.));
#6732=DIRECTION('',(0.,0.,1.));
#6733=DIRECTION('',(1.,0.,0.));
#6734=DIRECTION('',(0.,0.,1.));
#6735=DIRECTION('',(-0.389183431510046,0.921160277388287,0.));
#6736=DIRECTION('',(0.,0.,1.));
#6737=DIRECTION('',(0.,0.,1.));
#6738=DIRECTION('',(1.,0.,0.));
#6739=DIRECTION('',(0.,0.,1.));
#6740=DIRECTION('',(-0.922065444204128,0.387033999287715,0.));
#6741=DIRECTION('',(0.,0.,1.));
#6742=DIRECTION('',(0.,0.,1.));
#6743=DIRECTION('',(1.,0.,0.));
#6744=DIRECTION('',(1.,0.,0.));
#6745=DIRECTION('',(0.,0.,-1.));
#6746=DIRECTION('',(0.,0.,1.));
#6747=DIRECTION('',(0.,1.,0.));
#6748=DIRECTION('',(-1.,0.,0.));
#6749=DIRECTION('',(0.,0.,1.));
#6750=DIRECTION('',(0.,-1.,0.));
#6751=DIRECTION('',(0.,0.,1.));
#6752=DIRECTION('',(0.,-1.,0.));
#6753=DIRECTION('',(0.,0.,1.));
#6754=DIRECTION('',(0.,0.,1.));
#6755=DIRECTION('',(0.,0.,1.));
#6756=DIRECTION('',(-0.358982931929874,0.933344124416623,0.));
#6757=DIRECTION('',(0.,0.,1.));
#6758=DIRECTION('',(1.,0.,0.));
#6759=DIRECTION('',(0.,0.,1.));
#6760=DIRECTION('',(0.,0.,1.));
#6761=DIRECTION('',(1.,0.,0.));
#6762=DIRECTION('',(0.,0.,1.));
#6763=DIRECTION('',(0.,0.,1.));
#6764=DIRECTION('',(0.,0.,1.));
#6765=DIRECTION('',(0.,0.,1.));
#6766=DIRECTION('',(-0.358982931929907,-0.93334412441661,0.));
#6767=DIRECTION('',(0.,0.,1.));
#6768=DIRECTION('',(1.,0.,0.));
#6769=DIRECTION('',(0.,0.,1.));
#6770=DIRECTION('',(0.,0.,1.));
#6771=DIRECTION('',(1.,0.,0.));
#6772=DIRECTION('',(0.,0.,1.));
#6773=DIRECTION('',(-0.922065444204127,-0.387033999287718,0.));
#6774=DIRECTION('',(0.,0.,1.));
#6775=DIRECTION('',(1.,0.,0.));
#6776=DIRECTION('',(0.,0.,1.));
#6777=DIRECTION('',(1.,0.,0.));
#6778=DIRECTION('',(0.,0.,1.));
#6779=DIRECTION('',(1.,0.,0.));
#6780=DIRECTION('',(0.,0.,1.));
#6781=DIRECTION('',(-0.456133121670099,-0.88991155477131,0.));
#6782=DIRECTION('',(0.,0.,1.));
#6783=DIRECTION('',(0.,0.,1.));
#6784=DIRECTION('',(1.,0.,0.));
#6785=DIRECTION('',(0.,0.,1.));
#6786=DIRECTION('',(0.,0.,1.));
#6787=DIRECTION('',(-0.051406242577595,-0.998677825038712,0.));
#6788=DIRECTION('',(0.,0.,1.));
#6789=DIRECTION('',(0.,0.,1.));
#6790=DIRECTION('',(1.,0.,0.));
#6791=DIRECTION('',(0.,0.,1.));
#6792=DIRECTION('',(0.,0.,1.));
#6793=DIRECTION('',(0.,0.,1.));
#6794=DIRECTION('',(0.,0.,1.));
#6795=DIRECTION('',(0.,0.,1.));
#6796=DIRECTION('',(-0.844081753434433,-0.536214503271828,0.));
#6797=DIRECTION('',(0.,0.,1.));
#6798=DIRECTION('',(0.,0.,1.));
#6799=DIRECTION('',(1.,0.,0.));
#6800=DIRECTION('',(0.,0.,1.));
#6801=DIRECTION('',(-0.707106781186982,0.707106781186113,0.));
#6802=DIRECTION('',(0.,0.,1.));
#6803=DIRECTION('',(0.,0.,1.));
#6804=DIRECTION('',(1.,0.,0.));
#6805=DIRECTION('',(0.,0.,1.));
#6806=DIRECTION('',(0.,0.,1.));
#6807=DIRECTION('',(0.932637930221859,-0.360813651503774,0.));
#6808=DIRECTION('',(0.,0.,1.));
#6809=DIRECTION('',(0.,0.,1.));
#6810=DIRECTION('',(1.,0.,0.));
#6811=DIRECTION('',(0.,0.,1.));
#6812=DIRECTION('',(0.,0.,1.));
#6813=DIRECTION('',(-0.0549212693878504,0.998490688073167,0.));
#6814=DIRECTION('',(0.,0.,1.));
#6815=DIRECTION('',(0.,0.,1.));
#6816=DIRECTION('',(1.,0.,0.));
#6817=DIRECTION('',(0.,0.,1.));
#6818=DIRECTION('',(-0.450370483884556,0.89284177055377,0.));
#6819=DIRECTION('',(0.,0.,1.));
#6820=DIRECTION('',(0.,0.,1.));
#6821=DIRECTION('',(1.,0.,0.));
#6822=DIRECTION('',(0.,0.,1.));
#6823=DIRECTION('',(-0.938466665434459,0.345369827675099,0.));
#6824=DIRECTION('',(0.,0.,1.));
#6825=DIRECTION('',(0.,0.,1.));
#6826=DIRECTION('',(1.,0.,0.));
#6827=DIRECTION('',(1.,0.,0.));
#6828=DIRECTION('',(0.,0.,-1.));
#6829=DIRECTION('',(0.,0.,1.));
#6830=DIRECTION('',(0.,1.,0.));
#6831=DIRECTION('',(-1.,0.,0.));
#6832=DIRECTION('',(0.,0.,1.));
#6833=DIRECTION('',(0.,-1.,0.));
#6834=DIRECTION('',(0.,0.,1.));
#6835=DIRECTION('',(0.,-1.,0.));
#6836=DIRECTION('',(0.,0.,1.));
#6837=DIRECTION('',(0.,0.,1.));
#6838=DIRECTION('',(0.,0.,1.));
#6839=DIRECTION('',(-0.0689692075252122,0.997618789124054,0.));
#6840=DIRECTION('',(0.,0.,1.));
#6841=DIRECTION('',(1.,0.,0.));
#6842=DIRECTION('',(0.,0.,1.));
#6843=DIRECTION('',(0.,0.,1.));
#6844=DIRECTION('',(1.,0.,0.));
#6845=DIRECTION('',(0.,0.,1.));
#6846=DIRECTION('',(0.,0.,1.));
#6847=DIRECTION('',(0.,0.,1.));
#6848=DIRECTION('',(0.,0.,1.));
#6849=DIRECTION('',(0.,-1.,0.));
#6850=DIRECTION('',(0.,0.,-1.));
#6851=DIRECTION('',(1.,0.,0.));
#6852=DIRECTION('',(0.,0.,1.));
#6853=DIRECTION('',(1.,0.,0.));
#6854=DIRECTION('',(-1.,0.,0.));
#6855=DIRECTION('',(0.,0.,1.));
#6856=DIRECTION('',(0.,-1.,0.));
#6857=DIRECTION('',(0.,0.,1.));
#6858=DIRECTION('',(0.,-1.,0.));
#6859=DIRECTION('',(0.,0.,1.));
#6860=DIRECTION('',(0.,0.,1.));
#6861=DIRECTION('',(-0.707106781186496,0.707106781186599,0.));
#6862=DIRECTION('',(0.,0.,1.));
#6863=DIRECTION('',(1.,0.,0.));
#6864=DIRECTION('',(0.,0.,1.));
#6865=DIRECTION('',(0.,0.,1.));
#6866=DIRECTION('',(1.,0.,0.));
#6867=DIRECTION('',(0.,1.,0.));
#6868=DIRECTION('',(0.,0.,1.));
#6869=DIRECTION('',(-1.,0.,0.));
#6870=DIRECTION('',(0.,0.,1.));
#6871=DIRECTION('',(-1.,0.,0.));
#6872=DIRECTION('',(0.,0.,1.));
#6873=DIRECTION('',(0.,0.,1.));
#6874=DIRECTION('',(0.,0.,1.));
#6875=DIRECTION('',(0.,0.,1.));
#6876=DIRECTION('',(0.,0.,1.));
#6877=DIRECTION('',(-0.0739345294620258,-0.99726309735858,0.));
#6878=DIRECTION('',(0.,0.,1.));
#6879=DIRECTION('',(1.,0.,0.));
#6880=DIRECTION('',(0.,0.,1.));
#6881=DIRECTION('',(0.,0.,1.));
#6882=DIRECTION('',(1.,0.,0.));
#6883=DIRECTION('',(0.,0.,1.));
#6884=DIRECTION('',(-0.938466665434455,-0.345369827675108,0.));
#6885=DIRECTION('',(0.,0.,1.));
#6886=DIRECTION('',(1.,0.,0.));
#6887=DIRECTION('',(0.,0.,1.));
#6888=DIRECTION('',(1.,0.,0.));
#6889=DIRECTION('',(0.,0.,1.));
#6890=DIRECTION('',(1.,0.,0.));
#6891=DIRECTION('',(0.,0.,1.));
#6892=DIRECTION('',(1.,0.,0.));
#6893=DIRECTION('',(0.,0.,1.));
#6894=DIRECTION('',(0.,0.,1.));
#6895=DIRECTION('',(-1.,0.,0.));
#6896=DIRECTION('',(0.,0.,1.));
#6897=DIRECTION('',(0.,0.,1.));
#6898=DIRECTION('',(0.,-1.,0.));
#6899=DIRECTION('',(0.,0.,1.));
#6900=DIRECTION('',(0.921497576913199,0.388384108509995,0.));
#6901=DIRECTION('',(0.,0.,1.));
#6902=DIRECTION('',(0.,0.,1.));
#6903=DIRECTION('',(1.,0.,0.));
#6904=DIRECTION('',(0.,0.,1.));
#6905=DIRECTION('',(0.388384108510085,0.921497576913161,0.));
#6906=DIRECTION('',(0.,0.,1.));
#6907=DIRECTION('',(0.,0.,1.));
#6908=DIRECTION('',(1.,0.,0.));
#6909=DIRECTION('',(0.,-1.,0.));
#6910=DIRECTION('',(0.,0.,-1.));
#6911=DIRECTION('',(0.,0.,1.));
#6912=DIRECTION('',(1.,0.,0.));
#6913=DIRECTION('',(0.,0.,1.));
#6914=DIRECTION('',(-0.38838410851012,0.921497576913146,0.));
#6915=DIRECTION('',(0.,0.,1.));
#6916=DIRECTION('',(0.,0.,1.));
#6917=DIRECTION('',(1.,0.,0.));
#6918=DIRECTION('',(0.,0.,1.));
#6919=DIRECTION('',(-0.921497576913211,0.388384108509965,0.));
#6920=DIRECTION('',(0.,0.,1.));
#6921=DIRECTION('',(0.,0.,1.));
#6922=DIRECTION('',(1.,0.,0.));
#6923=DIRECTION('',(1.,0.,0.));
#6924=DIRECTION('',(0.,0.,-1.));
#6925=DIRECTION('',(0.,0.,1.));
#6926=DIRECTION('',(0.,1.,0.));
#6927=DIRECTION('',(0.,0.,1.));
#6928=DIRECTION('',(0.,0.,1.));
#6929=DIRECTION('',(0.,0.,1.));
#6930=DIRECTION('',(0.,0.,1.));
#6931=DIRECTION('',(-1.,0.,0.));
#6932=DIRECTION('',(0.,0.,1.));
#6933=DIRECTION('',(0.,0.,1.));
#6934=DIRECTION('',(0.,-1.,0.));
#6935=DIRECTION('',(0.,0.,1.));
#6936=DIRECTION('',(0.922065444204136,0.387033999287697,0.));
#6937=DIRECTION('',(0.,0.,1.));
#6938=DIRECTION('',(0.,0.,1.));
#6939=DIRECTION('',(1.,0.,0.));
#6940=DIRECTION('',(0.,0.,1.));
#6941=DIRECTION('',(0.389183431510073,0.921160277388276,0.));
#6942=DIRECTION('',(0.,0.,1.));
#6943=DIRECTION('',(0.,0.,1.));
#6944=DIRECTION('',(1.,0.,0.));
#6945=DIRECTION('',(0.,-1.,0.));
#6946=DIRECTION('',(0.,0.,-1.));
#6947=DIRECTION('',(0.,0.,1.));
#6948=DIRECTION('',(1.,0.,0.));
#6949=DIRECTION('',(0.,0.,1.));
#6950=DIRECTION('',(-0.389183431513345,0.921160277386893,0.));
#6951=DIRECTION('',(0.,0.,1.));
#6952=DIRECTION('',(0.,0.,1.));
#6953=DIRECTION('',(1.,0.,0.));
#6954=DIRECTION('',(0.,0.,1.));
#6955=DIRECTION('',(-0.922065444204122,0.38703399928773,0.));
#6956=DIRECTION('',(0.,0.,1.));
#6957=DIRECTION('',(0.,0.,1.));
#6958=DIRECTION('',(1.,0.,0.));
#6959=DIRECTION('',(1.,0.,0.));
#6960=DIRECTION('',(0.,0.,-1.));
#6961=DIRECTION('',(0.,0.,1.));
#6962=DIRECTION('',(0.,1.,0.));
#6963=DIRECTION('',(0.,0.,1.));
#6964=DIRECTION('',(1.,0.,0.));
#6965=DIRECTION('',(0.,0.,1.));
#6966=DIRECTION('',(1.,0.,0.));
#6967=DIRECTION('',(0.,1.,0.));
#6968=DIRECTION('',(0.,0.,1.));
#6969=DIRECTION('',(1.,0.,2.66880534765662E-16));
#6970=DIRECTION('',(1.4954512723938E-16,0.,-1.));
#6971=DIRECTION('',(1.,0.,0.));
#6972=DIRECTION('',(0.,0.,-1.));
#6973=DIRECTION('',(1.,0.,1.92747052886312E-16));
#6974=DIRECTION('',(0.,0.,-1.));
#6975=DIRECTION('',(1.,0.,1.92747052886312E-16));
#6976=DIRECTION('',(0.,0.,-1.));
#6977=DIRECTION('',(1.,0.,0.));
#6978=DIRECTION('',(0.,0.,-1.));
#6979=DIRECTION('',(1.,0.,0.));
#6980=DIRECTION('',(0.,0.,-1.));
#6981=DIRECTION('',(0.,0.,-1.));
#6982=DIRECTION('',(1.,0.,2.89120579329468E-16));
#6983=DIRECTION('',(0.,0.,-1.));
#6984=DIRECTION('',(-1.,0.,0.));
#6985=DIRECTION('',(1.,0.,2.66880534765662E-16));
#6986=DIRECTION('',(0.,0.,-1.));
#6987=DIRECTION('',(1.,0.,3.0024060161137E-16));
#6988=DIRECTION('',(0.,0.,-1.));
#6989=DIRECTION('',(0.,1.,0.));
#6990=DIRECTION('',(0.,0.,1.));
#6991=DIRECTION('',(1.,0.,0.));
#6992=DIRECTION('',(0.,0.,-1.));
#6993=DIRECTION('',(1.,0.,0.));
#6994=DIRECTION('',(0.,0.,-1.));
#6995=DIRECTION('',(0.,0.,1.));
#6996=DIRECTION('',(-1.,0.,-1.92747052886312E-16));
#6997=DIRECTION('',(0.,0.,1.));
#6998=DIRECTION('',(-1.,0.,-1.92747052886312E-16));
#6999=DIRECTION('',(-1.,0.,-2.89120579329468E-16));
#7000=DIRECTION('',(0.,0.,1.));
#7001=DIRECTION('',(1.,0.,0.));
#7002=DIRECTION('',(0.,0.,1.));
#7003=DIRECTION('',(-1.4954512723938E-16,0.,1.));
#7004=DIRECTION('',(-1.,0.,-2.66880534765662E-16));
#7005=DIRECTION('',(0.,0.,1.));
#7006=DIRECTION('',(-1.,0.,0.));
#7007=DIRECTION('',(0.,0.,1.));
#7008=DIRECTION('',(-1.,0.,-2.66880534765662E-16));
#7009=DIRECTION('',(0.,0.,1.));
#7010=DIRECTION('',(-1.,0.,-3.0024060161137E-16));
#7011=DIRECTION('',(1.,0.,0.));
#7012=DIRECTION('',(0.,0.,-1.));
#7013=DIRECTION('',(0.,0.,-1.));
#7014=DIRECTION('',(0.,-1.,0.));
#7015=DIRECTION('',(0.,0.,-1.));
#7016=DIRECTION('',(0.,-1.,0.));
#7017=DIRECTION('',(0.,1.,2.89120579329468E-16));
#7018=DIRECTION('',(0.,0.,-1.));
#7019=DIRECTION('',(0.,1.,3.37307342551046E-16));
#7020=DIRECTION('',(0.,1.27553196763E-16,-1.));
#7021=DIRECTION('',(1.,0.,0.));
#7022=DIRECTION('',(0.,0.,-1.));
#7023=DIRECTION('',(0.,-1.,0.));
#7024=DIRECTION('',(0.,0.,-1.));
#7025=DIRECTION('',(0.,-1.,0.));
#7026=DIRECTION('',(0.,0.,-1.));
#7027=DIRECTION('',(0.,0.,-1.));
#7028=DIRECTION('',(0.,1.,2.89120579329468E-16));
#7029=DIRECTION('',(0.,1.27553196763E-16,-1.));
#7030=DIRECTION('',(0.,1.,3.37307342551046E-16));
#7031=DIRECTION('',(0.,1.,0.));
#7032=DIRECTION('',(0.,0.,1.));
#7033=DIRECTION('',(1.,0.,0.));
#7034=DIRECTION('',(0.,0.,-1.));
#7035=DIRECTION('',(1.,0.,0.));
#7036=DIRECTION('',(0.,0.,-1.));
#7037=DIRECTION('',(1.,0.,0.));
#7038=DIRECTION('',(0.,0.,-1.));
#7039=DIRECTION('',(0.,-1.,0.));
#7040=DIRECTION('',(0.,0.,-1.));
#7041=DIRECTION('',(0.,-1.,0.));
#7042=DIRECTION('',(0.,0.,-1.));
#7043=DIRECTION('',(1.,0.,0.));
#7044=DIRECTION('',(0.,0.,-1.));
#7045=DIRECTION('',(0.,-1.,0.));
#7046=DIRECTION('',(0.,0.,-1.));
#7047=DIRECTION('',(0.,-1.,0.));
#7048=DIRECTION('',(0.,0.,-1.));
#7049=DIRECTION('',(0.,1.,0.));
#7050=DIRECTION('',(0.,0.,1.));
#7051=DIRECTION('',(0.,0.,-1.));
#7052=DIRECTION('',(1.,0.,0.));
#7053=DIRECTION('',(0.,0.,-1.));
#7054=DIRECTION('',(1.,0.,0.));
#7055=DIRECTION('',(0.,0.,1.));
#7056=DIRECTION('',(1.,0.,0.));
#7057=DIRECTION('',(0.,0.,-1.));
#7058=DIRECTION('',(-1.,0.,0.));
#7059=DIRECTION('',(0.,0.,-1.));
#7060=DIRECTION('',(-1.,0.,0.));
#7061=DIRECTION('',(0.,0.,-1.));
#7062=DIRECTION('',(-1.,0.,0.));
#7063=DIRECTION('',(0.,0.,-1.));
#7064=DIRECTION('',(-1.,0.,0.));
#7065=DIRECTION('',(0.,0.,1.));
#7066=DIRECTION('',(1.,0.,0.));
#7067=DIRECTION('',(0.,0.,1.));
#7068=DIRECTION('',(1.,0.,0.));
#7069=DIRECTION('',(0.,0.,1.));
#7070=DIRECTION('',(1.,0.,0.));
#7071=DIRECTION('',(0.,0.,1.));
#7072=DIRECTION('',(1.,0.,0.));
#7073=DIRECTION('',(0.,0.,1.));
#7074=DIRECTION('',(1.,0.,0.));
#7075=DIRECTION('',(0.,0.,1.));
#7076=DIRECTION('',(1.,0.,0.));
#7077=DIRECTION('',(0.,0.,1.));
#7078=DIRECTION('',(1.,0.,0.));
#7079=DIRECTION('',(0.,0.,1.));
#7080=DIRECTION('',(1.,0.,0.));
#7081=DIRECTION('',(0.,0.,1.));
#7082=DIRECTION('',(1.,0.,0.));
#7083=DIRECTION('',(0.,0.,1.));
#7084=DIRECTION('',(1.,0.,0.));
#7085=DIRECTION('',(0.,0.,1.));
#7086=DIRECTION('',(1.,0.,0.));
#7087=DIRECTION('',(0.,0.,1.));
#7088=DIRECTION('',(1.,0.,0.));
#7089=DIRECTION('',(0.,0.,1.));
#7090=DIRECTION('',(1.,0.,0.));
#7091=DIRECTION('',(0.,0.,-1.));
#7092=DIRECTION('',(-1.,0.,0.));
#7093=DIRECTION('',(0.,0.,1.));
#7094=DIRECTION('',(1.,0.,0.));
#7095=DIRECTION('',(0.,0.,1.));
#7096=DIRECTION('',(1.,0.,0.));
#7097=DIRECTION('',(0.,0.,1.));
#7098=DIRECTION('',(1.,0.,0.));
#7099=DIRECTION('',(0.,0.,-1.));
#7100=DIRECTION('',(-1.,0.,0.));
#7101=DIRECTION('',(0.,0.,1.));
#7102=DIRECTION('',(1.,0.,0.));
#7103=DIRECTION('',(0.,0.,1.));
#7104=DIRECTION('',(1.,0.,0.));
#7105=DIRECTION('',(0.,0.,1.));
#7106=DIRECTION('',(1.,0.,0.));
#7107=DIRECTION('',(0.,0.,-1.));
#7108=DIRECTION('',(-1.,0.,0.));
#7109=DIRECTION('',(0.,0.,1.));
#7110=DIRECTION('',(1.,0.,0.));
#7111=DIRECTION('',(0.,0.,-1.));
#7112=DIRECTION('',(-1.,0.,0.));
#7113=DIRECTION('',(0.,0.,1.));
#7114=DIRECTION('',(1.,0.,0.));
#7115=DIRECTION('',(0.,0.,1.));
#7116=DIRECTION('',(1.,0.,0.));
#7117=DIRECTION('',(0.,2.89120579329468E-16,-1.));
#7118=DIRECTION('',(0.,1.,2.89120579329468E-16));
#7119=DIRECTION('',(1.,0.,0.));
#7120=DIRECTION('',(1.,0.,0.));
#7121=DIRECTION('',(0.,-1.,0.));
#7122=DIRECTION('',(0.,0.,-1.));
#7123=DIRECTION('',(1.,0.,0.));
#7124=DIRECTION('',(0.,3.37307342551046E-16,-1.));
#7125=DIRECTION('',(0.,1.,3.37307342551046E-16));
#7126=DIRECTION('',(1.,0.,0.));
#7127=DIRECTION('',(0.,-1.,-1.27553196763E-16));
#7128=DIRECTION('',(0.,1.27553196763E-16,-1.));
#7129=DIRECTION('',(1.92747052886312E-16,0.,-1.));
#7130=DIRECTION('',(-1.,0.,-1.92747052886312E-16));
#7131=DIRECTION('',(0.,-1.,0.));
#7132=DIRECTION('',(0.,-1.,0.));
#7133=DIRECTION('',(-1.,0.,0.));
#7134=DIRECTION('',(0.,0.,1.));
#7135=DIRECTION('',(0.,-1.,0.));
#7136=DIRECTION('',(1.92747052886312E-16,0.,-1.));
#7137=DIRECTION('',(-1.,0.,-1.92747052886312E-16));
#7138=DIRECTION('',(0.,-1.,0.));
#7139=DIRECTION('',(-1.,0.,0.));
#7140=DIRECTION('',(0.,0.,1.));
#7141=DIRECTION('',(-1.,0.,0.));
#7142=DIRECTION('',(0.,0.,1.));
#7143=DIRECTION('',(0.,-1.,0.));
#7144=DIRECTION('',(0.,-1.,0.));
#7145=DIRECTION('',(0.,0.,1.));
#7146=DIRECTION('',(1.,0.,0.));
#7147=DIRECTION('',(0.,-1.,0.));
#7148=DIRECTION('',(-1.,0.,0.));
#7149=DIRECTION('',(0.,0.,1.));
#7150=DIRECTION('',(0.,-1.,0.));
#7151=DIRECTION('',(2.89120579329468E-16,0.,-1.));
#7152=DIRECTION('',(-1.,0.,-2.89120579329468E-16));
#7153=DIRECTION('',(2.66880534765662E-16,0.,-1.));
#7154=DIRECTION('',(-1.,0.,-2.66880534765662E-16));
#7155=DIRECTION('',(0.,-1.,0.));
#7156=DIRECTION('',(0.,-1.,0.));
#7157=DIRECTION('',(-1.,0.,0.));
#7158=DIRECTION('',(0.,0.,1.));
#7159=DIRECTION('',(0.,-1.,0.));
#7160=DIRECTION('',(0.,0.,-1.));
#7161=DIRECTION('',(-1.,0.,0.));
#7162=DIRECTION('',(0.,-1.,0.));
#7163=DIRECTION('',(-1.,0.,-1.4954512723938E-16));
#7164=DIRECTION('',(-1.4954512723938E-16,0.,1.));
#7165=DIRECTION('',(2.66880534765662E-16,0.,-1.));
#7166=DIRECTION('',(-1.,0.,-2.66880534765662E-16));
#7167=DIRECTION('',(0.,-1.,0.));
#7168=DIRECTION('',(0.,-1.,0.));
#7169=DIRECTION('',(-1.,0.,0.));
#7170=DIRECTION('',(0.,0.,1.));
#7171=DIRECTION('',(0.,-1.,0.));
#7172=DIRECTION('',(3.0024060161137E-16,0.,-1.));
#7173=DIRECTION('',(-1.,0.,-3.0024060161137E-16));
#7174=DIRECTION('',(0.,-1.,0.));
#7175=DIRECTION('',(-1.,0.,0.));
#7176=DIRECTION('',(0.,0.,1.));
#7177=DIRECTION('',(0.,0.,1.));
#7178=DIRECTION('',(1.,0.,0.));
#7179=DIRECTION('',(0.,0.,-1.));
#7180=DIRECTION('',(-1.,0.,0.));
#7181=DIRECTION('',(0.,0.,-1.));
#7182=DIRECTION('',(-1.,0.,0.));
#7183=DIRECTION('',(0.,0.,1.));
#7184=DIRECTION('',(1.,0.,0.));
#7185=DIRECTION('',(0.,0.,-1.));
#7186=DIRECTION('',(-1.,0.,0.));
#7187=DIRECTION('',(0.,0.,-1.));
#7188=DIRECTION('',(-1.,0.,0.));
#7189=DIRECTION('',(0.,0.,1.));
#7190=DIRECTION('',(1.,0.,0.));
#7191=DIRECTION('',(0.,0.,-1.));
#7192=DIRECTION('',(-1.,0.,0.));
#7193=DIRECTION('',(0.,0.,-1.));
#7194=DIRECTION('',(-1.,0.,0.));
#7195=DIRECTION('',(0.,0.,1.));
#7196=DIRECTION('',(1.,0.,0.));
#7197=DIRECTION('',(0.,0.,-1.));
#7198=DIRECTION('',(-1.,0.,0.));
#7199=DIRECTION('',(0.,0.,-1.));
#7200=DIRECTION('',(-1.,0.,0.));
#7201=CARTESIAN_POINT('',(0.,0.,0.));
#7202=CARTESIAN_POINT('',(-0.0220496327925714,0.0362380975857377,0.002));
#7203=CARTESIAN_POINT('',(-0.0640496327925714,0.0362380975857377,0.002));
#7204=CARTESIAN_POINT('',(-0.0640496327925714,0.0502380975857377,0.002));
#7205=CARTESIAN_POINT('',(-0.0640496327925714,0.0222380975857377,0.002));
#7206=CARTESIAN_POINT('',(-0.0610496327925714,0.0222380975857377,0.002));
#7207=CARTESIAN_POINT('',(-0.0610496327925714,0.0192380975857377,0.002));
#7208=CARTESIAN_POINT('',(-0.0220496327925714,0.0192380975857377,0.002));
#7209=CARTESIAN_POINT('',(0.0169503672074286,0.0192380975857377,0.002));
#7210=CARTESIAN_POINT('',(0.0169503672074286,0.0222380975857377,0.002));
#7211=CARTESIAN_POINT('',(0.0199503672074286,0.0222380975857377,0.002));
#7212=CARTESIAN_POINT('',(0.0199503672074286,0.0362380975857377,0.002));
#7213=CARTESIAN_POINT('',(0.0199503672074286,0.0502380975857377,0.002));
#7214=CARTESIAN_POINT('',(0.0169503672074286,0.0502380975857377,0.002));
#7215=CARTESIAN_POINT('',(0.0169503672074286,0.0532380975857377,0.002));
#7216=CARTESIAN_POINT('',(-0.0220496327925714,0.0532380975857377,0.002));
#7217=CARTESIAN_POINT('',(-0.0610496327925714,0.0532380975857377,0.002));
#7218=CARTESIAN_POINT('',(-0.0610496327925714,0.0502380975857377,0.002));
#7219=CARTESIAN_POINT('',(-0.0393322812300714,0.0352901809190711,0.002));
#7220=CARTESIAN_POINT('',(-0.0395654626536825,0.0355377937662932,0.002));
#7221=CARTESIAN_POINT('',(-0.0401199331397936,0.0357322382107377,0.002));
#7222=CARTESIAN_POINT('',(-0.0393322812300714,0.0352901809190711,0.002));
#7223=CARTESIAN_POINT('',(-0.0401199331397936,0.0357322382107377,0.002));
#7224=CARTESIAN_POINT('',(-0.0401199331397936,0.0357322382107377,0.002));
#7225=CARTESIAN_POINT('',(-0.0412865998064603,0.0361211270996266,0.002));
#7226=CARTESIAN_POINT('',(-0.0418061310564603,0.0366755975857377,0.002));
#7227=CARTESIAN_POINT('',(-0.0418061310564603,0.0366755975857377,0.002));
#7228=CARTESIAN_POINT('',(-0.0418061310564603,0.0366755975857377,0.002));
#7229=CARTESIAN_POINT('',(-0.0423256623064603,0.0372300680718489,0.002));
#7230=CARTESIAN_POINT('',(-0.0423256623064603,0.0380169604329599,0.002));
#7231=CARTESIAN_POINT('',(-0.0423256623064603,0.0380169604329599,0.002));
#7232=CARTESIAN_POINT('',(-0.0423256623064603,0.0380169604329599,0.002));
#7233=CARTESIAN_POINT('',(-0.0423256623064603,0.0389025941135155,0.002));
#7234=CARTESIAN_POINT('',(-0.0417332143897937,0.0394175680718488,0.002));
#7235=CARTESIAN_POINT('',(-0.0417332143897937,0.0394175680718488,0.002));
#7236=CARTESIAN_POINT('',(-0.0417332143897937,0.0394175680718488,0.002));
#7237=CARTESIAN_POINT('',(-0.041140766473127,0.0399325420301821,0.002));
#7238=CARTESIAN_POINT('',(-0.0400713220286825,0.0399325420301821,0.002));
#7239=CARTESIAN_POINT('',(-0.0400713220286825,0.0399325420301821,0.002));
#7240=CARTESIAN_POINT('',(-0.0400713220286825,0.0399325420301821,0.002));
#7241=CARTESIAN_POINT('',(-0.0391659400842381,0.0399325420301821,0.002));
#7242=CARTESIAN_POINT('',(-0.0384960182092381,0.0397289830024044,0.002));
#7243=CARTESIAN_POINT('',(-0.0384960182092381,0.0397289830024044,0.002));
#7244=CARTESIAN_POINT('',(-0.0386793614289679,0.0390910546121172,0.002));
#7245=CARTESIAN_POINT('',(-0.038121756604155,0.0394516195867978,0.002));
#7246=CARTESIAN_POINT('',(-0.0387908422025164,0.0389959906845707,0.002));
#7247=CARTESIAN_POINT('',(-0.0379811380035911,0.0389891834433677,0.002));
#7248=CARTESIAN_POINT('',(-0.0379810442509048,0.0389458883843488,0.002));
#7249=CARTESIAN_POINT('',(-0.0379810977488499,0.0389025929190314,0.002));
#7250=CARTESIAN_POINT('',(-0.0382994945294751,0.0388954838628919,0.002));
#7251=CARTESIAN_POINT('',(-0.0381461214906931,0.0386158893205951,0.002));
#7252=CARTESIAN_POINT('',(-0.0383493097404087,0.0389191703382851,0.002));
#7253=CARTESIAN_POINT('',(-0.0384854496884828,0.0385803763889442,0.002));
#7254=CARTESIAN_POINT('',(-0.0399804246543281,0.0347769948949554,0.002));
#7255=CARTESIAN_POINT('',(-0.0399740998064603,0.0388630975857377,0.002));
#7256=CARTESIAN_POINT('',(-0.0399740998064603,0.0388630975857377,0.002));
#7257=CARTESIAN_POINT('',(-0.0404602109175714,0.0388630975857377,0.002));
#7258=CARTESIAN_POINT('',(-0.0407123810564603,0.0386397902940711,0.002));
#7259=CARTESIAN_POINT('',(-0.0407123810564603,0.0386397902940711,0.002));
#7260=CARTESIAN_POINT('',(-0.0407123810564603,0.0386397902940711,0.002));
#7261=CARTESIAN_POINT('',(-0.0409645511953492,0.0384164830024044,0.002));
#7262=CARTESIAN_POINT('',(-0.0409645511953492,0.0380169604329599,0.002));
#7263=CARTESIAN_POINT('',(-0.0409645511953492,0.0380169604329599,0.002));
#7264=CARTESIAN_POINT('',(-0.0409645511953492,0.0380169604329599,0.002));
#7265=CARTESIAN_POINT('',(-0.0409645511953492,0.0373166566135155,0.002));
#7266=CARTESIAN_POINT('',(-0.0400515737647937,0.0370158753635155,0.002));
#7267=CARTESIAN_POINT('',(-0.0400515737647937,0.0370158753635155,0.002));
#7268=CARTESIAN_POINT('',(-0.0400515737647937,0.0370158753635155,0.002));
#7269=CARTESIAN_POINT('',(-0.0387390737647937,0.0365981236274044,0.002));
#7270=CARTESIAN_POINT('',(-0.038228657098127,0.0360634014051822,0.002));
#7271=CARTESIAN_POINT('',(-0.038228657098127,0.0360634014051822,0.002));
#7272=CARTESIAN_POINT('',(-0.038228657098127,0.0360634014051822,0.002));
#7273=CARTESIAN_POINT('',(-0.0377182404314603,0.03552867918296,0.002));
#7274=CARTESIAN_POINT('',(-0.0377182404314603,0.0346825420301821,0.002));
#7275=CARTESIAN_POINT('',(-0.0377182404314603,0.0346825420301821,0.002));
#7276=CARTESIAN_POINT('',(-0.0377182404314603,0.0346825420301821,0.002));
#7277=CARTESIAN_POINT('',(-0.0377182404314603,0.0326408753635155,0.002));
#7278=CARTESIAN_POINT('',(-0.0402353845286825,0.0326408753635155,0.002));
#7279=CARTESIAN_POINT('',(-0.0402353845286825,0.0326408753635155,0.002));
#7280=CARTESIAN_POINT('',(-0.0402353845286825,0.0326408753635155,0.002));
#7281=CARTESIAN_POINT('',(-0.0410237959870159,0.0326408753635155,0.002));
#7282=CARTESIAN_POINT('',(-0.0416648550147937,0.032883930919071,0.002));
#7283=CARTESIAN_POINT('',(-0.0416648550147937,0.032883930919071,0.002));
#7284=CARTESIAN_POINT('',(-0.0414200449629807,0.0335525398257171,0.002));
#7285=CARTESIAN_POINT('',(-0.0420301901679762,0.0331854750647811,0.002));
#7286=CARTESIAN_POINT('',(-0.0412718860588587,0.033649837483427,0.002));
#7287=CARTESIAN_POINT('',(-0.0421613967452125,0.0336617059874567,0.002));
#7288=CARTESIAN_POINT('',(-0.0421615998064603,0.0337201939399044,0.002));
#7289=CARTESIAN_POINT('',(-0.0421615998064603,0.03377867918296,0.002));
#7290=CARTESIAN_POINT('',(-0.0421615998064603,0.03377867918296,0.002));
#7291=CARTESIAN_POINT('',(-0.0421615998064603,0.0339624899468488,0.002));
#7292=CARTESIAN_POINT('',(-0.0420058923411826,0.0340452807454599,0.002));
#7293=CARTESIAN_POINT('',(-0.0420058923411826,0.0340452807454599,0.002));
#7294=CARTESIAN_POINT('',(-0.0418408853303902,0.0337472733683149,0.002));
#7295=CARTESIAN_POINT('',(-0.0416846878896567,0.0340504358748394,0.002));
#7296=CARTESIAN_POINT('',(-0.0403392292956004,0.0367115804256374,0.002));
#7297=CARTESIAN_POINT('',(-0.0403326067509048,0.0337300680718488,0.002));
#7298=CARTESIAN_POINT('',(-0.0403326067509048,0.0337300680718488,0.002));
#7299=CARTESIAN_POINT('',(-0.0390990998064603,0.0337300680718488,0.002));
#7300=CARTESIAN_POINT('',(-0.0390990998064603,0.0346627937662932,0.002));
#7301=CARTESIAN_POINT('',(-0.0390990998064603,0.0346627937662932,0.002));
#7302=CARTESIAN_POINT('',(-0.0390990998064603,0.0346627937662932,0.002));
#7303=CARTESIAN_POINT('',(-0.0390990998064603,0.0350425680718488,0.002));
#7304=CARTESIAN_POINT('',(-0.0393322812300714,0.0352901809190711,0.002));
#7305=CARTESIAN_POINT('',(-0.0269683489384048,0.0327380975857377,0.002));
#7306=CARTESIAN_POINT('',(-0.0268369472938941,0.0327380425114619,0.002));
#7307=CARTESIAN_POINT('',(-0.0270997510362517,0.0327381167748619,0.002));
#7308=CARTESIAN_POINT('',(-0.0271047874146543,0.0332518382092175,0.002));
#7309=CARTESIAN_POINT('',(-0.0274831128317671,0.032903873798755,0.002));
#7310=CARTESIAN_POINT('',(-0.027103862002609,0.0332882321227322,0.002));
#7311=CARTESIAN_POINT('',(-0.0276435803205417,0.0332925680129372,0.002));
#7312=CARTESIAN_POINT('',(-0.0276435876536825,0.0362867086968489,0.002));
#7313=CARTESIAN_POINT('',(-0.027643580320542,0.0392808493807605,0.002));
#7314=CARTESIAN_POINT('',(-0.0271038620025955,0.0392851852709599,0.002));
#7315=CARTESIAN_POINT('',(-0.0274831128317678,0.0396695435949433,0.002));
#7316=CARTESIAN_POINT('',(-0.0271047874146469,0.0393215791844598,0.002));
#7317=CARTESIAN_POINT('',(-0.0270997510362517,0.0398353006188361,0.002));
#7318=CARTESIAN_POINT('',(-0.0269683489384048,0.0398353198079599,0.002));
#7319=CARTESIAN_POINT('',(-0.0268369472938941,0.0398353748822361,0.002));
#7320=CARTESIAN_POINT('',(-0.0268343903818473,0.0393044021592645,0.002));
#7321=CARTESIAN_POINT('',(-0.0264485411685414,0.0396692551819899,0.002));
#7322=CARTESIAN_POINT('',(-0.026813394191267,0.039283405968684,0.002));
#7323=CARTESIAN_POINT('',(-0.0262824214682953,0.0392808490566373,0.002));
#7324=CARTESIAN_POINT('',(-0.0262824765425714,0.0381772251899044,0.002));
#7325=CARTESIAN_POINT('',(-0.02628204880586,0.0370735365280355,0.002));
#7326=CARTESIAN_POINT('',(-0.0262151584394465,0.0370634452027516,0.002));
#7327=CARTESIAN_POINT('',(-0.0262050671141625,0.036996554836338,0.002));
#7328=CARTESIAN_POINT('',(-0.0249897248064603,0.0369961270996266,0.002));
#7329=CARTESIAN_POINT('',(-0.0237743824987576,0.0369965548363407,0.002));
#7330=CARTESIAN_POINT('',(-0.0237642911734605,0.0370634452027379,0.002));
#7331=CARTESIAN_POINT('',(-0.0236974008070632,0.037073536528035,0.002));
#7332=CARTESIAN_POINT('',(-0.0236969730703492,0.0381772251899044,0.002));
#7333=CARTESIAN_POINT('',(-0.023697028144625,0.0392808490566373,0.002));
#7334=CARTESIAN_POINT('',(-0.0231660554216835,0.0392834059686942,0.002));
#7335=CARTESIAN_POINT('',(-0.0235309084443949,0.0396692551819723,0.002));
#7336=CARTESIAN_POINT('',(-0.0231450592310733,0.0393044021592643,0.002));
#7337=CARTESIAN_POINT('',(-0.0231425023190266,0.0398353748822361,0.002));
#7338=CARTESIAN_POINT('',(-0.0230111006745159,0.0398353198079599,0.002));
#7339=CARTESIAN_POINT('',(-0.022879698576669,0.0398353006188361,0.002));
#7340=CARTESIAN_POINT('',(-0.0228746621982737,0.0393215791844598,0.002));
#7341=CARTESIAN_POINT('',(-0.0224963297782237,0.0396695359081912,0.002));
#7342=CARTESIAN_POINT('',(-0.0228755876103209,0.0392851852709617,0.002));
#7343=CARTESIAN_POINT('',(-0.0223358692923787,0.0392808493807605,0.002));
#7344=CARTESIAN_POINT('',(-0.0223358619592381,0.0362867086968489,0.002));
#7345=CARTESIAN_POINT('',(-0.0223358692923786,0.0332925680129372,0.002));
#7346=CARTESIAN_POINT('',(-0.0228755876103252,0.0332882321227377,0.002));
#7347=CARTESIAN_POINT('',(-0.0224963367811536,0.032903873798755,0.002));
#7348=CARTESIAN_POINT('',(-0.0228746621982664,0.0332518382092175,0.002));
#7349=CARTESIAN_POINT('',(-0.0228796985766689,0.0327381167748619,0.002));
#7350=CARTESIAN_POINT('',(-0.0230111006745158,0.0327380975857377,0.002));
#7351=CARTESIAN_POINT('',(-0.0231425023190266,0.0327380425114615,0.002));
#7352=CARTESIAN_POINT('',(-0.0231450592310733,0.0332690152344333,0.002));
#7353=CARTESIAN_POINT('',(-0.0235309084443792,0.0329041622117077,0.002));
#7354=CARTESIAN_POINT('',(-0.0231660554216536,0.0332900114250136,0.002));
#7355=CARTESIAN_POINT('',(-0.0236970281446253,0.0332925683370604,0.002));
#7356=CARTESIAN_POINT('',(-0.0236969730703492,0.0345807625162933,0.002));
#7357=CARTESIAN_POINT('',(-0.0236969730703492,0.0358689569607377,0.002));
#7358=CARTESIAN_POINT('',(-0.0236969730703492,0.0358689569607377,0.002));
#7359=CARTESIAN_POINT('',(-0.0236969730703492,0.0359555455024044,0.002));
#7360=CARTESIAN_POINT('',(-0.0237744470286826,0.0359555455024044,0.002));
#7361=CARTESIAN_POINT('',(-0.0237744470286826,0.0359555455024044,0.002));
#7362=CARTESIAN_POINT('',(-0.0249897248064603,0.0359555455024044,0.002));
#7363=CARTESIAN_POINT('',(-0.0262050025842381,0.0359555455024044,0.002));
#7364=CARTESIAN_POINT('',(-0.0262050025842381,0.0359555455024044,0.002));
#7365=CARTESIAN_POINT('',(-0.0262824765425714,0.0359555455024044,0.002));
#7366=CARTESIAN_POINT('',(-0.0262824765425714,0.0358689569607377,0.002));
#7367=CARTESIAN_POINT('',(-0.0262824765425714,0.0358689569607377,0.002));
#7368=CARTESIAN_POINT('',(-0.0262824765425714,0.0345807625162933,0.002));
#7369=CARTESIAN_POINT('',(-0.0262824214682959,0.0332925683370604,0.002));
#7370=CARTESIAN_POINT('',(-0.0268133941912468,0.033290011425005,0.002));
#7371=CARTESIAN_POINT('',(-0.0264485411685519,0.0329041622116999,0.002));
#7372=CARTESIAN_POINT('',(-0.0268343903818372,0.0332690152344033,0.002));
#7373=CARTESIAN_POINT('',(-0.0177664175147937,0.0333609274468488,0.002));
#7374=CARTESIAN_POINT('',(-0.0184272248064603,0.0326408753635155,0.002));
#7375=CARTESIAN_POINT('',(-0.0193113393897936,0.0326408753635155,0.002));
#7376=CARTESIAN_POINT('',(-0.0177664175147937,0.0333609274468488,0.002));
#7377=CARTESIAN_POINT('',(-0.0193113393897936,0.0326408753635155,0.002));
#7378=CARTESIAN_POINT('',(-0.0193113393897936,0.0326408753635155,0.002));
#7379=CARTESIAN_POINT('',(-0.0201665911259047,0.0326408753635155,0.002));
#7380=CARTESIAN_POINT('',(-0.0205554800147936,0.0331125550510155,0.002));
#7381=CARTESIAN_POINT('',(-0.0205554800147936,0.0331125550510155,0.002));
#7382=CARTESIAN_POINT('',(-0.0205554800147936,0.0331125550510155,0.002));
#7383=CARTESIAN_POINT('',(-0.0209443689036826,0.0335842347385155,0.002));
#7384=CARTESIAN_POINT('',(-0.0209443689036826,0.0347114048774044,0.002));
#7385=CARTESIAN_POINT('',(-0.0209443689036826,0.0347114048774044,0.002));
#7386=CARTESIAN_POINT('',(-0.0209443689036826,0.0359752937662932,0.002));
#7387=CARTESIAN_POINT('',(-0.020944414778873,0.0372391824125003,0.002));
#7388=CARTESIAN_POINT('',(-0.0204122461885801,0.0372419976090465,0.002));
#7389=CARTESIAN_POINT('',(-0.0207789760106003,0.0376277039761303,0.002));
#7390=CARTESIAN_POINT('',(-0.0203943325380529,0.0372652173978344,0.002));
#7391=CARTESIAN_POINT('',(-0.0203914172687543,0.0377936977433414,0.002));
#7392=CARTESIAN_POINT('',(-0.0203131840078492,0.0377936531412932,0.002));
#7393=CARTESIAN_POINT('',(-0.0202349507661163,0.0377937082155691,0.002));
#7394=CARTESIAN_POINT('',(-0.0202323938540595,0.0372627354926274,0.002));
#7395=CARTESIAN_POINT('',(-0.0198465446407659,0.0376275885153218,0.002));
#7396=CARTESIAN_POINT('',(-0.0202113976634594,0.0372417393020276,0.002));
#7397=CARTESIAN_POINT('',(-0.0196804249405179,0.0372391823899706,0.002));
#7398=CARTESIAN_POINT('',(-0.0196804800147937,0.0360436531412932,0.002));
#7399=CARTESIAN_POINT('',(-0.0196804800147937,0.0348481236274044,0.002));
#7400=CARTESIAN_POINT('',(-0.0196804800147937,0.0348481236274044,0.002));
#7401=CARTESIAN_POINT('',(-0.0196804800147937,0.0341675680718489,0.002));
#7402=CARTESIAN_POINT('',(-0.0194959097022937,0.0339047642524044,0.002));
#7403=CARTESIAN_POINT('',(-0.0194959097022937,0.0339047642524044,0.002));
#7404=CARTESIAN_POINT('',(-0.0194959097022937,0.0339047642524044,0.002));
#7405=CARTESIAN_POINT('',(-0.0193113393897936,0.0336419604329599,0.002));
#7406=CARTESIAN_POINT('',(-0.0188738393897936,0.0336419604329599,0.002));
#7407=CARTESIAN_POINT('',(-0.0188738393897936,0.0336419604329599,0.002));
#7408=CARTESIAN_POINT('',(-0.0188738393897936,0.0336419604329599,0.002));
#7409=CARTESIAN_POINT('',(-0.0184758359175714,0.0336419604329599,0.002));
#7410=CARTESIAN_POINT('',(-0.0181302412995159,0.0339822382107377,0.002));
#7411=CARTESIAN_POINT('',(-0.0181302412995159,0.0339822382107377,0.002));
#7412=CARTESIAN_POINT('',(-0.0181302412995159,0.0339822382107377,0.002));
#7413=CARTESIAN_POINT('',(-0.0177846466814603,0.0343225159885155,0.002));
#7414=CARTESIAN_POINT('',(-0.0177846466814603,0.0347114048774044,0.002));
#7415=CARTESIAN_POINT('',(-0.0177846466814603,0.0347114048774044,0.002));
#7416=CARTESIAN_POINT('',(-0.0177846466814603,0.0359752937662932,0.002));
#7417=CARTESIAN_POINT('',(-0.0177846925566508,0.0372391824125003,0.002));
#7418=CARTESIAN_POINT('',(-0.0172525239663578,0.0372419976090465,0.002));
#7419=CARTESIAN_POINT('',(-0.0176192537883452,0.0376277039761617,0.002));
#7420=CARTESIAN_POINT('',(-0.0172346103158403,0.0372652173978627,0.002));
#7421=CARTESIAN_POINT('',(-0.017231695046532,0.0377936977433411,0.002));
#7422=CARTESIAN_POINT('',(-0.0171344730703492,0.0377936531412932,0.002));
#7423=CARTESIAN_POINT('',(-0.0170372502878652,0.0377936046176723,0.002));
#7424=CARTESIAN_POINT('',(-0.0170312994736628,0.0372782115132293,0.002));
#7425=CARTESIAN_POINT('',(-0.0166524532123933,0.0376276266708962,0.002));
#7426=CARTESIAN_POINT('',(-0.0170316205964363,0.0372435186042933,0.002));
#7427=CARTESIAN_POINT('',(-0.0164919022784897,0.0372391827140938,0.002));
#7428=CARTESIAN_POINT('',(-0.0164918949453492,0.0352658753635155,0.002));
#7429=CARTESIAN_POINT('',(-0.0164919022784897,0.0332925680129372,0.002));
#7430=CARTESIAN_POINT('',(-0.0170316205964363,0.0332882321227377,0.002));
#7431=CARTESIAN_POINT('',(-0.0166524532123932,0.0329041240561349,0.002));
#7432=CARTESIAN_POINT('',(-0.0170312994736628,0.0332535392138016,0.002));
#7433=CARTESIAN_POINT('',(-0.0170372502878652,0.0327381461093587,0.002));
#7434=CARTESIAN_POINT('',(-0.0171002933828492,0.0327380975857377,0.002));
#7435=CARTESIAN_POINT('',(-0.0171633411857129,0.0327383371854496,0.002));
#7436=CARTESIAN_POINT('',(-0.0171751090779446,0.0332735512766016,0.002));
#7437=CARTESIAN_POINT('',(-0.0175567472363927,0.0328983968261666,0.002));
#7438=CARTESIAN_POINT('',(-0.0171603206894237,0.033302605515416,0.002));
#7439=CARTESIAN_POINT('',(-0.0177266753380084,0.0332925724235727,0.002));
#7440=CARTESIAN_POINT('',(-0.0177314782786826,0.0333267477593489,0.002));
#7441=CARTESIAN_POINT('',(-0.0177360530328797,0.0333610584158271,0.002));
#7442=CARTESIAN_POINT('',(-0.0177442879930401,0.0333617567507044,0.002));
#7443=CARTESIAN_POINT('',(-0.0177458940161318,0.0333700194583373,0.002));
#7444=CARTESIAN_POINT('',(-0.0177434190616189,0.0333377309983182,0.002));
#7445=CARTESIAN_POINT('',(-0.00405797756597315,0.0335449701048198,0.002));
#7446=CARTESIAN_POINT('',(-0.00453803973653031,0.0328840370764779,0.002));
#7447=CARTESIAN_POINT('',(-0.00482513050088722,0.03326374106879,0.002));
#7448=CARTESIAN_POINT('',(-0.00583163018840476,0.0362867086968489,0.002));
#7449=CARTESIAN_POINT('',(-0.00683774881887594,0.0393098205157457,0.002));
#7450=CARTESIAN_POINT('',(-0.0064844599799239,0.03944494396996,0.002));
#7451=CARTESIAN_POINT('',(-0.00678788736536427,0.0396702744521602,0.002));
#7452=CARTESIAN_POINT('',(-0.00648035435649179,0.0394654275752417,0.002));
#7453=CARTESIAN_POINT('',(-0.00646738304595848,0.0398350157888645,0.002));
#7454=CARTESIAN_POINT('',(-0.0062926761953492,0.0398353198079599,0.002));
#7455=CARTESIAN_POINT('',(-0.00611798003123138,0.03983539082362,0.002));
#7456=CARTESIAN_POINT('',(-0.00611780939652904,0.0390982006887983,0.002));
#7457=CARTESIAN_POINT('',(-0.00567078216961071,0.0396846776688743,0.002));
#7458=CARTESIAN_POINT('',(-0.00605211607164229,0.039141918737648,0.002));
#7459=CARTESIAN_POINT('',(-0.00540846851243088,0.0393006205409588,0.002));
#7460=CARTESIAN_POINT('',(-0.0046649635217381,0.0366900290093488,0.002));
#7461=CARTESIAN_POINT('',(-0.00392134328318844,0.0340793826764631,0.002));
#7462=CARTESIAN_POINT('',(-0.00391311300876941,0.0340786311291044,0.002));
#7463=CARTESIAN_POINT('',(-0.00391149129951588,0.0340703458496266,0.002));
#7464=CARTESIAN_POINT('',(-0.00390986959026233,0.0340786311291044,0.002));
#7465=CARTESIAN_POINT('',(-0.00390163937723116,0.0340793833484252,0.002));
#7466=CARTESIAN_POINT('',(-0.0031481449453492,0.0366945863010155,0.002));
#7467=CARTESIAN_POINT('',(-0.00239462950863179,0.0393096998727614,0.002));
#7468=CARTESIAN_POINT('',(-0.00171839496212775,0.0391172832004023,0.002));
#7469=CARTESIAN_POINT('',(-0.00212722278932386,0.0396892219813195,0.002));
#7470=CARTESIAN_POINT('',(-0.0016894110478745,0.0391060526403569,0.002));
#7471=CARTESIAN_POINT('',(-0.00168525448112091,0.0398352916017514,0.002));
#7472=CARTESIAN_POINT('',(-0.00152954685507143,0.0398353198079599,0.002));
#7473=CARTESIAN_POINT('',(-0.00137382871973993,0.0398350157888645,0.002));
#7474=CARTESIAN_POINT('',(-0.00136085740920662,0.0394654275752417,0.002));
#7475=CARTESIAN_POINT('',(-0.00105269123366456,0.0396696357635686,0.002));
#7476=CARTESIAN_POINT('',(-0.00135430066909681,0.039446806862328,0.002));
#7477=CARTESIAN_POINT('',(-0.00100499755140212,0.0393098293367922,0.002));
#7478=CARTESIAN_POINT('',(-0.00201034112590477,0.0362867086968489,0.002));
#7479=CARTESIAN_POINT('',(-0.0030160561226327,0.0332637291089595,0.002));
#7480=CARTESIAN_POINT('',(-0.00373937820418791,0.0335015747578441,0.002));
#7481=CARTESIAN_POINT('',(-0.00329401980726815,0.0328839884300827,0.002));
#7482=CARTESIAN_POINT('',(-0.00373568209105111,0.0334812108058549,0.002));
#7483=CARTESIAN_POINT('',(-0.0037451481251614,0.0327382567968599,0.002));
#7484=CARTESIAN_POINT('',(-0.00392060588284921,0.0327380975857378,0.002));
#7485=CARTESIAN_POINT('',(-0.00409606177278758,0.0327381257919463,0.002));
#7486=CARTESIAN_POINT('',(-0.00410021833954119,0.033467364753341,0.002));
#7487=CARTESIAN_POINT('',(0.00402199394353969,0.0393879456760155,0.002));
#7488=CARTESIAN_POINT('',(0.00463419012409524,0.0388433493218489,0.002));
#7489=CARTESIAN_POINT('',(0.00463419012409524,0.0378620125162933,0.002));
#7490=CARTESIAN_POINT('',(0.00402199394353969,0.0393879456760155,0.002));
#7491=CARTESIAN_POINT('',(0.00463419012409524,0.0378620125162933,0.002));
#7492=CARTESIAN_POINT('',(0.00463419012409524,0.0378620125162933,0.002));
#7493=CARTESIAN_POINT('',(0.00463419012409524,0.0369475159885155,0.002));
#7494=CARTESIAN_POINT('',(0.00405541408242857,0.0361066956760155,0.002));
#7495=CARTESIAN_POINT('',(0.00405541408242857,0.0361066956760155,0.002));
#7496=CARTESIAN_POINT('',(0.00405541408242857,0.0361066956760155,0.002));
#7497=CARTESIAN_POINT('',(0.0034766380407619,0.0352658753635155,0.002));
#7498=CARTESIAN_POINT('',(0.0018147456796508,0.0338759014051822,0.002));
#7499=CARTESIAN_POINT('',(0.0018147456796508,0.0338759014051822,0.002));
#7500=CARTESIAN_POINT('',(0.00185344538078346,0.0338266909455883,0.002));
#7501=CARTESIAN_POINT('',(0.00179474661346852,0.0338463696398098,0.002));
#7502=CARTESIAN_POINT('',(0.00180390851097665,0.0338453486094654,0.002));
#7503=CARTESIAN_POINT('',(0.00180561344467325,0.0338364965254479,0.002));
#7504=CARTESIAN_POINT('',(0.00295254949909524,0.0338364048774044,0.002));
#7505=CARTESIAN_POINT('',(0.00409946796078466,0.0338363975442639,0.002));
#7506=CARTESIAN_POINT('',(0.0041038038509841,0.0332966792263173,0.002));
#7507=CARTESIAN_POINT('',(0.00448816217496746,0.0336759300554896,0.002));
#7508=CARTESIAN_POINT('',(0.0041401977644839,0.0332976046383688,0.002));
#7509=CARTESIAN_POINT('',(0.00465397427708099,0.0332925689276021,0.002));
#7510=CARTESIAN_POINT('',(0.00412302073928856,0.0332900114250136,0.002));
#7511=CARTESIAN_POINT('',(0.00448787376200231,0.0329041622116972,0.002));
#7512=CARTESIAN_POINT('',(0.00410202454872026,0.0332690152344045,0.002));
#7513=CARTESIAN_POINT('',(0.0040994676366615,0.0327380425114624,0.002));
#7514=CARTESIAN_POINT('',(0.00231528821437301,0.0327380975857378,0.002));
#7515=CARTESIAN_POINT('',(0.000531108338748317,0.0327381167748616,0.002));
#7516=CARTESIAN_POINT('',(0.000526071960353046,0.033251838209238,0.002));
#7517=CARTESIAN_POINT('',(0.000147738880245381,0.0329038822195018,0.002));
#7518=CARTESIAN_POINT('',(0.000526997372389291,0.0332882321227325,0.002));
#7519=CARTESIAN_POINT('',(-1.27282786825389E-5,0.0332925680718489,0.002));
#7520=CARTESIAN_POINT('',(-1.27282786825389E-5,0.0332925680718489,0.002));
#7521=CARTESIAN_POINT('',(-1.27282786825389E-5,0.03384703855796,0.002));
#7522=CARTESIAN_POINT('',(0.000405023457428571,0.0341766826551822,0.002));
#7523=CARTESIAN_POINT('',(0.000405023457428571,0.0341766826551822,0.002));
#7524=CARTESIAN_POINT('',(0.000405023457428571,0.0341766826551822,0.002));
#7525=CARTESIAN_POINT('',(0.00208666408242858,0.0355180455024044,0.002));
#7526=CARTESIAN_POINT('',(0.00266012328381747,0.0362669604329599,0.002));
#7527=CARTESIAN_POINT('',(0.00266012328381747,0.0362669604329599,0.002));
#7528=CARTESIAN_POINT('',(0.00266012328381747,0.0362669604329599,0.002));
#7529=CARTESIAN_POINT('',(0.00323358248520634,0.0370158753635155,0.002));
#7530=CARTESIAN_POINT('',(0.00323358248520634,0.0377252937662933,0.002));
#7531=CARTESIAN_POINT('',(0.00323358248520634,0.0377252937662933,0.002));
#7532=CARTESIAN_POINT('',(0.00323358248520634,0.0377252937662933,0.002));
#7533=CARTESIAN_POINT('',(0.00323358248520634,0.0388053718912933,0.002));
#7534=CARTESIAN_POINT('',(0.00207754949909523,0.0388053718912933,0.002));
#7535=CARTESIAN_POINT('',(0.00207754949909523,0.0388053718912933,0.002));
#7536=CARTESIAN_POINT('',(0.00207754949909523,0.0388053718912933,0.002));
#7537=CARTESIAN_POINT('',(0.00148358248520635,0.0388053718912933,0.002));
#7538=CARTESIAN_POINT('',(0.000638964429650793,0.0384742086968488,0.002));
#7539=CARTESIAN_POINT('',(0.000638964429650793,0.0384742086968488,0.002));
#7540=CARTESIAN_POINT('',(0.00049090880034478,0.0387868329233285,0.002));
#7541=CARTESIAN_POINT('',(0.000293582040580705,0.0385042293946649,0.002));
#7542=CARTESIAN_POINT('',(0.000464688916885423,0.038788796024411,0.002));
#7543=CARTESIAN_POINT('',(0.00013312490146097,0.0387947378550707,0.002));
#7544=CARTESIAN_POINT('',(0.000133105054650792,0.0388775290093488,0.002));
#7545=CARTESIAN_POINT('',(0.000133169719874965,0.0389603202496396,0.002));
#7546=CARTESIAN_POINT('',(0.000943958886170202,0.0389658581426041,0.002));
#7547=CARTESIAN_POINT('',(0.000273837673918649,0.0394219879771541,0.002));
#7548=CARTESIAN_POINT('',(0.000825831578512302,0.0390674132066209,0.002));
#7549=CARTESIAN_POINT('',(0.000648175197278579,0.0396982704851035,0.002));
#7550=CARTESIAN_POINT('',(0.00230495747468855,0.0339873223279409,0.002));
#7551=CARTESIAN_POINT('',(0.00227199394353969,0.0399325420301821,0.002));
#7552=CARTESIAN_POINT('',(0.00227199394353969,0.0399325420301821,0.002));
#7553=CARTESIAN_POINT('',(0.00340979776298413,0.0399325420301821,0.002));
#7554=CARTESIAN_POINT('',(0.00402199394353969,0.0393879456760155,0.002));
#7555=CARTESIAN_POINT('',(-0.0144950416467381,0.0327380975857377,0.002));
#7556=CARTESIAN_POINT('',(-0.0144411084272077,0.0327383371854493,0.002));
#7557=CARTESIAN_POINT('',(-0.0145489693520876,0.0327380529836895,0.002));
#7558=CARTESIAN_POINT('',(-0.0145518846213862,0.0332665333291965,0.002));
#7559=CARTESIAN_POINT('',(-0.0149365280939336,0.0329040467509006,0.002));
#7560=CARTESIAN_POINT('',(-0.0145697982719133,0.0332897531179844,0.002));
#7561=CARTESIAN_POINT('',(-0.0151019668622063,0.0332925683145307,0.002));
#7562=CARTESIAN_POINT('',(-0.0151019209870158,0.0363839309190711,0.002));
#7563=CARTESIAN_POINT('',(-0.0151019668622063,0.0394752935236114,0.002));
#7564=CARTESIAN_POINT('',(-0.0145697982719133,0.0394781087201577,0.002));
#7565=CARTESIAN_POINT('',(-0.0149365280939336,0.0398638150872415,0.002));
#7566=CARTESIAN_POINT('',(-0.0145518846213862,0.0395013285089456,0.002));
#7567=CARTESIAN_POINT('',(-0.0145489693520876,0.0400298088544526,0.002));
#7568=CARTESIAN_POINT('',(-0.0144517473759048,0.0400297642524044,0.002));
#7569=CARTESIAN_POINT('',(-0.0143545252677208,0.0400297799827061,0.002));
#7570=CARTESIAN_POINT('',(-0.0143506818456862,0.0394996231077569,0.002));
#7571=CARTESIAN_POINT('',(-0.0139651053461512,0.0398639445122897,0.002));
#7572=CARTESIAN_POINT('',(-0.0143321773826739,0.0394781087201577,0.002));
#7573=CARTESIAN_POINT('',(-0.013800008792381,0.0394752935236114,0.002));
#7574=CARTESIAN_POINT('',(-0.0138000546675714,0.0383815437662932,0.002));
#7575=CARTESIAN_POINT('',(-0.0138000546675714,0.0372874114078357,0.002));
#7576=CARTESIAN_POINT('',(-0.0137918022448758,0.0372869644624417,0.002));
#7577=CARTESIAN_POINT('',(-0.0137901979891473,0.0372787157937542,0.002));
#7578=CARTESIAN_POINT('',(-0.0137917231617913,0.0373055897860603,0.002));
#7579=CARTESIAN_POINT('',(-0.0137711918203492,0.0372877937662933,0.002));
#7580=CARTESIAN_POINT('',(-0.0137711918203492,0.0372877937662933,0.002));
#7581=CARTESIAN_POINT('',(-0.0131392473759048,0.0378908753635155,0.002));
#7582=CARTESIAN_POINT('',(-0.0123128584870159,0.0378908753635155,0.002));
#7583=CARTESIAN_POINT('',(-0.0123128584870159,0.0378908753635155,0.002));
#7584=CARTESIAN_POINT('',(-0.0123128584870159,0.0378908753635155,0.002));
#7585=CARTESIAN_POINT('',(-0.0113983619592381,0.0378908753635155,0.002));
#7586=CARTESIAN_POINT('',(-0.0108492083134048,0.0372057625162933,0.002));
#7587=CARTESIAN_POINT('',(-0.0108492083134048,0.0372057625162933,0.002));
#7588=CARTESIAN_POINT('',(-0.0108492083134048,0.0372057625162933,0.002));
#7589=CARTESIAN_POINT('',(-0.0103000546675714,0.0365206496690711,0.002));
#7590=CARTESIAN_POINT('',(-0.0103000546675714,0.0352658753635155,0.002));
#7591=CARTESIAN_POINT('',(-0.0103000546675714,0.0352658753635155,0.002));
#7592=CARTESIAN_POINT('',(-0.0103000546675714,0.0352658753635155,0.002));
#7593=CARTESIAN_POINT('',(-0.0103000546675714,0.0340505975857377,0.002));
#7594=CARTESIAN_POINT('',(-0.0108735138689603,0.0333457364746266,0.002));
#7595=CARTESIAN_POINT('',(-0.0108735138689603,0.0333457364746266,0.002));
#7596=CARTESIAN_POINT('',(-0.0108735138689603,0.0333457364746266,0.002));
#7597=CARTESIAN_POINT('',(-0.0114469730703492,0.0326408753635155,0.002));
#7598=CARTESIAN_POINT('',(-0.0123128584870159,0.0326408753635155,0.002));
#7599=CARTESIAN_POINT('',(-0.0123128584870159,0.0326408753635155,0.002));
#7600=CARTESIAN_POINT('',(-0.0123128584870159,0.0326408753635155,0.002));
#7601=CARTESIAN_POINT('',(-0.0131969730703492,0.0326408753635155,0.002));
#7602=CARTESIAN_POINT('',(-0.013838032098127,0.0333609274468488,0.002));
#7603=CARTESIAN_POINT('',(-0.013838032098127,0.0333609274468488,0.002));
#7604=CARTESIAN_POINT('',(-0.0138610305513018,0.0333377309983182,0.002));
#7605=CARTESIAN_POINT('',(-0.0138585572652195,0.0333700191695056,0.002));
#7606=CARTESIAN_POINT('',(-0.0138601616198805,0.0333617567507044,0.002));
#7607=CARTESIAN_POINT('',(-0.013868396580041,0.0333610584158273,0.002));
#7608=CARTESIAN_POINT('',(-0.0138729713342381,0.0333267477593489,0.002));
#7609=CARTESIAN_POINT('',(-0.0138777742749122,0.0332925724235727,0.002));
#7610=CARTESIAN_POINT('',(-0.0144441289234972,0.0333026055154161,0.002));
#7611=CARTESIAN_POINT('',(-0.0140477026976306,0.0328983965131986,0.002));
#7612=CARTESIAN_POINT('',(-0.0144293405349807,0.033273551276613,0.002));
#7613=CARTESIAN_POINT('',(-0.0343696607770781,0.0473666076951474,0.002));
#7614=CARTESIAN_POINT('',(-0.0343823029314603,0.0326408753635155,0.002));
#7615=CARTESIAN_POINT('',(-0.0358801260124891,0.0327184443985115,0.002));
#7616=CARTESIAN_POINT('',(-0.0358407150264143,0.0332729554946229,0.002));
#7617=CARTESIAN_POINT('',(-0.0362688711196227,0.0329182330730156,0.002));
#7618=CARTESIAN_POINT('',(-0.0357969762371788,0.0333303714445808,0.002));
#7619=CARTESIAN_POINT('',(-0.0364237674063112,0.0333411756976978,0.002));
#7620=CARTESIAN_POINT('',(-0.036423969598127,0.0362867086968489,0.002));
#7621=CARTESIAN_POINT('',(-0.0364237674063112,0.0392322416959999,0.002));
#7622=CARTESIAN_POINT('',(-0.0357969762371787,0.0392430459491168,0.002));
#7623=CARTESIAN_POINT('',(-0.0362689957950421,0.0396552848741233,0.002));
#7624=CARTESIAN_POINT('',(-0.0358379932661237,0.0392916023709441,0.002));
#7625=CARTESIAN_POINT('',(-0.0358709965307843,0.039854805406937,0.002));
#7626=CARTESIAN_POINT('',(-0.0344479922096547,0.0269118836443886,0.002));
#7627=CARTESIAN_POINT('',(-0.0344795251536825,0.0399325420301821,0.002));
#7628=CARTESIAN_POINT('',(-0.0344795251536825,0.0399325420301821,0.002));
#7629=CARTESIAN_POINT('',(-0.0317573029314603,0.0399325420301821,0.002));
#7630=CARTESIAN_POINT('',(-0.0317573029314603,0.0381536791829599,0.002));
#7631=CARTESIAN_POINT('',(-0.0317573029314603,0.0381536791829599,0.002));
#7632=CARTESIAN_POINT('',(-0.0332353561308755,0.0381320819358232,0.002));
#7633=CARTESIAN_POINT('',(-0.0321560659522937,0.0371222121690711,0.002));
#7634=CARTESIAN_POINT('',(-0.0321560659522937,0.0371222121690711,0.002));
#7635=CARTESIAN_POINT('',(-0.032554828973127,0.0366847121690711,0.002));
#7636=CARTESIAN_POINT('',(-0.0332065216814603,0.0365586270996266,0.002));
#7637=CARTESIAN_POINT('',(-0.0332065216814603,0.0365586270996266,0.002));
#7638=CARTESIAN_POINT('',(-0.0332077164879559,0.0365507073227889,0.002));
#7639=CARTESIAN_POINT('',(-0.0332153165984736,0.0365493047045457,0.002));
#7640=CARTESIAN_POINT('',(-0.0331988401651277,0.0365439237299072,0.002));
#7641=CARTESIAN_POINT('',(-0.0332065216814603,0.0365297642524044,0.002));
#7642=CARTESIAN_POINT('',(-0.0332065216814603,0.0365297642524044,0.002));
#7643=CARTESIAN_POINT('',(-0.0324089956397936,0.0364127937662932,0.002));
#7644=CARTESIAN_POINT('',(-0.0319570642161826,0.0359411140787933,0.002));
#7645=CARTESIAN_POINT('',(-0.0319570642161826,0.0359411140787933,0.002));
#7646=CARTESIAN_POINT('',(-0.0319570642161826,0.0359411140787933,0.002));
#7647=CARTESIAN_POINT('',(-0.0315051327925715,0.0354694343912932,0.002));
#7648=CARTESIAN_POINT('',(-0.0315051327925715,0.0347797642524044,0.002));
#7649=CARTESIAN_POINT('',(-0.0315051327925715,0.0347797642524044,0.002));
#7650=CARTESIAN_POINT('',(-0.0315051327925715,0.0347797642524044,0.002));
#7651=CARTESIAN_POINT('',(-0.0315051327925715,0.03371031980796,0.002));
#7652=CARTESIAN_POINT('',(-0.0322054366120158,0.0331755975857377,0.002));
#7653=CARTESIAN_POINT('',(-0.0322054366120158,0.0331755975857377,0.002));
#7654=CARTESIAN_POINT('',(-0.0322054366120158,0.0331755975857377,0.002));
#7655=CARTESIAN_POINT('',(-0.0329057404314603,0.0326408753635155,0.002));
#7656=CARTESIAN_POINT('',(-0.0343823029314603,0.0326408753635155,0.002));
#7657=CARTESIAN_POINT('',(-0.0435211918203492,0.0372733623426822,0.002));
#7658=CARTESIAN_POINT('',(-0.0435211367460731,0.0392808490566373,0.002));
#7659=CARTESIAN_POINT('',(-0.0435211918203492,0.0352658753635155,0.002));
#7660=CARTESIAN_POINT('',(-0.0435211918203492,0.0352658753635155,0.002));
#7661=CARTESIAN_POINT('',(-0.0435211918203492,0.0326408753635155,0.002));
#7662=CARTESIAN_POINT('',(-0.0461461918203492,0.0326408753635155,0.002));
#7663=CARTESIAN_POINT('',(-0.0461461918203492,0.0326408753635155,0.002));
#7664=CARTESIAN_POINT('',(-0.0461461918203492,0.0326408753635155,0.002));
#7665=CARTESIAN_POINT('',(-0.0487711918203492,0.0326408753635155,0.002));
#7666=CARTESIAN_POINT('',(-0.0487711918203492,0.0352658753635155,0.002));
#7667=CARTESIAN_POINT('',(-0.0487711918203492,0.0352658753635155,0.002));
#7668=CARTESIAN_POINT('',(-0.0487711918203492,0.0372733623426822,0.002));
#7669=CARTESIAN_POINT('',(-0.0487712376955397,0.0392808490791669,0.002));
#7670=CARTESIAN_POINT('',(-0.0482390691052467,0.0392836642757132,0.002));
#7671=CARTESIAN_POINT('',(-0.0486057989272357,0.0396693706428268,0.002));
#7672=CARTESIAN_POINT('',(-0.0482211554547294,0.0393068840645294,0.002));
#7673=CARTESIAN_POINT('',(-0.0482182401854209,0.0398353644100078,0.002));
#7674=CARTESIAN_POINT('',(-0.0480815216814603,0.0398353198079599,0.002));
#7675=CARTESIAN_POINT('',(-0.0479448031774997,0.0398353644100081,0.002));
#7676=CARTESIAN_POINT('',(-0.0479418879082011,0.0393068840645011,0.002));
#7677=CARTESIAN_POINT('',(-0.0475572444356537,0.0396693706427971,0.002));
#7678=CARTESIAN_POINT('',(-0.047923974257674,0.0392836642757132,0.002));
#7679=CARTESIAN_POINT('',(-0.0473918056673809,0.0392808490791669,0.002));
#7680=CARTESIAN_POINT('',(-0.0473918515425714,0.0372346253635155,0.002));
#7681=CARTESIAN_POINT('',(-0.0473918515425714,0.0351884014051822,0.002));
#7682=CARTESIAN_POINT('',(-0.0473918515425714,0.0351884014051822,0.002));
#7683=CARTESIAN_POINT('',(-0.0473918515425714,0.0344303718912932,0.002));
#7684=CARTESIAN_POINT('',(-0.0470849939036825,0.0340946514051822,0.002));
#7685=CARTESIAN_POINT('',(-0.0470849939036825,0.0340946514051822,0.002));
#7686=CARTESIAN_POINT('',(-0.0470849939036825,0.0340946514051822,0.002));
#7687=CARTESIAN_POINT('',(-0.0467781362647936,0.033758930919071,0.002));
#7688=CARTESIAN_POINT('',(-0.0461272031050714,0.033758930919071,0.002));
#7689=CARTESIAN_POINT('',(-0.0461272031050714,0.033758930919071,0.002));
#7690=CARTESIAN_POINT('',(-0.0461272031050714,0.033758930919071,0.002));
#7691=CARTESIAN_POINT('',(-0.0454762699453492,0.033758930919071,0.002));
#7692=CARTESIAN_POINT('',(-0.0451701718550714,0.0340946514051822,0.002));
#7693=CARTESIAN_POINT('',(-0.0451701718550714,0.0340946514051822,0.002));
#7694=CARTESIAN_POINT('',(-0.0451701718550714,0.0340946514051822,0.002));
#7695=CARTESIAN_POINT('',(-0.0448640737647936,0.0344303718912932,0.002));
#7696=CARTESIAN_POINT('',(-0.0448640737647936,0.0351884014051822,0.002));
#7697=CARTESIAN_POINT('',(-0.0448640737647936,0.0351884014051822,0.002));
#7698=CARTESIAN_POINT('',(-0.0448640737647936,0.0372346253635155,0.002));
#7699=CARTESIAN_POINT('',(-0.0448641288390691,0.0392808490566373,0.002));
#7700=CARTESIAN_POINT('',(-0.0443331561161238,0.0392834059686949,0.002));
#7701=CARTESIAN_POINT('',(-0.0446980091388326,0.0396692551819798,0.002));
#7702=CARTESIAN_POINT('',(-0.0443121599255177,0.0393044021592645,0.002));
#7703=CARTESIAN_POINT('',(-0.044309603013471,0.0398353748822361,0.002));
#7704=CARTESIAN_POINT('',(-0.0441926327925714,0.0398353198079599,0.002));
#7705=CARTESIAN_POINT('',(-0.0440756625716718,0.0398353748822361,0.002));
#7706=CARTESIAN_POINT('',(-0.0440731056596251,0.0393044021592643,0.002));
#7707=CARTESIAN_POINT('',(-0.0436872564463192,0.0396692551819899,0.002));
#7708=CARTESIAN_POINT('',(-0.0440521094690448,0.039283405968684,0.002));
#7709=CARTESIAN_POINT('',(-0.0220496327925714,0.0532380975857377,0.002));
#7710=CARTESIAN_POINT('',(0.0169503672074286,0.0532380975857377,0.002));
#7711=CARTESIAN_POINT('',(0.0169503672074286,0.0532380975857377,0.));
#7712=CARTESIAN_POINT('',(-0.0220496327925714,0.0532380975857377,0.));
#7713=CARTESIAN_POINT('',(-0.0610496327925714,0.0532380975857377,0.));
#7714=CARTESIAN_POINT('',(-0.0610496327925714,0.0532380975857377,0.002));
#7715=CARTESIAN_POINT('',(-0.0640496327925714,0.0362380975857377,0.002));
#7716=CARTESIAN_POINT('',(-0.0640496327925714,0.0362380975857377,0.));
#7717=CARTESIAN_POINT('',(-0.0640496327925714,0.0502380975857377,0.));
#7718=CARTESIAN_POINT('',(-0.0640496327925714,0.0222380975857377,0.));
#7719=CARTESIAN_POINT('',(-0.0640496327925714,0.0222380975857377,0.002));
#7720=CARTESIAN_POINT('',(-0.0640496327925714,0.0502380975857377,0.));
#7721=CARTESIAN_POINT('',(-0.0220496327925714,0.0192380975857377,0.002));
#7722=CARTESIAN_POINT('',(-0.0610496327925714,0.0192380975857377,0.002));
#7723=CARTESIAN_POINT('',(-0.0610496327925714,0.0192380975857377,0.));
#7724=CARTESIAN_POINT('',(-0.0220496327925714,0.0192380975857377,0.));
#7725=CARTESIAN_POINT('',(0.0169503672074286,0.0192380975857377,0.));
#7726=CARTESIAN_POINT('',(0.0169503672074286,0.0192380975857377,0.002));
#7727=CARTESIAN_POINT('',(0.0199503672074286,0.0362380975857377,0.002));
#7728=CARTESIAN_POINT('',(0.0199503672074286,0.0222380975857377,0.));
#7729=CARTESIAN_POINT('',(0.0199503672074286,0.0222380975857377,0.));
#7730=CARTESIAN_POINT('',(0.0199503672074286,0.0362380975857377,0.));
#7731=CARTESIAN_POINT('',(0.0199503672074286,0.0502380975857377,0.));
#7732=CARTESIAN_POINT('',(0.0199503672074286,0.0502380975857377,0.002));
#7733=CARTESIAN_POINT('',(-0.0220496327925714,0.0362380975857377,0.));
#7734=CARTESIAN_POINT('',(-0.0610496327925714,0.0222380975857377,0.));
#7735=CARTESIAN_POINT('',(-0.0610496327925714,0.0502380975857377,0.));
#7736=CARTESIAN_POINT('',(0.0169503672074286,0.0502380975857377,0.));
#7737=CARTESIAN_POINT('',(0.0169503672074286,0.0222380975857377,0.));
#7738=CARTESIAN_POINT('',(-0.0610496327925714,0.0222380975857377,0.002));
#7739=CARTESIAN_POINT('',(0.0169503672074286,0.0222380975857377,0.002));
#7740=CARTESIAN_POINT('',(0.0169503672074286,0.0502380975857377,0.002));
#7741=CARTESIAN_POINT('',(-0.0610496327925714,0.0502380975857377,0.002));
#7742=CARTESIAN_POINT('',(-0.0401199331397936,0.0357322382107377,0.001));
#7743=CARTESIAN_POINT('',(-0.0401199331397936,0.0357322382107377,0.002));
#7744=CARTESIAN_POINT('',(-0.0408977109175714,0.035991497469997,0.001));
#7745=CARTESIAN_POINT('',(-0.0408977109175714,0.035991497469997,0.002));
#7746=CARTESIAN_POINT('',(-0.0414597768897936,0.036305950594997,0.001));
#7747=CARTESIAN_POINT('',(-0.0414597768897936,0.036305950594997,0.002));
#7748=CARTESIAN_POINT('',(-0.0418061310564603,0.0366755975857377,0.001));
#7749=CARTESIAN_POINT('',(-0.0418061310564603,0.0366755975857377,0.002));
#7750=CARTESIAN_POINT('',(-0.0401199331397936,0.0357322382107377,0.001));
#7751=CARTESIAN_POINT('',(-0.0401199331397936,0.0357322382107377,0.001));
#7752=CARTESIAN_POINT('',(-0.0401199331397936,0.0357322382107377,0.001));
#7753=CARTESIAN_POINT('',(-0.0412865998064603,0.0361211270996266,0.001));
#7754=CARTESIAN_POINT('',(-0.0418061310564603,0.0366755975857377,0.001));
#7755=CARTESIAN_POINT('',(-0.0418061310564603,0.0366755975857377,0.001));
#7756=CARTESIAN_POINT('',(-0.0418061310564603,0.0366755975857377,0.001));
#7757=CARTESIAN_POINT('',(-0.0393322812300714,0.0352901809190711,0.001));
#7758=CARTESIAN_POINT('',(-0.0393322812300714,0.0352901809190711,0.002));
#7759=CARTESIAN_POINT('',(-0.0394877355124788,0.0354552561505525,0.001));
#7760=CARTESIAN_POINT('',(-0.0394877355124788,0.0354552561505525,0.002));
#7761=CARTESIAN_POINT('',(-0.0397502861490529,0.0356026085811081,0.001));
#7762=CARTESIAN_POINT('',(-0.0397502861490529,0.0356026085811081,0.002));
#7763=CARTESIAN_POINT('',(-0.0401199331397936,0.0357322382107377,0.001));
#7764=CARTESIAN_POINT('',(-0.0401199331397936,0.0357322382107377,0.002));
#7765=CARTESIAN_POINT('',(-0.0393322812300714,0.0352901809190711,0.001));
#7766=CARTESIAN_POINT('',(-0.0393322812300714,0.0352901809190711,0.001));
#7767=CARTESIAN_POINT('',(-0.0393322812300714,0.0352901809190711,0.001));
#7768=CARTESIAN_POINT('',(-0.0395654626536825,0.0355377937662932,0.001));
#7769=CARTESIAN_POINT('',(-0.0401199331397936,0.0357322382107377,0.001));
#7770=CARTESIAN_POINT('',(-0.0390990998064603,0.0346627937662932,0.001));
#7771=CARTESIAN_POINT('',(-0.0390990998064603,0.0346627937662932,0.002));
#7772=CARTESIAN_POINT('',(-0.0390990998064603,0.0349159766366636,0.001));
#7773=CARTESIAN_POINT('',(-0.0390990998064603,0.0349159766366636,0.002));
#7774=CARTESIAN_POINT('',(-0.039176826947664,0.0351251056875896,0.001));
#7775=CARTESIAN_POINT('',(-0.039176826947664,0.0351251056875896,0.002));
#7776=CARTESIAN_POINT('',(-0.0393322812300714,0.0352901809190711,0.001));
#7777=CARTESIAN_POINT('',(-0.0393322812300714,0.0352901809190711,0.002));
#7778=CARTESIAN_POINT('',(-0.0390990998064603,0.0346627937662932,0.001));
#7779=CARTESIAN_POINT('',(-0.0390990998064603,0.0346627937662932,0.001));
#7780=CARTESIAN_POINT('',(-0.0390990998064603,0.0346627937662932,0.001));
#7781=CARTESIAN_POINT('',(-0.0390990998064603,0.0350425680718488,0.001));
#7782=CARTESIAN_POINT('',(-0.0393322812300714,0.0352901809190711,0.001));
#7783=CARTESIAN_POINT('',(-0.0403326067509048,0.0337300680718488,0.001));
#7784=CARTESIAN_POINT('',(-0.0403326067509048,0.0337300680718488,0.002));
#7785=CARTESIAN_POINT('',(-0.0395102687879418,0.0337300680718488,0.001));
#7786=CARTESIAN_POINT('',(-0.0395102687879418,0.0337300680718488,0.002));
#7787=CARTESIAN_POINT('',(-0.0390990998064603,0.0340409766366636,0.001));
#7788=CARTESIAN_POINT('',(-0.0390990998064603,0.0340409766366636,0.002));
#7789=CARTESIAN_POINT('',(-0.0390990998064603,0.0346627937662932,0.001));
#7790=CARTESIAN_POINT('',(-0.0390990998064603,0.0346627937662932,0.002));
#7791=CARTESIAN_POINT('',(-0.0403326067509048,0.0337300680718488,0.001));
#7792=CARTESIAN_POINT('',(-0.0403326067509048,0.0337300680718488,0.001));
#7793=CARTESIAN_POINT('',(-0.0403326067509048,0.0337300680718488,0.001));
#7794=CARTESIAN_POINT('',(-0.0390990998064603,0.0337300680718488,0.001));
#7795=CARTESIAN_POINT('',(-0.0390990998064603,0.0346627937662932,0.001));
#7796=CARTESIAN_POINT('',(-0.0403392292956004,0.0367115804256374,0.001));
#7797=CARTESIAN_POINT('',(-0.0416846032786825,0.0340505975857377,0.001));
#7798=CARTESIAN_POINT('',(-0.0416846878896567,0.0340504358748394,0.001));
#7799=CARTESIAN_POINT('',(-0.0403392292956004,0.0367115804256374,0.001));
#7800=CARTESIAN_POINT('',(-0.0418408853303902,0.0337472733683149,0.001));
#7801=CARTESIAN_POINT('',(-0.0420058923411826,0.0340452807454599,0.001));
#7802=CARTESIAN_POINT('',(-0.0420058923411826,0.0340452807454599,0.001));
#7803=CARTESIAN_POINT('',(-0.0418408853303902,0.0337472733683149,0.001));
#7804=CARTESIAN_POINT('',(-0.0421615998064603,0.03377867918296,0.001));
#7805=CARTESIAN_POINT('',(-0.0421615998064603,0.03377867918296,0.002));
#7806=CARTESIAN_POINT('',(-0.0421615998064603,0.0339012196922192,0.001));
#7807=CARTESIAN_POINT('',(-0.0421615998064603,0.0339012196922192,0.002));
#7808=CARTESIAN_POINT('',(-0.0421096973180344,0.0339900868797192,0.001));
#7809=CARTESIAN_POINT('',(-0.0421096973180344,0.0339900868797192,0.002));
#7810=CARTESIAN_POINT('',(-0.0420058923411826,0.0340452807454599,0.001));
#7811=CARTESIAN_POINT('',(-0.0420058923411826,0.0340452807454599,0.002));
#7812=CARTESIAN_POINT('',(-0.0421615998064603,0.03377867918296,0.001));
#7813=CARTESIAN_POINT('',(-0.0421615998064603,0.03377867918296,0.001));
#7814=CARTESIAN_POINT('',(-0.0421615998064603,0.03377867918296,0.001));
#7815=CARTESIAN_POINT('',(-0.0421615998064603,0.0339624899468488,0.001));
#7816=CARTESIAN_POINT('',(-0.0420058923411826,0.0340452807454599,0.001));
#7817=CARTESIAN_POINT('',(-0.0421615998064603,0.0337201939399044,0.001));
#7818=CARTESIAN_POINT('',(-0.0421615998064603,0.0336617086968488,0.001));
#7819=CARTESIAN_POINT('',(-0.0421613967452125,0.0336617059874567,0.001));
#7820=CARTESIAN_POINT('',(-0.0421615998064603,0.0337201939399044,0.001));
#7821=CARTESIAN_POINT('',(-0.0412718860588587,0.033649837483427,0.001));
#7822=CARTESIAN_POINT('',(-0.0420301978967381,0.0331854717176821,0.001));
#7823=CARTESIAN_POINT('',(-0.0420301901679762,0.0331854750647811,0.001));
#7824=CARTESIAN_POINT('',(-0.0412718860588587,0.033649837483427,0.001));
#7825=CARTESIAN_POINT('',(-0.0414200449629807,0.0335525398257171,0.001));
#7826=CARTESIAN_POINT('',(-0.0416648550147937,0.032883930919071,0.001));
#7827=CARTESIAN_POINT('',(-0.0416648550147937,0.032883930919071,0.001));
#7828=CARTESIAN_POINT('',(-0.0414200449629807,0.0335525398257171,0.001));
#7829=CARTESIAN_POINT('',(-0.0402353845286825,0.0326408753635155,0.001));
#7830=CARTESIAN_POINT('',(-0.0402353845286825,0.0326408753635155,0.002));
#7831=CARTESIAN_POINT('',(-0.0407609921675714,0.0326408753635155,0.001));
#7832=CARTESIAN_POINT('',(-0.0407609921675714,0.0326408753635155,0.002));
#7833=CARTESIAN_POINT('',(-0.0412374823296085,0.032721893882034,0.001));
#7834=CARTESIAN_POINT('',(-0.0412374823296085,0.032721893882034,0.002));
#7835=CARTESIAN_POINT('',(-0.0416648550147937,0.032883930919071,0.001));
#7836=CARTESIAN_POINT('',(-0.0416648550147937,0.032883930919071,0.002));
#7837=CARTESIAN_POINT('',(-0.0402353845286825,0.0326408753635155,0.001));
#7838=CARTESIAN_POINT('',(-0.0402353845286825,0.0326408753635155,0.001));
#7839=CARTESIAN_POINT('',(-0.0402353845286825,0.0326408753635155,0.001));
#7840=CARTESIAN_POINT('',(-0.0410237959870159,0.0326408753635155,0.001));
#7841=CARTESIAN_POINT('',(-0.0416648550147937,0.032883930919071,0.001));
#7842=CARTESIAN_POINT('',(-0.0377182404314603,0.0346825420301821,0.001));
#7843=CARTESIAN_POINT('',(-0.0377182404314603,0.0346825420301821,0.002));
#7844=CARTESIAN_POINT('',(-0.0377182404314603,0.033321430919071,0.001));
#7845=CARTESIAN_POINT('',(-0.0377182404314603,0.033321430919071,0.002));
#7846=CARTESIAN_POINT('',(-0.0385572884638677,0.0326408753635155,0.001));
#7847=CARTESIAN_POINT('',(-0.0385572884638677,0.0326408753635155,0.002));
#7848=CARTESIAN_POINT('',(-0.0402353845286825,0.0326408753635155,0.001));
#7849=CARTESIAN_POINT('',(-0.0402353845286825,0.0326408753635155,0.002));
#7850=CARTESIAN_POINT('',(-0.0377182404314603,0.0346825420301821,0.001));
#7851=CARTESIAN_POINT('',(-0.0377182404314603,0.0346825420301821,0.001));
#7852=CARTESIAN_POINT('',(-0.0377182404314603,0.0346825420301821,0.001));
#7853=CARTESIAN_POINT('',(-0.0377182404314603,0.0326408753635155,0.001));
#7854=CARTESIAN_POINT('',(-0.0402353845286825,0.0326408753635155,0.001));
#7855=CARTESIAN_POINT('',(-0.038228657098127,0.0360634014051822,0.001));
#7856=CARTESIAN_POINT('',(-0.038228657098127,0.0360634014051822,0.002));
#7857=CARTESIAN_POINT('',(-0.0378883793203492,0.0357069199237007,0.001));
#7858=CARTESIAN_POINT('',(-0.0378883793203492,0.0357069199237007,0.002));
#7859=CARTESIAN_POINT('',(-0.0377182404314603,0.0352466334653673,0.001));
#7860=CARTESIAN_POINT('',(-0.0377182404314603,0.0352466334653673,0.002));
#7861=CARTESIAN_POINT('',(-0.0377182404314603,0.0346825420301821,0.001));
#7862=CARTESIAN_POINT('',(-0.0377182404314603,0.0346825420301821,0.002));
#7863=CARTESIAN_POINT('',(-0.038228657098127,0.0360634014051822,0.001));
#7864=CARTESIAN_POINT('',(-0.038228657098127,0.0360634014051822,0.001));
#7865=CARTESIAN_POINT('',(-0.038228657098127,0.0360634014051822,0.001));
#7866=CARTESIAN_POINT('',(-0.0377182404314603,0.03552867918296,0.001));
#7867=CARTESIAN_POINT('',(-0.0377182404314603,0.0346825420301821,0.001));
#7868=CARTESIAN_POINT('',(-0.0400515737647937,0.0370158753635155,0.001));
#7869=CARTESIAN_POINT('',(-0.0400515737647937,0.0370158753635155,0.002));
#7870=CARTESIAN_POINT('',(-0.0391765737647937,0.0367373742061081,0.001));
#7871=CARTESIAN_POINT('',(-0.0391765737647937,0.0367373742061081,0.002));
#7872=CARTESIAN_POINT('',(-0.0385689348759048,0.0364198828866636,0.001));
#7873=CARTESIAN_POINT('',(-0.0385689348759048,0.0364198828866636,0.002));
#7874=CARTESIAN_POINT('',(-0.038228657098127,0.0360634014051822,0.001));
#7875=CARTESIAN_POINT('',(-0.038228657098127,0.0360634014051822,0.002));
#7876=CARTESIAN_POINT('',(-0.0400515737647937,0.0370158753635155,0.001));
#7877=CARTESIAN_POINT('',(-0.0400515737647937,0.0370158753635155,0.001));
#7878=CARTESIAN_POINT('',(-0.0400515737647937,0.0370158753635155,0.001));
#7879=CARTESIAN_POINT('',(-0.0387390737647937,0.0365981236274044,0.001));
#7880=CARTESIAN_POINT('',(-0.038228657098127,0.0360634014051822,0.001));
#7881=CARTESIAN_POINT('',(-0.0409645511953492,0.0380169604329599,0.001));
#7882=CARTESIAN_POINT('',(-0.0409645511953492,0.0380169604329599,0.002));
#7883=CARTESIAN_POINT('',(-0.0409645511953492,0.037550091219997,0.001));
#7884=CARTESIAN_POINT('',(-0.0409645511953492,0.037550091219997,0.002));
#7885=CARTESIAN_POINT('',(-0.040660225385164,0.0372163961968488,0.001));
#7886=CARTESIAN_POINT('',(-0.040660225385164,0.0372163961968488,0.002));
#7887=CARTESIAN_POINT('',(-0.0400515737647937,0.0370158753635155,0.001));
#7888=CARTESIAN_POINT('',(-0.0400515737647937,0.0370158753635155,0.002));
#7889=CARTESIAN_POINT('',(-0.0409645511953492,0.0380169604329599,0.001));
#7890=CARTESIAN_POINT('',(-0.0409645511953492,0.0380169604329599,0.001));
#7891=CARTESIAN_POINT('',(-0.0409645511953492,0.0380169604329599,0.001));
#7892=CARTESIAN_POINT('',(-0.0409645511953492,0.0373166566135155,0.001));
#7893=CARTESIAN_POINT('',(-0.0400515737647937,0.0370158753635155,0.001));
#7894=CARTESIAN_POINT('',(-0.0407123810564603,0.0386397902940711,0.001));
#7895=CARTESIAN_POINT('',(-0.0407123810564603,0.0386397902940711,0.002));
#7896=CARTESIAN_POINT('',(-0.0408804944823862,0.0384909187662933,0.001));
#7897=CARTESIAN_POINT('',(-0.0408804944823862,0.0384909187662933,0.002));
#7898=CARTESIAN_POINT('',(-0.0409645511953492,0.0382833088125896,0.001));
#7899=CARTESIAN_POINT('',(-0.0409645511953492,0.0382833088125896,0.002));
#7900=CARTESIAN_POINT('',(-0.0409645511953492,0.0380169604329599,0.001));
#7901=CARTESIAN_POINT('',(-0.0409645511953492,0.0380169604329599,0.002));
#7902=CARTESIAN_POINT('',(-0.0407123810564603,0.0386397902940711,0.001));
#7903=CARTESIAN_POINT('',(-0.0407123810564603,0.0386397902940711,0.001));
#7904=CARTESIAN_POINT('',(-0.0407123810564603,0.0386397902940711,0.001));
#7905=CARTESIAN_POINT('',(-0.0409645511953492,0.0384164830024044,0.001));
#7906=CARTESIAN_POINT('',(-0.0409645511953492,0.0380169604329599,0.001));
#7907=CARTESIAN_POINT('',(-0.0399740998064603,0.0388630975857377,0.001));
#7908=CARTESIAN_POINT('',(-0.0399740998064603,0.0388630975857377,0.002));
#7909=CARTESIAN_POINT('',(-0.0402981738805344,0.0388630975857377,0.001));
#7910=CARTESIAN_POINT('',(-0.0402981738805344,0.0388630975857377,0.002));
#7911=CARTESIAN_POINT('',(-0.0405442676305344,0.0387886618218488,0.001));
#7912=CARTESIAN_POINT('',(-0.0405442676305344,0.0387886618218488,0.002));
#7913=CARTESIAN_POINT('',(-0.0407123810564603,0.0386397902940711,0.001));
#7914=CARTESIAN_POINT('',(-0.0407123810564603,0.0386397902940711,0.002));
#7915=CARTESIAN_POINT('',(-0.0399740998064603,0.0388630975857377,0.001));
#7916=CARTESIAN_POINT('',(-0.0399740998064603,0.0388630975857377,0.001));
#7917=CARTESIAN_POINT('',(-0.0399740998064603,0.0388630975857377,0.001));
#7918=CARTESIAN_POINT('',(-0.0404602109175714,0.0388630975857377,0.001));
#7919=CARTESIAN_POINT('',(-0.0407123810564603,0.0386397902940711,0.001));
#7920=CARTESIAN_POINT('',(-0.0399804246543281,0.0347769948949554,0.001));
#7921=CARTESIAN_POINT('',(-0.0384853845286825,0.0385805455024044,0.001));
#7922=CARTESIAN_POINT('',(-0.0384854496884828,0.0385803763889442,0.001));
#7923=CARTESIAN_POINT('',(-0.0399804246543281,0.0347769948949554,0.001));
#7924=CARTESIAN_POINT('',(-0.0383493097404087,0.0389191703382851,0.001));
#7925=CARTESIAN_POINT('',(-0.0381458662995159,0.0386154847385155,0.001));
#7926=CARTESIAN_POINT('',(-0.0381461214906931,0.0386158893205951,0.001));
#7927=CARTESIAN_POINT('',(-0.0383493097404087,0.0389191703382851,0.001));
#7928=CARTESIAN_POINT('',(-0.0382994945294751,0.0388954838628919,0.001));
#7929=CARTESIAN_POINT('',(-0.0379810442509048,0.0389025941135155,0.001));
#7930=CARTESIAN_POINT('',(-0.0379810977488499,0.0389025929190314,0.00100000025));
#7931=CARTESIAN_POINT('',(-0.0382994945294751,0.0388954838628919,0.001));
#7932=CARTESIAN_POINT('',(-0.0379810442509048,0.0389458883843488,0.001));
#7933=CARTESIAN_POINT('',(-0.0379810442509048,0.0389891826551821,0.001));
#7934=CARTESIAN_POINT('',(-0.0379811380035911,0.0389891834433677,0.001));
#7935=CARTESIAN_POINT('',(-0.0379810442509048,0.0389458883843488,0.001));
#7936=CARTESIAN_POINT('',(-0.0387908422025164,0.0389959906845707,0.001));
#7937=CARTESIAN_POINT('',(-0.0381215607439603,0.0394517477593488,0.001));
#7938=CARTESIAN_POINT('',(-0.038121756604155,0.0394516195867978,0.001));
#7939=CARTESIAN_POINT('',(-0.0387908422025164,0.0389959906845707,0.001));
#7940=CARTESIAN_POINT('',(-0.0386793614289679,0.0390910546121172,0.001));
#7941=CARTESIAN_POINT('',(-0.0384960182092381,0.0397289830024044,0.001));
#7942=CARTESIAN_POINT('',(-0.0384960182092381,0.0397289830024044,0.001));
#7943=CARTESIAN_POINT('',(-0.0386793614289679,0.0390910546121172,0.001));
#7944=CARTESIAN_POINT('',(-0.0400713220286825,0.0399325420301821,0.001));
#7945=CARTESIAN_POINT('',(-0.0400713220286825,0.0399325420301821,0.002));
#7946=CARTESIAN_POINT('',(-0.0394677340657196,0.0399325420301821,0.001));
#7947=CARTESIAN_POINT('',(-0.0394677340657196,0.0399325420301821,0.002));
#7948=CARTESIAN_POINT('',(-0.0389426327925714,0.0398646890209229,0.001));
#7949=CARTESIAN_POINT('',(-0.0389426327925714,0.0398646890209229,0.002));
#7950=CARTESIAN_POINT('',(-0.0384960182092381,0.0397289830024044,0.001));
#7951=CARTESIAN_POINT('',(-0.0384960182092381,0.0397289830024044,0.002));
#7952=CARTESIAN_POINT('',(-0.0400713220286825,0.0399325420301821,0.001));
#7953=CARTESIAN_POINT('',(-0.0400713220286825,0.0399325420301821,0.001));
#7954=CARTESIAN_POINT('',(-0.0400713220286825,0.0399325420301821,0.001));
#7955=CARTESIAN_POINT('',(-0.0391659400842381,0.0399325420301821,0.001));
#7956=CARTESIAN_POINT('',(-0.0384960182092381,0.0397289830024044,0.001));
#7957=CARTESIAN_POINT('',(-0.0417332143897937,0.0394175680718488,0.001));
#7958=CARTESIAN_POINT('',(-0.0417332143897937,0.0394175680718488,0.002));
#7959=CARTESIAN_POINT('',(-0.0413382491120159,0.039760884044071,0.001));
#7960=CARTESIAN_POINT('',(-0.0413382491120159,0.039760884044071,0.002));
#7961=CARTESIAN_POINT('',(-0.0407842849916455,0.0399325420301821,0.001));
#7962=CARTESIAN_POINT('',(-0.0407842849916455,0.0399325420301821,0.002));
#7963=CARTESIAN_POINT('',(-0.0400713220286825,0.0399325420301821,0.001));
#7964=CARTESIAN_POINT('',(-0.0400713220286825,0.0399325420301821,0.002));
#7965=CARTESIAN_POINT('',(-0.0417332143897937,0.0394175680718488,0.001));
#7966=CARTESIAN_POINT('',(-0.0417332143897937,0.0394175680718488,0.001));
#7967=CARTESIAN_POINT('',(-0.0417332143897937,0.0394175680718488,0.001));
#7968=CARTESIAN_POINT('',(-0.041140766473127,0.0399325420301821,0.001));
#7969=CARTESIAN_POINT('',(-0.0400713220286825,0.0399325420301821,0.001));
#7970=CARTESIAN_POINT('',(-0.0423256623064603,0.0380169604329599,0.001));
#7971=CARTESIAN_POINT('',(-0.0423256623064603,0.0380169604329599,0.002));
#7972=CARTESIAN_POINT('',(-0.0423256623064603,0.0386073828866636,0.001));
#7973=CARTESIAN_POINT('',(-0.0423256623064603,0.0386073828866636,0.002));
#7974=CARTESIAN_POINT('',(-0.0421281796675714,0.0390742520996266,0.001));
#7975=CARTESIAN_POINT('',(-0.0421281796675714,0.0390742520996266,0.002));
#7976=CARTESIAN_POINT('',(-0.0417332143897937,0.0394175680718488,0.001));
#7977=CARTESIAN_POINT('',(-0.0417332143897937,0.0394175680718488,0.002));
#7978=CARTESIAN_POINT('',(-0.0423256623064603,0.0380169604329599,0.001));
#7979=CARTESIAN_POINT('',(-0.0423256623064603,0.0380169604329599,0.001));
#7980=CARTESIAN_POINT('',(-0.0423256623064603,0.0380169604329599,0.001));
#7981=CARTESIAN_POINT('',(-0.0423256623064603,0.0389025941135155,0.001));
#7982=CARTESIAN_POINT('',(-0.0417332143897937,0.0394175680718488,0.001));
#7983=CARTESIAN_POINT('',(-0.0418061310564603,0.0366755975857377,0.001));
#7984=CARTESIAN_POINT('',(-0.0418061310564603,0.0366755975857377,0.002));
#7985=CARTESIAN_POINT('',(-0.042152485223127,0.0370452445764785,0.001));
#7986=CARTESIAN_POINT('',(-0.042152485223127,0.0370452445764785,0.002));
#7987=CARTESIAN_POINT('',(-0.0423256623064603,0.0374923655255526,0.001));
#7988=CARTESIAN_POINT('',(-0.0423256623064603,0.0374923655255526,0.002));
#7989=CARTESIAN_POINT('',(-0.0423256623064603,0.0380169604329599,0.001));
#7990=CARTESIAN_POINT('',(-0.0423256623064603,0.0380169604329599,0.002));
#7991=CARTESIAN_POINT('',(-0.0418061310564603,0.0366755975857377,0.001));
#7992=CARTESIAN_POINT('',(-0.0423256623064603,0.0372300680718489,0.001));
#7993=CARTESIAN_POINT('',(-0.0423256623064603,0.0380169604329599,0.001));
#7994=CARTESIAN_POINT('',(-0.0220496327925714,0.0362380975857377,0.001));
#7995=CARTESIAN_POINT('',(-0.0271047874146543,0.0332518382092175,0.001));
#7996=CARTESIAN_POINT('',(-0.027099750848127,0.0327380975857377,0.001));
#7997=CARTESIAN_POINT('',(-0.0270997510362517,0.0327381167748619,0.00100000025));
#7998=CARTESIAN_POINT('',(-0.0271047874146543,0.0332518382092175,0.001));
#7999=CARTESIAN_POINT('',(-0.0274831137951686,0.0329038746231179,0.001));
#8000=CARTESIAN_POINT('',(-0.0274833228967381,0.03290367918296,0.001));
#8001=CARTESIAN_POINT('',(-0.0269683489384048,0.0327380975857377,0.001));
#8002=CARTESIAN_POINT('',(-0.0268369470286825,0.0327380975857377,0.001));
#8003=CARTESIAN_POINT('',(-0.0268369472938941,0.0327380425114619,0.001));
#8004=CARTESIAN_POINT('',(-0.0269683489384048,0.0327380975857377,0.001));
#8005=CARTESIAN_POINT('',(-0.0268343903818372,0.0332690152344033,0.001));
#8006=CARTESIAN_POINT('',(-0.026448541357048,0.0329041624001778,0.001));
#8007=CARTESIAN_POINT('',(-0.0264485411685519,0.0329041622116999,0.001));
#8008=CARTESIAN_POINT('',(-0.0268343903818372,0.0332690152344033,0.001));
#8009=CARTESIAN_POINT('',(-0.0268133941912468,0.033290011425005,0.001));
#8010=CARTESIAN_POINT('',(-0.0262824765425714,0.0332925680718489,0.001));
#8011=CARTESIAN_POINT('',(-0.0262824214682959,0.0332925683370604,0.00100000025));
#8012=CARTESIAN_POINT('',(-0.0268133941912468,0.033290011425005,0.001));
#8013=CARTESIAN_POINT('',(-0.0262824765425714,0.0345807625162933,0.001));
#8014=CARTESIAN_POINT('',(-0.0262824765425714,0.0358689569607377,0.001));
#8015=CARTESIAN_POINT('',(-0.0262824765425714,0.0358689569607377,0.001));
#8016=CARTESIAN_POINT('',(-0.0262824765425714,0.0345807625162933,0.001));
#8017=CARTESIAN_POINT('',(-0.0262050025842381,0.0359555455024044,0.001));
#8018=CARTESIAN_POINT('',(-0.0262050025842381,0.0359555455024044,0.002));
#8019=CARTESIAN_POINT('',(-0.0262566518897937,0.0359555455024044,0.001));
#8020=CARTESIAN_POINT('',(-0.0262566518897937,0.0359555455024044,0.002));
#8021=CARTESIAN_POINT('',(-0.0262824765425714,0.0359266826551822,0.001));
#8022=CARTESIAN_POINT('',(-0.0262824765425714,0.0359266826551822,0.002));
#8023=CARTESIAN_POINT('',(-0.0262824765425714,0.0358689569607377,0.001));
#8024=CARTESIAN_POINT('',(-0.0262824765425714,0.0358689569607377,0.002));
#8025=CARTESIAN_POINT('',(-0.0262050025842381,0.0359555455024044,0.001));
#8026=CARTESIAN_POINT('',(-0.0262050025842381,0.0359555455024044,0.001));
#8027=CARTESIAN_POINT('',(-0.0262050025842381,0.0359555455024044,0.001));
#8028=CARTESIAN_POINT('',(-0.0262824765425714,0.0359555455024044,0.001));
#8029=CARTESIAN_POINT('',(-0.0262824765425714,0.0358689569607377,0.001));
#8030=CARTESIAN_POINT('',(-0.0249897248064603,0.0359555455024044,0.001));
#8031=CARTESIAN_POINT('',(-0.0237744470286826,0.0359555455024044,0.001));
#8032=CARTESIAN_POINT('',(-0.0237744470286826,0.0359555455024044,0.001));
#8033=CARTESIAN_POINT('',(-0.0249897248064603,0.0359555455024044,0.001));
#8034=CARTESIAN_POINT('',(-0.0236969730703492,0.0358689569607377,0.001));
#8035=CARTESIAN_POINT('',(-0.0236969730703492,0.0358689569607377,0.002));
#8036=CARTESIAN_POINT('',(-0.0236969730703492,0.0359266826551822,0.001));
#8037=CARTESIAN_POINT('',(-0.0236969730703492,0.0359266826551822,0.002));
#8038=CARTESIAN_POINT('',(-0.023722797723127,0.0359555455024044,0.001));
#8039=CARTESIAN_POINT('',(-0.023722797723127,0.0359555455024044,0.002));
#8040=CARTESIAN_POINT('',(-0.0237744470286826,0.0359555455024044,0.001));
#8041=CARTESIAN_POINT('',(-0.0237744470286826,0.0359555455024044,0.002));
#8042=CARTESIAN_POINT('',(-0.0236969730703492,0.0358689569607377,0.001));
#8043=CARTESIAN_POINT('',(-0.0236969730703492,0.0358689569607377,0.001));
#8044=CARTESIAN_POINT('',(-0.0236969730703492,0.0358689569607377,0.001));
#8045=CARTESIAN_POINT('',(-0.0236969730703492,0.0359555455024044,0.001));
#8046=CARTESIAN_POINT('',(-0.0237744470286826,0.0359555455024044,0.001));
#8047=CARTESIAN_POINT('',(-0.0236969730703492,0.0345807625162933,0.001));
#8048=CARTESIAN_POINT('',(-0.0236969730703492,0.0332925680718489,0.001));
#8049=CARTESIAN_POINT('',(-0.0236970281446253,0.0332925683370604,0.001));
#8050=CARTESIAN_POINT('',(-0.0236969730703492,0.0345807625162933,0.001));
#8051=CARTESIAN_POINT('',(-0.0231660554216536,0.0332900114250136,0.001));
#8052=CARTESIAN_POINT('',(-0.0235309082558922,0.0329041624001946,0.001));
#8053=CARTESIAN_POINT('',(-0.0235309084443792,0.0329041622117077,0.001));
#8054=CARTESIAN_POINT('',(-0.0231660554216536,0.0332900114250136,0.001));
#8055=CARTESIAN_POINT('',(-0.0231450592310733,0.0332690152344333,0.001));
#8056=CARTESIAN_POINT('',(-0.0231425025842381,0.0327380975857377,0.001));
#8057=CARTESIAN_POINT('',(-0.0231425023190266,0.0327380425114615,0.00100000025));
#8058=CARTESIAN_POINT('',(-0.0231450592310733,0.0332690152344333,0.001));
#8059=CARTESIAN_POINT('',(-0.0230111006745158,0.0327380975857377,0.001));
#8060=CARTESIAN_POINT('',(-0.0228796987647936,0.0327380975857377,0.001));
#8061=CARTESIAN_POINT('',(-0.022879698576669,0.0327381167748619,0.001));
#8062=CARTESIAN_POINT('',(-0.0230111006745158,0.0327380975857377,0.001));
#8063=CARTESIAN_POINT('',(-0.0228746621982664,0.0332518382092175,0.001));
#8064=CARTESIAN_POINT('',(-0.0224961267161825,0.03290367918296,0.001));
#8065=CARTESIAN_POINT('',(-0.0224963367811536,0.032903873798755,0.001));
#8066=CARTESIAN_POINT('',(-0.0228746621982664,0.0332518382092175,0.001));
#8067=CARTESIAN_POINT('',(-0.0228755876103252,0.0332882321227377,0.001));
#8068=CARTESIAN_POINT('',(-0.0223358619592381,0.0332925680718489,0.001));
#8069=CARTESIAN_POINT('',(-0.0223358692923786,0.0332925680129372,0.00100000025));
#8070=CARTESIAN_POINT('',(-0.0228755876103252,0.0332882321227377,0.001));
#8071=CARTESIAN_POINT('',(-0.0223358619592381,0.0362867086968489,0.001));
#8072=CARTESIAN_POINT('',(-0.0223358619592381,0.0392808493218488,0.001));
#8073=CARTESIAN_POINT('',(-0.0223358692923787,0.0392808493807605,0.001));
#8074=CARTESIAN_POINT('',(-0.0223358619592381,0.0362867086968489,0.001));
#8075=CARTESIAN_POINT('',(-0.0228755876103209,0.0392851852709617,0.001));
#8076=CARTESIAN_POINT('',(-0.0224961267161825,0.0396697382107377,0.001));
#8077=CARTESIAN_POINT('',(-0.0224963297782237,0.0396695359081912,0.001));
#8078=CARTESIAN_POINT('',(-0.0228755876103209,0.0392851852709617,0.001));
#8079=CARTESIAN_POINT('',(-0.0228746621982737,0.0393215791844598,0.001));
#8080=CARTESIAN_POINT('',(-0.0228796987647936,0.0398353198079599,0.001));
#8081=CARTESIAN_POINT('',(-0.022879698576669,0.0398353006188361,0.00100000025));
#8082=CARTESIAN_POINT('',(-0.0228746621982737,0.0393215791844598,0.001));
#8083=CARTESIAN_POINT('',(-0.0230111006745159,0.0398353198079599,0.001));
#8084=CARTESIAN_POINT('',(-0.0231425025842381,0.0398353198079599,0.001));
#8085=CARTESIAN_POINT('',(-0.0231425023190266,0.0398353748822361,0.001));
#8086=CARTESIAN_POINT('',(-0.0230111006745159,0.0398353198079599,0.001));
#8087=CARTESIAN_POINT('',(-0.0231450592310733,0.0393044021592643,0.001));
#8088=CARTESIAN_POINT('',(-0.0235309082559246,0.0396692549934688,0.001));
#8089=CARTESIAN_POINT('',(-0.0235309084443949,0.0396692551819723,0.001));
#8090=CARTESIAN_POINT('',(-0.0231450592310733,0.0393044021592643,0.001));
#8091=CARTESIAN_POINT('',(-0.0231660554216835,0.0392834059686942,0.001));
#8092=CARTESIAN_POINT('',(-0.0236969730703492,0.0392808493218488,0.001));
#8093=CARTESIAN_POINT('',(-0.023697028144625,0.0392808490566373,0.00100000025));
#8094=CARTESIAN_POINT('',(-0.0231660554216835,0.0392834059686942,0.001));
#8095=CARTESIAN_POINT('',(-0.0236969730703492,0.0381772251899044,0.001));
#8096=CARTESIAN_POINT('',(-0.0236969730703492,0.0370736010579599,0.001));
#8097=CARTESIAN_POINT('',(-0.0236974008070632,0.037073536528035,0.001));
#8098=CARTESIAN_POINT('',(-0.0236969730703492,0.0381772251899044,0.001));
#8099=CARTESIAN_POINT('',(-0.0237642911734605,0.0370634452027379,0.001));
#8100=CARTESIAN_POINT('',(-0.0237744470286826,0.0369961270996266,0.001));
#8101=CARTESIAN_POINT('',(-0.0237743747322945,0.036996469290725,0.00100000012));
#8102=CARTESIAN_POINT('',(-0.0237642911734605,0.0370634452027379,0.001));
#8103=CARTESIAN_POINT('',(-0.0249897248064603,0.0369961270996266,0.001));
#8104=CARTESIAN_POINT('',(-0.0262050025842381,0.0369961270996266,0.001));
#8105=CARTESIAN_POINT('',(-0.0262050671141625,0.036996554836338,0.001));
#8106=CARTESIAN_POINT('',(-0.0249897248064603,0.0369961270996266,0.001));
#8107=CARTESIAN_POINT('',(-0.0262151584394465,0.0370634452027516,0.001));
#8108=CARTESIAN_POINT('',(-0.0262824765425714,0.0370736010579599,0.001));
#8109=CARTESIAN_POINT('',(-0.0262821343514752,0.0370735287615725,0.00100000012));
#8110=CARTESIAN_POINT('',(-0.0262151584394465,0.0370634452027516,0.001));
#8111=CARTESIAN_POINT('',(-0.0262824765425714,0.0381772251899044,0.001));
#8112=CARTESIAN_POINT('',(-0.0262824765425714,0.0392808493218488,0.001));
#8113=CARTESIAN_POINT('',(-0.0262824214682953,0.0392808490566373,0.001));
#8114=CARTESIAN_POINT('',(-0.0262824765425714,0.0381772251899044,0.001));
#8115=CARTESIAN_POINT('',(-0.026813394191267,0.039283405968684,0.001));
#8116=CARTESIAN_POINT('',(-0.0264485413570284,0.0396692549935029,0.001));
#8117=CARTESIAN_POINT('',(-0.0264485411685414,0.0396692551819899,0.001));
#8118=CARTESIAN_POINT('',(-0.026813394191267,0.039283405968684,0.001));
#8119=CARTESIAN_POINT('',(-0.0268343903818473,0.0393044021592645,0.001));
#8120=CARTESIAN_POINT('',(-0.0268369470286825,0.0398353198079599,0.001));
#8121=CARTESIAN_POINT('',(-0.0268369472938941,0.0398353748822361,0.00100000025));
#8122=CARTESIAN_POINT('',(-0.0268343903818473,0.0393044021592645,0.001));
#8123=CARTESIAN_POINT('',(-0.0269683489384048,0.0398353198079599,0.001));
#8124=CARTESIAN_POINT('',(-0.027099750848127,0.0398353198079599,0.001));
#8125=CARTESIAN_POINT('',(-0.0270997510362517,0.0398353006188361,0.001));
#8126=CARTESIAN_POINT('',(-0.0269683489384048,0.0398353198079599,0.001));
#8127=CARTESIAN_POINT('',(-0.0271047874146469,0.0393215791844598,0.001));
#8128=CARTESIAN_POINT('',(-0.0274833228967381,0.0396697382107377,0.001));
#8129=CARTESIAN_POINT('',(-0.0274831128317678,0.0396695435949433,0.001));
#8130=CARTESIAN_POINT('',(-0.0271047874146469,0.0393215791844598,0.001));
#8131=CARTESIAN_POINT('',(-0.0271038620025955,0.0392851852709599,0.001));
#8132=CARTESIAN_POINT('',(-0.0276435876536825,0.0392808493218488,0.001));
#8133=CARTESIAN_POINT('',(-0.027643580320542,0.0392808493807605,0.00100000025));
#8134=CARTESIAN_POINT('',(-0.0271038620025955,0.0392851852709599,0.001));
#8135=CARTESIAN_POINT('',(-0.0276435876536825,0.0362867086968489,0.001));
#8136=CARTESIAN_POINT('',(-0.0276435876536825,0.0332925680718488,0.001));
#8137=CARTESIAN_POINT('',(-0.0276435803205417,0.0332925680129372,0.001));
#8138=CARTESIAN_POINT('',(-0.0276435876536825,0.0362867086968489,0.001));
#8139=CARTESIAN_POINT('',(-0.027103862002609,0.0332882321227322,0.001));
#8140=CARTESIAN_POINT('',(-0.027103862002609,0.0332882321227322,0.001));
#8141=CARTESIAN_POINT('',(-0.0220496327925714,0.0362380975857377,0.001));
#8142=CARTESIAN_POINT('',(-0.0193113393897936,0.0326408753635155,0.001));
#8143=CARTESIAN_POINT('',(-0.0193113393897936,0.0326408753635155,0.002));
#8144=CARTESIAN_POINT('',(-0.0198815072138677,0.0326408753635155,0.001));
#8145=CARTESIAN_POINT('',(-0.0198815072138677,0.0326408753635155,0.002));
#8146=CARTESIAN_POINT('',(-0.0202962207555344,0.0327981019260155,0.001));
#8147=CARTESIAN_POINT('',(-0.0202962207555344,0.0327981019260155,0.002));
#8148=CARTESIAN_POINT('',(-0.0205554800147936,0.0331125550510155,0.001));
#8149=CARTESIAN_POINT('',(-0.0205554800147936,0.0331125550510155,0.002));
#8150=CARTESIAN_POINT('',(-0.0193113393897936,0.0326408753635155,0.001));
#8151=CARTESIAN_POINT('',(-0.0193113393897936,0.0326408753635155,0.001));
#8152=CARTESIAN_POINT('',(-0.0193113393897936,0.0326408753635155,0.001));
#8153=CARTESIAN_POINT('',(-0.0201665911259047,0.0326408753635155,0.001));
#8154=CARTESIAN_POINT('',(-0.0205554800147936,0.0331125550510155,0.001));
#8155=CARTESIAN_POINT('',(-0.0205554800147936,0.0331125550510155,0.001));
#8156=CARTESIAN_POINT('',(-0.0205554800147936,0.0331125550510155,0.001));
#8157=CARTESIAN_POINT('',(-0.0177664175147937,0.0333609274468488,0.001));
#8158=CARTESIAN_POINT('',(-0.0177664175147937,0.0333609274468488,0.002));
#8159=CARTESIAN_POINT('',(-0.0182069557092381,0.0328808927246266,0.001));
#8160=CARTESIAN_POINT('',(-0.0182069557092381,0.0328808927246266,0.002));
#8161=CARTESIAN_POINT('',(-0.0187219296675714,0.0326408753635155,0.001));
#8162=CARTESIAN_POINT('',(-0.0187219296675714,0.0326408753635155,0.002));
#8163=CARTESIAN_POINT('',(-0.0193113393897936,0.0326408753635155,0.001));
#8164=CARTESIAN_POINT('',(-0.0193113393897936,0.0326408753635155,0.002));
#8165=CARTESIAN_POINT('',(-0.0177664175147937,0.0333609274468488,0.001));
#8166=CARTESIAN_POINT('',(-0.0177664175147937,0.0333609274468488,0.001));
#8167=CARTESIAN_POINT('',(-0.0177664175147937,0.0333609274468488,0.001));
#8168=CARTESIAN_POINT('',(-0.0184272248064603,0.0326408753635155,0.001));
#8169=CARTESIAN_POINT('',(-0.0193113393897936,0.0326408753635155,0.001));
#8170=CARTESIAN_POINT('',(-0.0177434190616189,0.0333377309983182,0.001));
#8171=CARTESIAN_POINT('',(-0.0177459097022937,0.0333700420301822,0.001));
#8172=CARTESIAN_POINT('',(-0.0177458940161318,0.0333700194583373,0.001));
#8173=CARTESIAN_POINT('',(-0.0177434190616189,0.0333377309983182,0.001));
#8174=CARTESIAN_POINT('',(-0.0177442879930401,0.0333617567507044,0.001));
#8175=CARTESIAN_POINT('',(-0.0177360530328797,0.0333610584158271,0.001));
#8176=CARTESIAN_POINT('',(-0.0177360530328797,0.0333610584158271,0.001));
#8177=CARTESIAN_POINT('',(-0.0177442879930401,0.0333617567507044,0.001));
#8178=CARTESIAN_POINT('',(-0.0177314782786826,0.0333267477593489,0.001));
#8179=CARTESIAN_POINT('',(-0.0177269209870159,0.0332925680718489,0.001));
#8180=CARTESIAN_POINT('',(-0.0177266753380084,0.0332925724235727,0.001));
#8181=CARTESIAN_POINT('',(-0.0177314782786826,0.0333267477593489,0.001));
#8182=CARTESIAN_POINT('',(-0.0171603206894237,0.033302605515416,0.001));
#8183=CARTESIAN_POINT('',(-0.017556782098127,0.0328983623426821,0.001));
#8184=CARTESIAN_POINT('',(-0.0175567472363927,0.0328983968261666,0.001));
#8185=CARTESIAN_POINT('',(-0.0171603206894237,0.033302605515416,0.001));
#8186=CARTESIAN_POINT('',(-0.0171751090779446,0.0332735512766016,0.001));
#8187=CARTESIAN_POINT('',(-0.0171633359175714,0.0327380975857377,0.001));
#8188=CARTESIAN_POINT('',(-0.0171633411857129,0.0327383371854496,0.00100000025));
#8189=CARTESIAN_POINT('',(-0.0171751090779446,0.0332735512766016,0.001));
#8190=CARTESIAN_POINT('',(-0.0171002933828492,0.0327380975857377,0.001));
#8191=CARTESIAN_POINT('',(-0.017037250848127,0.0327380975857377,0.001));
#8192=CARTESIAN_POINT('',(-0.0170372502878652,0.0327381461093587,0.001));
#8193=CARTESIAN_POINT('',(-0.0171002933828492,0.0327380975857377,0.001));
#8194=CARTESIAN_POINT('',(-0.0170312994736628,0.0332535392138016,0.001));
#8195=CARTESIAN_POINT('',(-0.0166524509887341,0.0329041264665072,0.001));
#8196=CARTESIAN_POINT('',(-0.0166524532123932,0.0329041240561349,0.001));
#8197=CARTESIAN_POINT('',(-0.0170312994736628,0.0332535392138016,0.001));
#8198=CARTESIAN_POINT('',(-0.0170316205964363,0.0332882321227377,0.001));
#8199=CARTESIAN_POINT('',(-0.0164918949453492,0.0332925680718489,0.001));
#8200=CARTESIAN_POINT('',(-0.0164919022784897,0.0332925680129372,0.00100000025));
#8201=CARTESIAN_POINT('',(-0.0170316205964363,0.0332882321227377,0.001));
#8202=CARTESIAN_POINT('',(-0.0164918949453492,0.0352658753635155,0.001));
#8203=CARTESIAN_POINT('',(-0.0164918949453492,0.0372391826551821,0.001));
#8204=CARTESIAN_POINT('',(-0.0164919022784897,0.0372391827140938,0.001));
#8205=CARTESIAN_POINT('',(-0.0164918949453492,0.0352658753635155,0.001));
#8206=CARTESIAN_POINT('',(-0.0170316205964363,0.0372435186042933,0.001));
#8207=CARTESIAN_POINT('',(-0.0166524509887341,0.0376276242605239,0.001));
#8208=CARTESIAN_POINT('',(-0.0166524532123933,0.0376276266708962,0.001));
#8209=CARTESIAN_POINT('',(-0.0170316205964363,0.0372435186042933,0.001));
#8210=CARTESIAN_POINT('',(-0.0170312994736628,0.0372782115132293,0.001));
#8211=CARTESIAN_POINT('',(-0.017037250848127,0.0377936531412932,0.001));
#8212=CARTESIAN_POINT('',(-0.0170372502878652,0.0377936046176723,0.00100000025));
#8213=CARTESIAN_POINT('',(-0.0170312994736628,0.0372782115132293,0.001));
#8214=CARTESIAN_POINT('',(-0.0171344730703492,0.0377936531412932,0.001));
#8215=CARTESIAN_POINT('',(-0.0172316952925714,0.0377936531412932,0.001));
#8216=CARTESIAN_POINT('',(-0.017231695046532,0.0377936977433411,0.001));
#8217=CARTESIAN_POINT('',(-0.0171344730703492,0.0377936531412932,0.001));
#8218=CARTESIAN_POINT('',(-0.0172346103158403,0.0372652173978627,0.001));
#8219=CARTESIAN_POINT('',(-0.0176192537883452,0.0376277039761617,0.001));
#8220=CARTESIAN_POINT('',(-0.0176192537883452,0.0376277039761617,0.001));
#8221=CARTESIAN_POINT('',(-0.0172346103158403,0.0372652173978627,0.001));
#8222=CARTESIAN_POINT('',(-0.0172525239663578,0.0372419976090465,0.001));
#8223=CARTESIAN_POINT('',(-0.0177846466814603,0.0372391826551821,0.001));
#8224=CARTESIAN_POINT('',(-0.0177846925566508,0.0372391824125003,0.00100000025));
#8225=CARTESIAN_POINT('',(-0.0172525239663578,0.0372419976090465,0.001));
#8226=CARTESIAN_POINT('',(-0.0177846466814603,0.0359752937662932,0.001));
#8227=CARTESIAN_POINT('',(-0.0177846466814603,0.0347114048774044,0.001));
#8228=CARTESIAN_POINT('',(-0.0177846466814603,0.0347114048774044,0.001));
#8229=CARTESIAN_POINT('',(-0.0177846466814603,0.0359752937662932,0.001));
#8230=CARTESIAN_POINT('',(-0.0181302412995159,0.0339822382107377,0.001));
#8231=CARTESIAN_POINT('',(-0.0181302412995159,0.0339822382107377,0.002));
#8232=CARTESIAN_POINT('',(-0.0178998448874788,0.0342090900625896,0.001));
#8233=CARTESIAN_POINT('',(-0.0178998448874788,0.0342090900625896,0.002));
#8234=CARTESIAN_POINT('',(-0.0177846466814603,0.0344521456181451,0.001));
#8235=CARTESIAN_POINT('',(-0.0177846466814603,0.0344521456181451,0.002));
#8236=CARTESIAN_POINT('',(-0.0177846466814603,0.0347114048774044,0.001));
#8237=CARTESIAN_POINT('',(-0.0177846466814603,0.0347114048774044,0.002));
#8238=CARTESIAN_POINT('',(-0.0181302412995159,0.0339822382107377,0.001));
#8239=CARTESIAN_POINT('',(-0.0181302412995159,0.0339822382107377,0.001));
#8240=CARTESIAN_POINT('',(-0.0181302412995159,0.0339822382107377,0.001));
#8241=CARTESIAN_POINT('',(-0.0177846466814603,0.0343225159885155,0.001));
#8242=CARTESIAN_POINT('',(-0.0177846466814603,0.0347114048774044,0.001));
#8243=CARTESIAN_POINT('',(-0.0188738393897936,0.0336419604329599,0.001));
#8244=CARTESIAN_POINT('',(-0.0188738393897936,0.0336419604329599,0.002));
#8245=CARTESIAN_POINT('',(-0.0186085037416455,0.0336419604329599,0.001));
#8246=CARTESIAN_POINT('',(-0.0186085037416455,0.0336419604329599,0.002));
#8247=CARTESIAN_POINT('',(-0.0183606377115529,0.0337553863588859,0.001));
#8248=CARTESIAN_POINT('',(-0.0183606377115529,0.0337553863588859,0.002));
#8249=CARTESIAN_POINT('',(-0.0181302412995159,0.0339822382107377,0.001));
#8250=CARTESIAN_POINT('',(-0.0181302412995159,0.0339822382107377,0.002));
#8251=CARTESIAN_POINT('',(-0.0188738393897936,0.0336419604329599,0.001));
#8252=CARTESIAN_POINT('',(-0.0188738393897936,0.0336419604329599,0.001));
#8253=CARTESIAN_POINT('',(-0.0188738393897936,0.0336419604329599,0.001));
#8254=CARTESIAN_POINT('',(-0.0184758359175714,0.0336419604329599,0.001));
#8255=CARTESIAN_POINT('',(-0.0181302412995159,0.0339822382107377,0.001));
#8256=CARTESIAN_POINT('',(-0.0194959097022937,0.0339047642524044,0.001));
#8257=CARTESIAN_POINT('',(-0.0194959097022937,0.0339047642524044,0.002));
#8258=CARTESIAN_POINT('',(-0.0193728628272937,0.0337295617061081,0.001));
#8259=CARTESIAN_POINT('',(-0.0193728628272937,0.0337295617061081,0.002));
#8260=CARTESIAN_POINT('',(-0.0191655060564603,0.0336419604329599,0.001));
#8261=CARTESIAN_POINT('',(-0.0191655060564603,0.0336419604329599,0.002));
#8262=CARTESIAN_POINT('',(-0.0188738393897936,0.0336419604329599,0.001));
#8263=CARTESIAN_POINT('',(-0.0188738393897936,0.0336419604329599,0.002));
#8264=CARTESIAN_POINT('',(-0.0194959097022937,0.0339047642524044,0.001));
#8265=CARTESIAN_POINT('',(-0.0194959097022937,0.0339047642524044,0.001));
#8266=CARTESIAN_POINT('',(-0.0194959097022937,0.0339047642524044,0.001));
#8267=CARTESIAN_POINT('',(-0.0193113393897936,0.0336419604329599,0.001));
#8268=CARTESIAN_POINT('',(-0.0188738393897936,0.0336419604329599,0.001));
#8269=CARTESIAN_POINT('',(-0.0196804800147937,0.0348481236274044,0.001));
#8270=CARTESIAN_POINT('',(-0.0196804800147937,0.0348481236274044,0.002));
#8271=CARTESIAN_POINT('',(-0.0196804800147937,0.0343944199237007,0.001));
#8272=CARTESIAN_POINT('',(-0.0196804800147937,0.0343944199237007,0.002));
#8273=CARTESIAN_POINT('',(-0.0196189565772937,0.0340799667987007,0.001));
#8274=CARTESIAN_POINT('',(-0.0196189565772937,0.0340799667987007,0.002));
#8275=CARTESIAN_POINT('',(-0.0194959097022937,0.0339047642524044,0.001));
#8276=CARTESIAN_POINT('',(-0.0194959097022937,0.0339047642524044,0.002));
#8277=CARTESIAN_POINT('',(-0.0196804800147937,0.0348481236274044,0.001));
#8278=CARTESIAN_POINT('',(-0.0196804800147937,0.0348481236274044,0.001));
#8279=CARTESIAN_POINT('',(-0.0196804800147937,0.0348481236274044,0.001));
#8280=CARTESIAN_POINT('',(-0.0196804800147937,0.0341675680718489,0.001));
#8281=CARTESIAN_POINT('',(-0.0194959097022937,0.0339047642524044,0.001));
#8282=CARTESIAN_POINT('',(-0.0196804800147937,0.0360436531412932,0.001));
#8283=CARTESIAN_POINT('',(-0.0196804800147937,0.0372391826551821,0.001));
#8284=CARTESIAN_POINT('',(-0.0196804249405179,0.0372391823899706,0.001));
#8285=CARTESIAN_POINT('',(-0.0196804800147937,0.0360436531412932,0.001));
#8286=CARTESIAN_POINT('',(-0.0202113976634594,0.0372417393020276,0.001));
#8287=CARTESIAN_POINT('',(-0.0198465448292532,0.0376275883268352,0.001));
#8288=CARTESIAN_POINT('',(-0.0198465446407659,0.0376275885153218,0.001));
#8289=CARTESIAN_POINT('',(-0.0202113976634594,0.0372417393020276,0.001));
#8290=CARTESIAN_POINT('',(-0.0202323938540595,0.0372627354926274,0.001));
#8291=CARTESIAN_POINT('',(-0.0202349505009047,0.0377936531412932,0.001));
#8292=CARTESIAN_POINT('',(-0.0202349507661163,0.0377937082155691,0.00100000025));
#8293=CARTESIAN_POINT('',(-0.0202323938540595,0.0372627354926274,0.001));
#8294=CARTESIAN_POINT('',(-0.0203131840078492,0.0377936531412932,0.001));
#8295=CARTESIAN_POINT('',(-0.0203914175147937,0.0377936531412932,0.001));
#8296=CARTESIAN_POINT('',(-0.0203914172687543,0.0377936977433414,0.001));
#8297=CARTESIAN_POINT('',(-0.0203131840078492,0.0377936531412932,0.001));
#8298=CARTESIAN_POINT('',(-0.0203943325380529,0.0372652173978344,0.001));
#8299=CARTESIAN_POINT('',(-0.0207789760106003,0.0376277039761303,0.001));
#8300=CARTESIAN_POINT('',(-0.0207789760106003,0.0376277039761303,0.001));
#8301=CARTESIAN_POINT('',(-0.0203943325380529,0.0372652173978344,0.001));
#8302=CARTESIAN_POINT('',(-0.0204122461885801,0.0372419976090465,0.001));
#8303=CARTESIAN_POINT('',(-0.0209443689036826,0.0372391826551821,0.001));
#8304=CARTESIAN_POINT('',(-0.020944414778873,0.0372391824125003,0.00100000025));
#8305=CARTESIAN_POINT('',(-0.0204122461885801,0.0372419976090465,0.001));
#8306=CARTESIAN_POINT('',(-0.0209443689036826,0.0359752937662932,0.001));
#8307=CARTESIAN_POINT('',(-0.0209443689036826,0.0347114048774044,0.001));
#8308=CARTESIAN_POINT('',(-0.0209443689036826,0.0347114048774044,0.001));
#8309=CARTESIAN_POINT('',(-0.0209443689036826,0.0359752937662932,0.001));
#8310=CARTESIAN_POINT('',(-0.0205554800147936,0.0331125550510155,0.001));
#8311=CARTESIAN_POINT('',(-0.0205554800147936,0.0331125550510155,0.002));
#8312=CARTESIAN_POINT('',(-0.0208147392740529,0.0334270081760155,0.001));
#8313=CARTESIAN_POINT('',(-0.0208147392740529,0.0334270081760155,0.002));
#8314=CARTESIAN_POINT('',(-0.0209443689036826,0.0339599581181451,0.001));
#8315=CARTESIAN_POINT('',(-0.0209443689036826,0.0339599581181451,0.002));
#8316=CARTESIAN_POINT('',(-0.0209443689036826,0.0347114048774044,0.001));
#8317=CARTESIAN_POINT('',(-0.0209443689036826,0.0347114048774044,0.002));
#8318=CARTESIAN_POINT('',(-0.0205554800147936,0.0331125550510155,0.001));
#8319=CARTESIAN_POINT('',(-0.0209443689036826,0.0335842347385155,0.001));
#8320=CARTESIAN_POINT('',(-0.0209443689036826,0.0347114048774044,0.001));
#8321=CARTESIAN_POINT('',(-0.0220496327925714,0.0362380975857377,0.001));
#8322=CARTESIAN_POINT('',(-0.00583163018840476,0.0362867086968489,0.001));
#8323=CARTESIAN_POINT('',(-0.00482522827868254,0.0332637052246266,0.001));
#8324=CARTESIAN_POINT('',(-0.00482513050088722,0.03326374106879,0.001));
#8325=CARTESIAN_POINT('',(-0.00583163018840476,0.0362867086968489,0.001));
#8326=CARTESIAN_POINT('',(-0.00683774881887594,0.0393098205157457,0.00100000025));
#8327=CARTESIAN_POINT('',(-0.00683803209812698,0.039309712169071,0.001));
#8328=CARTESIAN_POINT('',(-0.00405797756597315,0.0335449701048198,0.001));
#8329=CARTESIAN_POINT('',(-0.00453811890368254,0.032883930919071,0.001));
#8330=CARTESIAN_POINT('',(-0.00453803973653031,0.0328840370764779,0.001));
#8331=CARTESIAN_POINT('',(-0.00405797756597315,0.0335449701048198,0.001));
#8332=CARTESIAN_POINT('',(-0.00410021833954119,0.033467364753341,0.001));
#8333=CARTESIAN_POINT('',(-0.00409606161201588,0.0327380975857378,0.001));
#8334=CARTESIAN_POINT('',(-0.00409606177278758,0.0327381257919463,0.00100000025));
#8335=CARTESIAN_POINT('',(-0.00410021833954119,0.033467364753341,0.001));
#8336=CARTESIAN_POINT('',(-0.00392060588284921,0.0327380975857378,0.001));
#8337=CARTESIAN_POINT('',(-0.00374515015368254,0.0327380975857378,0.001));
#8338=CARTESIAN_POINT('',(-0.0037451481251614,0.0327382567968599,0.001));
#8339=CARTESIAN_POINT('',(-0.00392060588284921,0.0327380975857378,0.001));
#8340=CARTESIAN_POINT('',(-0.00373568209105111,0.0334812108058549,0.001));
#8341=CARTESIAN_POINT('',(-0.00329397827868254,0.032883930919071,0.001));
#8342=CARTESIAN_POINT('',(-0.00329401980726815,0.0328839884300827,0.001));
#8343=CARTESIAN_POINT('',(-0.00373568209105111,0.0334812108058549,0.001));
#8344=CARTESIAN_POINT('',(-0.00373937820418791,0.0335015747578441,0.001));
#8345=CARTESIAN_POINT('',(-0.00301598348701587,0.0332637052246266,0.001));
#8346=CARTESIAN_POINT('',(-0.0030160561226327,0.0332637291089595,0.00100000025));
#8347=CARTESIAN_POINT('',(-0.00373937820418791,0.0335015747578441,0.001));
#8348=CARTESIAN_POINT('',(-0.00201034112590477,0.0362867086968489,0.001));
#8349=CARTESIAN_POINT('',(-0.00100469876479365,0.039309712169071,0.001));
#8350=CARTESIAN_POINT('',(-0.00100499755140212,0.0393098293367922,0.001));
#8351=CARTESIAN_POINT('',(-0.00201034112590477,0.0362867086968489,0.001));
#8352=CARTESIAN_POINT('',(-0.00135430066909681,0.039446806862328,0.001));
#8353=CARTESIAN_POINT('',(-0.00105255032729365,0.0396697382107377,0.001));
#8354=CARTESIAN_POINT('',(-0.00105269123366456,0.0396696357635686,0.001));
#8355=CARTESIAN_POINT('',(-0.00135430066909681,0.039446806862328,0.001));
#8356=CARTESIAN_POINT('',(-0.00136085740920662,0.0394654275752417,0.001));
#8357=CARTESIAN_POINT('',(-0.00137383938979365,0.0398353198079599,0.001));
#8358=CARTESIAN_POINT('',(-0.00137382871973993,0.0398350157888645,0.00100000025));
#8359=CARTESIAN_POINT('',(-0.00136085740920662,0.0394654275752417,0.001));
#8360=CARTESIAN_POINT('',(-0.00152954685507143,0.0398353198079599,0.001));
#8361=CARTESIAN_POINT('',(-0.00168525432034921,0.0398353198079599,0.001));
#8362=CARTESIAN_POINT('',(-0.00168525448112091,0.0398352916017514,0.001));
#8363=CARTESIAN_POINT('',(-0.00152954685507143,0.0398353198079599,0.001));
#8364=CARTESIAN_POINT('',(-0.0016894110478745,0.0391060526403569,0.001));
#8365=CARTESIAN_POINT('',(-0.00212722278932386,0.0396892219813195,0.001));
#8366=CARTESIAN_POINT('',(-0.00212722278932386,0.0396892219813195,0.001));
#8367=CARTESIAN_POINT('',(-0.0016894110478745,0.0391060526403569,0.001));
#8368=CARTESIAN_POINT('',(-0.00171839496212775,0.0391172832004023,0.001));
#8369=CARTESIAN_POINT('',(-0.00239467272312699,0.039309712169071,0.001));
#8370=CARTESIAN_POINT('',(-0.00239462950863179,0.0393096998727614,0.00100000025));
#8371=CARTESIAN_POINT('',(-0.00171839496212775,0.0391172832004023,0.001));
#8372=CARTESIAN_POINT('',(-0.0031481449453492,0.0366945863010155,0.001));
#8373=CARTESIAN_POINT('',(-0.00390163937723116,0.0340793833484252,0.001));
#8374=CARTESIAN_POINT('',(-0.00390163937723116,0.0340793833484252,0.001));
#8375=CARTESIAN_POINT('',(-0.0031481449453492,0.0366945863010155,0.001));
#8376=CARTESIAN_POINT('',(-0.00390986959026233,0.0340786311291044,0.001));
#8377=CARTESIAN_POINT('',(-0.00391149129951587,0.0340705272841227,0.001));
#8378=CARTESIAN_POINT('',(-0.00391149129951588,0.0340703458496266,0.001));
#8379=CARTESIAN_POINT('',(-0.00390986959026233,0.0340786311291044,0.001));
#8380=CARTESIAN_POINT('',(-0.00391311300876941,0.0340786311291044,0.001));
#8381=CARTESIAN_POINT('',(-0.00392134328318844,0.0340793826764631,0.001));
#8382=CARTESIAN_POINT('',(-0.00392134328318844,0.0340793826764631,0.001));
#8383=CARTESIAN_POINT('',(-0.00391311300876941,0.0340786311291044,0.001));
#8384=CARTESIAN_POINT('',(-0.0046649635217381,0.0366900290093488,0.001));
#8385=CARTESIAN_POINT('',(-0.00540856161201588,0.0393005975857377,0.001));
#8386=CARTESIAN_POINT('',(-0.00540846851243088,0.0393006205409588,0.001));
#8387=CARTESIAN_POINT('',(-0.0046649635217381,0.0366900290093488,0.001));
#8388=CARTESIAN_POINT('',(-0.00605211607164229,0.039141918737648,0.001));
#8389=CARTESIAN_POINT('',(-0.00567060588284921,0.03968492918296,0.001));
#8390=CARTESIAN_POINT('',(-0.00567078216961071,0.0396846776688743,0.001));
#8391=CARTESIAN_POINT('',(-0.00605211607164229,0.039141918737648,0.001));
#8392=CARTESIAN_POINT('',(-0.00611780939652904,0.0390982006887983,0.001));
#8393=CARTESIAN_POINT('',(-0.00611798001479365,0.0398353198079599,0.001));
#8394=CARTESIAN_POINT('',(-0.00611798003123139,0.03983539082362,0.00100000025));
#8395=CARTESIAN_POINT('',(-0.00611780939652904,0.0390982006887983,0.001));
#8396=CARTESIAN_POINT('',(-0.0062926761953492,0.0398353198079599,0.001));
#8397=CARTESIAN_POINT('',(-0.00646737237590476,0.0398353198079599,0.001));
#8398=CARTESIAN_POINT('',(-0.00646738304595848,0.0398350157888645,0.001));
#8399=CARTESIAN_POINT('',(-0.0062926761953492,0.0398353198079599,0.001));
#8400=CARTESIAN_POINT('',(-0.00648035435649179,0.0394654275752417,0.001));
#8401=CARTESIAN_POINT('',(-0.00678788736536429,0.0396702744521602,0.001));
#8402=CARTESIAN_POINT('',(-0.00678788736536427,0.0396702744521602,0.001));
#8403=CARTESIAN_POINT('',(-0.00648035435649179,0.0394654275752417,0.001));
#8404=CARTESIAN_POINT('',(-0.0064844599799239,0.03944494396996,0.001));
#8405=CARTESIAN_POINT('',(-0.0064844599799239,0.03944494396996,0.001));
#8406=CARTESIAN_POINT('',(-0.0220496327925714,0.0362380975857377,0.001));
#8407=CARTESIAN_POINT('',(0.00463419012409524,0.0378620125162933,0.001));
#8408=CARTESIAN_POINT('',(0.00463419012409524,0.0378620125162933,0.002));
#8409=CARTESIAN_POINT('',(0.00463419012409524,0.0372523481644414,0.001));
#8410=CARTESIAN_POINT('',(0.00463419012409524,0.0372523481644414,0.002));
#8411=CARTESIAN_POINT('',(0.00444126477687302,0.0366672425510155,0.001));
#8412=CARTESIAN_POINT('',(0.00444126477687302,0.0366672425510155,0.002));
#8413=CARTESIAN_POINT('',(0.00405541408242857,0.0361066956760155,0.001));
#8414=CARTESIAN_POINT('',(0.00405541408242857,0.0361066956760155,0.002));
#8415=CARTESIAN_POINT('',(0.00463419012409524,0.0378620125162933,0.001));
#8416=CARTESIAN_POINT('',(0.00463419012409524,0.0378620125162933,0.001));
#8417=CARTESIAN_POINT('',(0.00463419012409524,0.0378620125162933,0.001));
#8418=CARTESIAN_POINT('',(0.00463419012409524,0.0369475159885155,0.001));
#8419=CARTESIAN_POINT('',(0.00405541408242857,0.0361066956760155,0.001));
#8420=CARTESIAN_POINT('',(0.00405541408242857,0.0361066956760155,0.001));
#8421=CARTESIAN_POINT('',(0.00405541408242857,0.0361066956760155,0.001));
#8422=CARTESIAN_POINT('',(0.00402199394353969,0.0393879456760155,0.001));
#8423=CARTESIAN_POINT('',(0.00402199394353969,0.0393879456760155,0.002));
#8424=CARTESIAN_POINT('',(0.00443012473057672,0.0390248814399044,0.001));
#8425=CARTESIAN_POINT('',(0.00443012473057672,0.0390248814399044,0.002));
#8426=CARTESIAN_POINT('',(0.00463419012409524,0.0385162370533303,0.001));
#8427=CARTESIAN_POINT('',(0.00463419012409524,0.0385162370533303,0.002));
#8428=CARTESIAN_POINT('',(0.00463419012409524,0.0378620125162933,0.001));
#8429=CARTESIAN_POINT('',(0.00463419012409524,0.0378620125162933,0.002));
#8430=CARTESIAN_POINT('',(0.00402199394353969,0.0393879456760155,0.001));
#8431=CARTESIAN_POINT('',(0.00402199394353969,0.0393879456760155,0.001));
#8432=CARTESIAN_POINT('',(0.00402199394353969,0.0393879456760155,0.001));
#8433=CARTESIAN_POINT('',(0.00463419012409524,0.0388433493218489,0.001));
#8434=CARTESIAN_POINT('',(0.00463419012409524,0.0378620125162933,0.001));
#8435=CARTESIAN_POINT('',(0.00227199394353969,0.0399325420301821,0.001));
#8436=CARTESIAN_POINT('',(0.00227199394353969,0.0399325420301821,0.002));
#8437=CARTESIAN_POINT('',(0.00303052982316931,0.0399325420301821,0.001));
#8438=CARTESIAN_POINT('',(0.00303052982316931,0.0399325420301821,0.002));
#8439=CARTESIAN_POINT('',(0.00361386315650264,0.0397510099121266,0.001));
#8440=CARTESIAN_POINT('',(0.00361386315650264,0.0397510099121266,0.002));
#8441=CARTESIAN_POINT('',(0.00402199394353969,0.0393879456760155,0.001));
#8442=CARTESIAN_POINT('',(0.00402199394353969,0.0393879456760155,0.002));
#8443=CARTESIAN_POINT('',(0.00227199394353969,0.0399325420301821,0.001));
#8444=CARTESIAN_POINT('',(0.00227199394353969,0.0399325420301821,0.001));
#8445=CARTESIAN_POINT('',(0.00227199394353969,0.0399325420301821,0.001));
#8446=CARTESIAN_POINT('',(0.00340979776298413,0.0399325420301821,0.001));
#8447=CARTESIAN_POINT('',(0.00402199394353969,0.0393879456760155,0.001));
#8448=CARTESIAN_POINT('',(0.00230495747468855,0.0339873223279409,0.001));
#8449=CARTESIAN_POINT('',(0.000648079012984131,0.0396986010579599,0.001));
#8450=CARTESIAN_POINT('',(0.000648175197278579,0.0396982704851035,0.001));
#8451=CARTESIAN_POINT('',(0.00230495747468855,0.0339873223279409,0.001));
#8452=CARTESIAN_POINT('',(0.000825831578512302,0.0390674132066209,0.001));
#8453=CARTESIAN_POINT('',(0.000273621547706347,0.0394221253635155,0.001));
#8454=CARTESIAN_POINT('',(0.000273837673918649,0.0394219879771541,0.001));
#8455=CARTESIAN_POINT('',(0.000825831578512302,0.0390674132066209,0.001));
#8456=CARTESIAN_POINT('',(0.000943958886170202,0.0389658581426041,0.001));
#8457=CARTESIAN_POINT('',(0.000133105054650792,0.0389603198079599,0.001));
#8458=CARTESIAN_POINT('',(0.000133169719874965,0.0389603202496396,0.00100000025));
#8459=CARTESIAN_POINT('',(0.000943958886170202,0.0389658581426041,0.001));
#8460=CARTESIAN_POINT('',(0.000133105054650792,0.0388775290093488,0.001));
#8461=CARTESIAN_POINT('',(0.000133105054650792,0.0387947382107377,0.001));
#8462=CARTESIAN_POINT('',(0.00013312490146097,0.0387947378550707,0.001));
#8463=CARTESIAN_POINT('',(0.000133105054650792,0.0388775290093488,0.001));
#8464=CARTESIAN_POINT('',(0.000464688916885423,0.038788796024411,0.001));
#8465=CARTESIAN_POINT('',(0.000293369811595237,0.0385038310926821,0.001));
#8466=CARTESIAN_POINT('',(0.000293582040580706,0.0385042293946649,0.001));
#8467=CARTESIAN_POINT('',(0.000464688916885423,0.038788796024411,0.001));
#8468=CARTESIAN_POINT('',(0.00049090880034478,0.0387868329233285,0.001));
#8469=CARTESIAN_POINT('',(0.000638964429650793,0.0384742086968488,0.001));
#8470=CARTESIAN_POINT('',(0.000638964429650793,0.0384742086968488,0.001));
#8471=CARTESIAN_POINT('',(0.00049090880034478,0.0387868329233285,0.001));
#8472=CARTESIAN_POINT('',(0.00207754949909523,0.0388053718912933,0.001));
#8473=CARTESIAN_POINT('',(0.00207754949909523,0.0388053718912933,0.002));
#8474=CARTESIAN_POINT('',(0.00168157148983598,0.0388053718912933,0.001));
#8475=CARTESIAN_POINT('',(0.00168157148983598,0.0388053718912933,0.002));
#8476=CARTESIAN_POINT('',(0.0012020431333545,0.0386949841598118,0.001));
#8477=CARTESIAN_POINT('',(0.0012020431333545,0.0386949841598118,0.002));
#8478=CARTESIAN_POINT('',(0.000638964429650793,0.0384742086968488,0.001));
#8479=CARTESIAN_POINT('',(0.000638964429650793,0.0384742086968488,0.002));
#8480=CARTESIAN_POINT('',(0.00207754949909523,0.0388053718912933,0.001));
#8481=CARTESIAN_POINT('',(0.00207754949909523,0.0388053718912933,0.001));
#8482=CARTESIAN_POINT('',(0.00207754949909523,0.0388053718912933,0.001));
#8483=CARTESIAN_POINT('',(0.00148358248520635,0.0388053718912933,0.001));
#8484=CARTESIAN_POINT('',(0.000638964429650793,0.0384742086968488,0.001));
#8485=CARTESIAN_POINT('',(0.00323358248520634,0.0377252937662933,0.001));
#8486=CARTESIAN_POINT('',(0.00323358248520634,0.0377252937662933,0.002));
#8487=CARTESIAN_POINT('',(0.00323358248520634,0.0384453458496266,0.001));
#8488=CARTESIAN_POINT('',(0.00323358248520634,0.0384453458496266,0.002));
#8489=CARTESIAN_POINT('',(0.00284823815650264,0.0388053718912933,0.001));
#8490=CARTESIAN_POINT('',(0.00284823815650264,0.0388053718912933,0.002));
#8491=CARTESIAN_POINT('',(0.00207754949909523,0.0388053718912933,0.001));
#8492=CARTESIAN_POINT('',(0.00207754949909523,0.0388053718912933,0.002));
#8493=CARTESIAN_POINT('',(0.00323358248520634,0.0377252937662933,0.001));
#8494=CARTESIAN_POINT('',(0.00323358248520634,0.0377252937662933,0.001));
#8495=CARTESIAN_POINT('',(0.00323358248520634,0.0377252937662933,0.001));
#8496=CARTESIAN_POINT('',(0.00323358248520634,0.0388053718912933,0.001));
#8497=CARTESIAN_POINT('',(0.00207754949909523,0.0388053718912933,0.001));
#8498=CARTESIAN_POINT('',(0.00266012328381747,0.0362669604329599,0.001));
#8499=CARTESIAN_POINT('',(0.00266012328381747,0.0362669604329599,0.002));
#8500=CARTESIAN_POINT('',(0.00304242941807672,0.0367662370533303,0.001));
#8501=CARTESIAN_POINT('',(0.00304242941807672,0.0367662370533303,0.002));
#8502=CARTESIAN_POINT('',(0.00323358248520634,0.0372523481644414,0.001));
#8503=CARTESIAN_POINT('',(0.00323358248520634,0.0372523481644414,0.002));
#8504=CARTESIAN_POINT('',(0.00323358248520634,0.0377252937662933,0.001));
#8505=CARTESIAN_POINT('',(0.00323358248520634,0.0377252937662933,0.002));
#8506=CARTESIAN_POINT('',(0.00266012328381747,0.0362669604329599,0.001));
#8507=CARTESIAN_POINT('',(0.00266012328381747,0.0362669604329599,0.001));
#8508=CARTESIAN_POINT('',(0.00266012328381747,0.0362669604329599,0.001));
#8509=CARTESIAN_POINT('',(0.00323358248520634,0.0370158753635155,0.001));
#8510=CARTESIAN_POINT('',(0.00323358248520634,0.0377252937662933,0.001));
#8511=CARTESIAN_POINT('',(0.000405023457428571,0.0341766826551822,0.001));
#8512=CARTESIAN_POINT('',(0.000405023457428571,0.0341766826551822,0.002));
#8513=CARTESIAN_POINT('',(0.00152611720742857,0.0350709245533303,0.001));
#8514=CARTESIAN_POINT('',(0.00152611720742857,0.0350709245533303,0.002));
#8515=CARTESIAN_POINT('',(0.00227781714955821,0.0357676838125896,0.001));
#8516=CARTESIAN_POINT('',(0.00227781714955821,0.0357676838125896,0.002));
#8517=CARTESIAN_POINT('',(0.00266012328381747,0.0362669604329599,0.001));
#8518=CARTESIAN_POINT('',(0.00266012328381747,0.0362669604329599,0.002));
#8519=CARTESIAN_POINT('',(0.000405023457428571,0.0341766826551822,0.001));
#8520=CARTESIAN_POINT('',(0.000405023457428571,0.0341766826551822,0.001));
#8521=CARTESIAN_POINT('',(0.000405023457428571,0.0341766826551822,0.001));
#8522=CARTESIAN_POINT('',(0.00208666408242858,0.0355180455024044,0.001));
#8523=CARTESIAN_POINT('',(0.00266012328381747,0.0362669604329599,0.001));
#8524=CARTESIAN_POINT('',(-1.27282786825389E-5,0.0332925680718489,0.001));
#8525=CARTESIAN_POINT('',(-1.27282786825389E-5,0.0332925680718489,0.002));
#8526=CARTESIAN_POINT('',(-1.27282786825389E-5,0.0336622150625896,0.001));
#8527=CARTESIAN_POINT('',(-1.27282786825389E-5,0.0336622150625896,0.002));
#8528=CARTESIAN_POINT('',(0.000126522300021165,0.0339569199237007,0.001));
#8529=CARTESIAN_POINT('',(0.000126522300021165,0.0339569199237007,0.002));
#8530=CARTESIAN_POINT('',(0.000405023457428571,0.0341766826551822,0.001));
#8531=CARTESIAN_POINT('',(0.000405023457428571,0.0341766826551822,0.002));
#8532=CARTESIAN_POINT('',(-1.27282786825389E-5,0.0332925680718489,0.001));
#8533=CARTESIAN_POINT('',(-1.27282786825389E-5,0.0332925680718489,0.001));
#8534=CARTESIAN_POINT('',(-1.27282786825389E-5,0.0332925680718489,0.001));
#8535=CARTESIAN_POINT('',(-1.27282786825389E-5,0.03384703855796,0.001));
#8536=CARTESIAN_POINT('',(0.000405023457428571,0.0341766826551822,0.001));
#8537=CARTESIAN_POINT('',(0.000526997372389291,0.0332882321227325,0.001));
#8538=CARTESIAN_POINT('',(0.000147536478261906,0.03290367918296,0.001));
#8539=CARTESIAN_POINT('',(0.000147738880245381,0.0329038822195018,0.001));
#8540=CARTESIAN_POINT('',(0.000526997372389291,0.0332882321227325,0.001));
#8541=CARTESIAN_POINT('',(0.000526071960353046,0.033251838209238,0.001));
#8542=CARTESIAN_POINT('',(0.000531108526873013,0.0327380975857378,0.001));
#8543=CARTESIAN_POINT('',(0.000531108338748317,0.0327381167748616,0.00100000025));
#8544=CARTESIAN_POINT('',(0.000526071960353046,0.033251838209238,0.001));
#8545=CARTESIAN_POINT('',(0.00231528821437301,0.0327380975857378,0.001));
#8546=CARTESIAN_POINT('',(0.00409946790187301,0.0327380975857378,0.001));
#8547=CARTESIAN_POINT('',(0.0040994676366615,0.0327380425114624,0.001));
#8548=CARTESIAN_POINT('',(0.00231528821437301,0.0327380975857378,0.001));
#8549=CARTESIAN_POINT('',(0.00410202454872026,0.0332690152344045,0.001));
#8550=CARTESIAN_POINT('',(0.00448787357350419,0.032904162400173,0.001));
#8551=CARTESIAN_POINT('',(0.00448787376200231,0.0329041622116972,0.001));
#8552=CARTESIAN_POINT('',(0.00410202454872026,0.0332690152344045,0.001));
#8553=CARTESIAN_POINT('',(0.00412302073928856,0.0332900114250136,0.001));
#8554=CARTESIAN_POINT('',(0.00465393838798413,0.0332925680718489,0.001));
#8555=CARTESIAN_POINT('',(0.00465397427708099,0.0332925689276021,0.001));
#8556=CARTESIAN_POINT('',(0.00412302073928856,0.0332900114250136,0.001));
#8557=CARTESIAN_POINT('',(0.0041401977644839,0.0332976046383688,0.001));
#8558=CARTESIAN_POINT('',(0.00448835679076191,0.03367614012046,0.001));
#8559=CARTESIAN_POINT('',(0.00448816217496746,0.0336759300554896,0.001));
#8560=CARTESIAN_POINT('',(0.0041401977644839,0.0332976046383688,0.001));
#8561=CARTESIAN_POINT('',(0.0041038038509841,0.0332966792263173,0.001));
#8562=CARTESIAN_POINT('',(0.00409946790187301,0.0338364048774044,0.001));
#8563=CARTESIAN_POINT('',(0.00409946796078466,0.0338363975442639,0.00100000025));
#8564=CARTESIAN_POINT('',(0.0041038038509841,0.0332966792263173,0.001));
#8565=CARTESIAN_POINT('',(0.00295254949909524,0.0338364048774044,0.001));
#8566=CARTESIAN_POINT('',(0.00180563109631747,0.0338364048774044,0.001));
#8567=CARTESIAN_POINT('',(0.00180561344467325,0.0338364965254479,0.001));
#8568=CARTESIAN_POINT('',(0.00295254949909524,0.0338364048774044,0.001));
#8569=CARTESIAN_POINT('',(0.00180390851097665,0.0338453486094654,0.001));
#8570=CARTESIAN_POINT('',(0.00179499741576191,0.0338462790093488,0.001));
#8571=CARTESIAN_POINT('',(0.00179474661346852,0.0338463696398098,0.001));
#8572=CARTESIAN_POINT('',(0.00180390851097665,0.0338453486094654,0.001));
#8573=CARTESIAN_POINT('',(0.00185344538078346,0.0338266909455883,0.001));
#8574=CARTESIAN_POINT('',(0.0018147456796508,0.0338759014051822,0.001));
#8575=CARTESIAN_POINT('',(0.0018147456796508,0.0338759014051822,0.001));
#8576=CARTESIAN_POINT('',(0.00185344538078346,0.0338266909455883,0.001));
#8577=CARTESIAN_POINT('',(0.00405541408242857,0.0361066956760155,0.001));
#8578=CARTESIAN_POINT('',(0.00405541408242857,0.0361066956760155,0.002));
#8579=CARTESIAN_POINT('',(0.00366956338798413,0.0355461488010155,0.001));
#8580=CARTESIAN_POINT('',(0.00366956338798413,0.0355461488010155,0.002));
#8581=CARTESIAN_POINT('',(0.00292267392039153,0.0348025507107377,0.001));
#8582=CARTESIAN_POINT('',(0.00292267392039153,0.0348025507107377,0.002));
#8583=CARTESIAN_POINT('',(0.0018147456796508,0.0338759014051822,0.001));
#8584=CARTESIAN_POINT('',(0.0018147456796508,0.0338759014051822,0.002));
#8585=CARTESIAN_POINT('',(0.00405541408242857,0.0361066956760155,0.001));
#8586=CARTESIAN_POINT('',(0.0034766380407619,0.0352658753635155,0.001));
#8587=CARTESIAN_POINT('',(0.0018147456796508,0.0338759014051822,0.001));
#8588=CARTESIAN_POINT('',(-0.0220496327925714,0.0362380975857377,0.001));
#8589=CARTESIAN_POINT('',(-0.0145518846213862,0.0332665333291965,0.001));
#8590=CARTESIAN_POINT('',(-0.014548969598127,0.0327380975857377,0.001));
#8591=CARTESIAN_POINT('',(-0.0145489693520876,0.0327380529836895,0.00100000025));
#8592=CARTESIAN_POINT('',(-0.0145518846213862,0.0332665333291965,0.001));
#8593=CARTESIAN_POINT('',(-0.0149365280939336,0.0329040467509006,0.001));
#8594=CARTESIAN_POINT('',(-0.0149365280939336,0.0329040467509006,0.001));
#8595=CARTESIAN_POINT('',(-0.0144950416467381,0.0327380975857377,0.001));
#8596=CARTESIAN_POINT('',(-0.0144411136953492,0.0327380975857377,0.001));
#8597=CARTESIAN_POINT('',(-0.0144411084272077,0.0327383371854493,0.001));
#8598=CARTESIAN_POINT('',(-0.0144950416467381,0.0327380975857377,0.001));
#8599=CARTESIAN_POINT('',(-0.0144293405349807,0.033273551276613,0.001));
#8600=CARTESIAN_POINT('',(-0.0140476675147936,0.0328983623426821,0.001));
#8601=CARTESIAN_POINT('',(-0.0140477026976306,0.0328983965131986,0.001));
#8602=CARTESIAN_POINT('',(-0.0144293405349807,0.033273551276613,0.001));
#8603=CARTESIAN_POINT('',(-0.0144441289234972,0.0333026055154161,0.001));
#8604=CARTESIAN_POINT('',(-0.0138775286259048,0.0332925680718489,0.001));
#8605=CARTESIAN_POINT('',(-0.0138777742749122,0.0332925724235727,0.00100000025));
#8606=CARTESIAN_POINT('',(-0.0144441289234972,0.0333026055154161,0.001));
#8607=CARTESIAN_POINT('',(-0.0138729713342381,0.0333267477593489,0.001));
#8608=CARTESIAN_POINT('',(-0.013868396580041,0.0333610584158273,0.001));
#8609=CARTESIAN_POINT('',(-0.013868396580041,0.0333610584158273,0.001));
#8610=CARTESIAN_POINT('',(-0.0138729713342381,0.0333267477593489,0.001));
#8611=CARTESIAN_POINT('',(-0.0138601616198805,0.0333617567507044,0.001));
#8612=CARTESIAN_POINT('',(-0.013858539910627,0.0333700420301822,0.001));
#8613=CARTESIAN_POINT('',(-0.0138585572652195,0.0333700191695056,0.001));
#8614=CARTESIAN_POINT('',(-0.0138601616198805,0.0333617567507044,0.001));
#8615=CARTESIAN_POINT('',(-0.0138610305513018,0.0333377309983182,0.001));
#8616=CARTESIAN_POINT('',(-0.013838032098127,0.0333609274468488,0.001));
#8617=CARTESIAN_POINT('',(-0.013838032098127,0.0333609274468488,0.001));
#8618=CARTESIAN_POINT('',(-0.0138610305513018,0.0333377309983182,0.001));
#8619=CARTESIAN_POINT('',(-0.0123128584870159,0.0326408753635155,0.001));
#8620=CARTESIAN_POINT('',(-0.0123128584870159,0.0326408753635155,0.002));
#8621=CARTESIAN_POINT('',(-0.0129022682092381,0.0326408753635155,0.001));
#8622=CARTESIAN_POINT('',(-0.0129022682092381,0.0326408753635155,0.002));
#8623=CARTESIAN_POINT('',(-0.0134106594129418,0.0328808927246266,0.001));
#8624=CARTESIAN_POINT('',(-0.0134106594129418,0.0328808927246266,0.002));
#8625=CARTESIAN_POINT('',(-0.013838032098127,0.0333609274468488,0.001));
#8626=CARTESIAN_POINT('',(-0.013838032098127,0.0333609274468488,0.002));
#8627=CARTESIAN_POINT('',(-0.0123128584870159,0.0326408753635155,0.001));
#8628=CARTESIAN_POINT('',(-0.0123128584870159,0.0326408753635155,0.001));
#8629=CARTESIAN_POINT('',(-0.0123128584870159,0.0326408753635155,0.001));
#8630=CARTESIAN_POINT('',(-0.0131969730703492,0.0326408753635155,0.001));
#8631=CARTESIAN_POINT('',(-0.013838032098127,0.0333609274468488,0.001));
#8632=CARTESIAN_POINT('',(-0.0108735138689603,0.0333457364746266,0.001));
#8633=CARTESIAN_POINT('',(-0.0108735138689603,0.0333457364746266,0.002));
#8634=CARTESIAN_POINT('',(-0.0112558200032196,0.0328758290672192,0.001));
#8635=CARTESIAN_POINT('',(-0.0112558200032196,0.0328758290672192,0.002));
#8636=CARTESIAN_POINT('',(-0.0117356015425714,0.0326408753635155,0.001));
#8637=CARTESIAN_POINT('',(-0.0117356015425714,0.0326408753635155,0.002));
#8638=CARTESIAN_POINT('',(-0.0123128584870159,0.0326408753635155,0.001));
#8639=CARTESIAN_POINT('',(-0.0123128584870159,0.0326408753635155,0.002));
#8640=CARTESIAN_POINT('',(-0.0108735138689603,0.0333457364746266,0.001));
#8641=CARTESIAN_POINT('',(-0.0108735138689603,0.0333457364746266,0.001));
#8642=CARTESIAN_POINT('',(-0.0108735138689603,0.0333457364746266,0.001));
#8643=CARTESIAN_POINT('',(-0.0114469730703492,0.0326408753635155,0.001));
#8644=CARTESIAN_POINT('',(-0.0123128584870159,0.0326408753635155,0.001));
#8645=CARTESIAN_POINT('',(-0.0103000546675714,0.0352658753635155,0.001));
#8646=CARTESIAN_POINT('',(-0.0103000546675714,0.0352658753635155,0.002));
#8647=CARTESIAN_POINT('',(-0.0103000546675714,0.0344556901783303,0.001));
#8648=CARTESIAN_POINT('',(-0.0103000546675714,0.0344556901783303,0.002));
#8649=CARTESIAN_POINT('',(-0.0104912077347011,0.033815643882034,0.001));
#8650=CARTESIAN_POINT('',(-0.0104912077347011,0.033815643882034,0.002));
#8651=CARTESIAN_POINT('',(-0.0108735138689603,0.0333457364746266,0.001));
#8652=CARTESIAN_POINT('',(-0.0108735138689603,0.0333457364746266,0.002));
#8653=CARTESIAN_POINT('',(-0.0103000546675714,0.0352658753635155,0.001));
#8654=CARTESIAN_POINT('',(-0.0103000546675714,0.0352658753635155,0.001));
#8655=CARTESIAN_POINT('',(-0.0103000546675714,0.0352658753635155,0.001));
#8656=CARTESIAN_POINT('',(-0.0103000546675714,0.0340505975857377,0.001));
#8657=CARTESIAN_POINT('',(-0.0108735138689603,0.0333457364746266,0.001));
#8658=CARTESIAN_POINT('',(-0.0108492083134048,0.0372057625162933,0.001));
#8659=CARTESIAN_POINT('',(-0.0108492083134048,0.0372057625162933,0.002));
#8660=CARTESIAN_POINT('',(-0.0104831058828492,0.0367490206181451,0.001));
#8661=CARTESIAN_POINT('',(-0.0104831058828492,0.0367490206181451,0.002));
#8662=CARTESIAN_POINT('',(-0.0103000546675714,0.0361023915672192,0.001));
#8663=CARTESIAN_POINT('',(-0.0103000546675714,0.0361023915672192,0.002));
#8664=CARTESIAN_POINT('',(-0.0103000546675714,0.0352658753635155,0.001));
#8665=CARTESIAN_POINT('',(-0.0103000546675714,0.0352658753635155,0.002));
#8666=CARTESIAN_POINT('',(-0.0108492083134048,0.0372057625162933,0.001));
#8667=CARTESIAN_POINT('',(-0.0108492083134048,0.0372057625162933,0.001));
#8668=CARTESIAN_POINT('',(-0.0108492083134048,0.0372057625162933,0.001));
#8669=CARTESIAN_POINT('',(-0.0103000546675714,0.0365206496690711,0.001));
#8670=CARTESIAN_POINT('',(-0.0103000546675714,0.0352658753635155,0.001));
#8671=CARTESIAN_POINT('',(-0.0123128584870159,0.0378908753635155,0.001));
#8672=CARTESIAN_POINT('',(-0.0123128584870159,0.0378908753635155,0.002));
#8673=CARTESIAN_POINT('',(-0.011703194135164,0.0378908753635155,0.001));
#8674=CARTESIAN_POINT('',(-0.011703194135164,0.0378908753635155,0.002));
#8675=CARTESIAN_POINT('',(-0.0112153107439603,0.0376625044144414,0.001));
#8676=CARTESIAN_POINT('',(-0.0112153107439603,0.0376625044144414,0.002));
#8677=CARTESIAN_POINT('',(-0.0108492083134048,0.0372057625162933,0.001));
#8678=CARTESIAN_POINT('',(-0.0108492083134048,0.0372057625162933,0.002));
#8679=CARTESIAN_POINT('',(-0.0123128584870159,0.0378908753635155,0.001));
#8680=CARTESIAN_POINT('',(-0.0123128584870159,0.0378908753635155,0.001));
#8681=CARTESIAN_POINT('',(-0.0123128584870159,0.0378908753635155,0.001));
#8682=CARTESIAN_POINT('',(-0.0113983619592381,0.0378908753635155,0.001));
#8683=CARTESIAN_POINT('',(-0.0108492083134048,0.0372057625162933,0.001));
#8684=CARTESIAN_POINT('',(-0.0137711918203492,0.0372877937662933,0.001));
#8685=CARTESIAN_POINT('',(-0.0137711918203492,0.0372877937662933,0.002));
#8686=CARTESIAN_POINT('',(-0.0133498955240529,0.0376898481644414,0.001));
#8687=CARTESIAN_POINT('',(-0.0133498955240529,0.0376898481644414,0.002));
#8688=CARTESIAN_POINT('',(-0.0128637844129418,0.0378908753635155,0.001));
#8689=CARTESIAN_POINT('',(-0.0128637844129418,0.0378908753635155,0.002));
#8690=CARTESIAN_POINT('',(-0.0123128584870159,0.0378908753635155,0.001));
#8691=CARTESIAN_POINT('',(-0.0123128584870159,0.0378908753635155,0.002));
#8692=CARTESIAN_POINT('',(-0.0137711918203492,0.0372877937662933,0.001));
#8693=CARTESIAN_POINT('',(-0.0137711918203492,0.0372877937662933,0.001));
#8694=CARTESIAN_POINT('',(-0.0137711918203492,0.0372877937662933,0.001));
#8695=CARTESIAN_POINT('',(-0.0131392473759048,0.0378908753635155,0.001));
#8696=CARTESIAN_POINT('',(-0.0123128584870159,0.0378908753635155,0.001));
#8697=CARTESIAN_POINT('',(-0.0137917231617913,0.0373055897860603,0.001));
#8698=CARTESIAN_POINT('',(-0.013790180535627,0.03727867918296,0.001));
#8699=CARTESIAN_POINT('',(-0.0137901979891473,0.0372787157937542,0.001));
#8700=CARTESIAN_POINT('',(-0.0137917231617913,0.0373055897860603,0.001));
#8701=CARTESIAN_POINT('',(-0.0137918022448758,0.0372869644624417,0.001));
#8702=CARTESIAN_POINT('',(-0.0138000546675714,0.0372874114078358,0.001));
#8703=CARTESIAN_POINT('',(-0.0138000546675714,0.0372874114078357,0.001));
#8704=CARTESIAN_POINT('',(-0.0137918022448758,0.0372869644624417,0.001));
#8705=CARTESIAN_POINT('',(-0.0138000546675714,0.0383815437662932,0.001));
#8706=CARTESIAN_POINT('',(-0.0138000546675714,0.0394752937662932,0.001));
#8707=CARTESIAN_POINT('',(-0.013800008792381,0.0394752935236114,0.001));
#8708=CARTESIAN_POINT('',(-0.0138000546675714,0.0383815437662932,0.001));
#8709=CARTESIAN_POINT('',(-0.0143321773826739,0.0394781087201577,0.001));
#8710=CARTESIAN_POINT('',(-0.0139648767161825,0.0398641826551821,0.001));
#8711=CARTESIAN_POINT('',(-0.0139651053461512,0.0398639445122897,0.001));
#8712=CARTESIAN_POINT('',(-0.0143321773826739,0.0394781087201577,0.001));
#8713=CARTESIAN_POINT('',(-0.0143506818456862,0.0394996231077569,0.001));
#8714=CARTESIAN_POINT('',(-0.0143545251536825,0.0400297642524044,0.001));
#8715=CARTESIAN_POINT('',(-0.0143545252677208,0.0400297799827061,0.00100000025));
#8716=CARTESIAN_POINT('',(-0.0143506818456862,0.0394996231077569,0.001));
#8717=CARTESIAN_POINT('',(-0.0144517473759048,0.0400297642524044,0.001));
#8718=CARTESIAN_POINT('',(-0.014548969598127,0.0400297642524044,0.001));
#8719=CARTESIAN_POINT('',(-0.0145489693520876,0.0400298088544526,0.001));
#8720=CARTESIAN_POINT('',(-0.0144517473759048,0.0400297642524044,0.001));
#8721=CARTESIAN_POINT('',(-0.0145518846213862,0.0395013285089456,0.001));
#8722=CARTESIAN_POINT('',(-0.0149365280939336,0.0398638150872415,0.001));
#8723=CARTESIAN_POINT('',(-0.0149365280939336,0.0398638150872415,0.001));
#8724=CARTESIAN_POINT('',(-0.0145518846213862,0.0395013285089456,0.001));
#8725=CARTESIAN_POINT('',(-0.0145697982719133,0.0394781087201577,0.001));
#8726=CARTESIAN_POINT('',(-0.0151019209870158,0.0394752937662933,0.001));
#8727=CARTESIAN_POINT('',(-0.0151019668622063,0.0394752935236114,0.00100000025));
#8728=CARTESIAN_POINT('',(-0.0145697982719133,0.0394781087201577,0.001));
#8729=CARTESIAN_POINT('',(-0.0151019209870158,0.0363839309190711,0.001));
#8730=CARTESIAN_POINT('',(-0.0151019209870158,0.0332925680718489,0.001));
#8731=CARTESIAN_POINT('',(-0.0151019668622063,0.0332925683145307,0.001));
#8732=CARTESIAN_POINT('',(-0.0151019209870158,0.0363839309190711,0.001));
#8733=CARTESIAN_POINT('',(-0.0138198029314603,0.0352658753635155,0.001));
#8734=CARTESIAN_POINT('',(-0.0138198029314603,0.0352658753635155,0.002));
#8735=CARTESIAN_POINT('',(-0.0138198029314603,0.0359266826551822,0.002));
#8736=CARTESIAN_POINT('',(-0.0138198029314603,0.0346050680718489,0.002));
#8737=CARTESIAN_POINT('',(-0.0138198029314603,0.0359266826551822,0.001));
#8738=CARTESIAN_POINT('',(-0.0138198029314603,0.0359266826551822,0.001));
#8739=CARTESIAN_POINT('',(-0.0138198029314603,0.0352658753635155,0.001));
#8740=CARTESIAN_POINT('',(-0.0138198029314603,0.0346050680718489,0.001));
#8741=CARTESIAN_POINT('',(-0.0138198029314603,0.0346050680718489,0.001));
#8742=CARTESIAN_POINT('',(-0.0134886397370159,0.0366171123426821,0.001));
#8743=CARTESIAN_POINT('',(-0.0134886397370159,0.0366171123426821,0.002));
#8744=CARTESIAN_POINT('',(-0.0137094151999788,0.0364160851436081,0.001));
#8745=CARTESIAN_POINT('',(-0.0137094151999788,0.0364160851436081,0.002));
#8746=CARTESIAN_POINT('',(-0.0138198029314603,0.0361859419144414,0.001));
#8747=CARTESIAN_POINT('',(-0.0138198029314603,0.0361859419144414,0.002));
#8748=CARTESIAN_POINT('',(-0.0138198029314603,0.0359266826551822,0.001));
#8749=CARTESIAN_POINT('',(-0.0138198029314603,0.0359266826551822,0.002));
#8750=CARTESIAN_POINT('',(-0.0134886397370159,0.0366171123426821,0.002));
#8751=CARTESIAN_POINT('',(-0.0138198029314603,0.036315571544071,0.002));
#8752=CARTESIAN_POINT('',(-0.0138198029314603,0.0359266826551822,0.002));
#8753=CARTESIAN_POINT('',(-0.0134886397370159,0.0366171123426821,0.002));
#8754=CARTESIAN_POINT('',(-0.0134886397370159,0.0366171123426821,0.001));
#8755=CARTESIAN_POINT('',(-0.0134886397370159,0.0366171123426821,0.001));
#8756=CARTESIAN_POINT('',(-0.0134886397370159,0.0366171123426821,0.001));
#8757=CARTESIAN_POINT('',(-0.0138198029314603,0.036315571544071,0.001));
#8758=CARTESIAN_POINT('',(-0.0138198029314603,0.0359266826551822,0.001));
#8759=CARTESIAN_POINT('',(-0.0127217323136866,0.0357913137883359,0.001));
#8760=CARTESIAN_POINT('',(-0.0127217323136866,0.0357913137883359,0.002));
#8761=CARTESIAN_POINT('',(-0.0127017473759048,0.0369186531412932,0.002));
#8762=CARTESIAN_POINT('',(-0.0127017473759048,0.0369186531412932,0.001));
#8763=CARTESIAN_POINT('',(-0.0127017473759048,0.0369186531412932,0.001));
#8764=CARTESIAN_POINT('',(-0.0127217323136866,0.0357913137883359,0.001));
#8765=CARTESIAN_POINT('',(-0.0115836918203492,0.0352658753635155,0.001));
#8766=CARTESIAN_POINT('',(-0.0115836918203492,0.0352658753635155,0.002));
#8767=CARTESIAN_POINT('',(-0.0115836918203492,0.0363677272153673,0.001));
#8768=CARTESIAN_POINT('',(-0.0115836918203492,0.0363677272153673,0.002));
#8769=CARTESIAN_POINT('',(-0.0119563770055344,0.0369186531412932,0.001));
#8770=CARTESIAN_POINT('',(-0.0119563770055344,0.0369186531412932,0.002));
#8771=CARTESIAN_POINT('',(-0.0127017473759048,0.0369186531412932,0.001));
#8772=CARTESIAN_POINT('',(-0.0127017473759048,0.0369186531412932,0.002));
#8773=CARTESIAN_POINT('',(-0.0115836918203492,0.0352658753635155,0.002));
#8774=CARTESIAN_POINT('',(-0.0115836918203492,0.0369186531412932,0.002));
#8775=CARTESIAN_POINT('',(-0.0127017473759048,0.0369186531412932,0.002));
#8776=CARTESIAN_POINT('',(-0.0115836918203492,0.0352658753635155,0.002));
#8777=CARTESIAN_POINT('',(-0.0115836918203492,0.0352658753635155,0.001));
#8778=CARTESIAN_POINT('',(-0.0115836918203492,0.0352658753635155,0.001));
#8779=CARTESIAN_POINT('',(-0.0115836918203492,0.0352658753635155,0.001));
#8780=CARTESIAN_POINT('',(-0.0115836918203492,0.0369186531412932,0.001));
#8781=CARTESIAN_POINT('',(-0.0127017473759048,0.0369186531412932,0.001));
#8782=CARTESIAN_POINT('',(-0.0118844730703492,0.0340262920301821,0.001));
#8783=CARTESIAN_POINT('',(-0.0118844730703492,0.0340262920301821,0.002));
#8784=CARTESIAN_POINT('',(-0.0116839522370159,0.0343017549931451,0.001));
#8785=CARTESIAN_POINT('',(-0.0116839522370159,0.0343017549931451,0.002));
#8786=CARTESIAN_POINT('',(-0.0115836918203492,0.0347149494375896,0.001));
#8787=CARTESIAN_POINT('',(-0.0115836918203492,0.0347149494375896,0.002));
#8788=CARTESIAN_POINT('',(-0.0115836918203492,0.0352658753635155,0.001));
#8789=CARTESIAN_POINT('',(-0.0115836918203492,0.0352658753635155,0.002));
#8790=CARTESIAN_POINT('',(-0.0118844730703492,0.0340262920301821,0.002));
#8791=CARTESIAN_POINT('',(-0.0115836918203492,0.0344394864746266,0.002));
#8792=CARTESIAN_POINT('',(-0.0115836918203492,0.0352658753635155,0.002));
#8793=CARTESIAN_POINT('',(-0.0118844730703492,0.0340262920301821,0.002));
#8794=CARTESIAN_POINT('',(-0.0118844730703492,0.0340262920301821,0.001));
#8795=CARTESIAN_POINT('',(-0.0118844730703492,0.0340262920301821,0.001));
#8796=CARTESIAN_POINT('',(-0.0118844730703492,0.0340262920301821,0.001));
#8797=CARTESIAN_POINT('',(-0.0115836918203492,0.0344394864746266,0.001));
#8798=CARTESIAN_POINT('',(-0.0115836918203492,0.0352658753635155,0.001));
#8799=CARTESIAN_POINT('',(-0.0127017473759048,0.0336130975857377,0.001));
#8800=CARTESIAN_POINT('',(-0.0127017473759048,0.0336130975857377,0.002));
#8801=CARTESIAN_POINT('',(-0.0123574186722011,0.0336130975857377,0.001));
#8802=CARTESIAN_POINT('',(-0.0123574186722011,0.0336130975857377,0.002));
#8803=CARTESIAN_POINT('',(-0.0120849939036825,0.0337508290672192,0.001));
#8804=CARTESIAN_POINT('',(-0.0120849939036825,0.0337508290672192,0.002));
#8805=CARTESIAN_POINT('',(-0.0118844730703492,0.0340262920301821,0.001));
#8806=CARTESIAN_POINT('',(-0.0118844730703492,0.0340262920301821,0.002));
#8807=CARTESIAN_POINT('',(-0.0127017473759048,0.0336130975857377,0.002));
#8808=CARTESIAN_POINT('',(-0.0121852543203492,0.0336130975857377,0.002));
#8809=CARTESIAN_POINT('',(-0.0118844730703492,0.0340262920301821,0.002));
#8810=CARTESIAN_POINT('',(-0.0127017473759048,0.0336130975857377,0.002));
#8811=CARTESIAN_POINT('',(-0.0127017473759048,0.0336130975857377,0.001));
#8812=CARTESIAN_POINT('',(-0.0127017473759048,0.0336130975857377,0.001));
#8813=CARTESIAN_POINT('',(-0.0127017473759048,0.0336130975857377,0.001));
#8814=CARTESIAN_POINT('',(-0.0121852543203492,0.0336130975857377,0.001));
#8815=CARTESIAN_POINT('',(-0.0118844730703492,0.0340262920301821,0.001));
#8816=CARTESIAN_POINT('',(-0.0127217323136866,0.034740436938695,0.001));
#8817=CARTESIAN_POINT('',(-0.0127217323136866,0.034740436938695,0.002));
#8818=CARTESIAN_POINT('',(-0.0134886397370159,0.0339146383843488,0.002));
#8819=CARTESIAN_POINT('',(-0.0134886397370159,0.0339146383843488,0.001));
#8820=CARTESIAN_POINT('',(-0.0134886397370159,0.0339146383843488,0.001));
#8821=CARTESIAN_POINT('',(-0.0127217323136866,0.034740436938695,0.001));
#8822=CARTESIAN_POINT('',(-0.0138198029314603,0.0346050680718489,0.001));
#8823=CARTESIAN_POINT('',(-0.0138198029314603,0.0346050680718489,0.002));
#8824=CARTESIAN_POINT('',(-0.0138198029314603,0.0343458088125896,0.001));
#8825=CARTESIAN_POINT('',(-0.0138198029314603,0.0343458088125896,0.002));
#8826=CARTESIAN_POINT('',(-0.0137094151999788,0.0341156655834229,0.001));
#8827=CARTESIAN_POINT('',(-0.0137094151999788,0.0341156655834229,0.002));
#8828=CARTESIAN_POINT('',(-0.0134886397370159,0.0339146383843488,0.001));
#8829=CARTESIAN_POINT('',(-0.0134886397370159,0.0339146383843488,0.002));
#8830=CARTESIAN_POINT('',(-0.0138198029314603,0.0346050680718489,0.002));
#8831=CARTESIAN_POINT('',(-0.0138198029314603,0.03421617918296,0.002));
#8832=CARTESIAN_POINT('',(-0.0134886397370159,0.0339146383843488,0.002));
#8833=CARTESIAN_POINT('',(-0.0138198029314603,0.0346050680718489,0.001));
#8834=CARTESIAN_POINT('',(-0.0138198029314603,0.03421617918296,0.001));
#8835=CARTESIAN_POINT('',(-0.0134886397370159,0.0339146383843488,0.001));
#8836=CARTESIAN_POINT('',(-0.0145697982719133,0.0332897531179844,0.001));
#8837=CARTESIAN_POINT('',(-0.0145697982719133,0.0332897531179844,0.001));
#8838=CARTESIAN_POINT('',(-0.0220496327925714,0.0362380975857377,0.001));
#8839=CARTESIAN_POINT('',(-0.0220496327925714,0.0362380975857377,0.002));
#8840=CARTESIAN_POINT('',(-0.0358407150264143,0.0332729554946229,0.001));
#8841=CARTESIAN_POINT('',(-0.0358801327925714,0.0327183493218488,0.001));
#8842=CARTESIAN_POINT('',(-0.0358801260124891,0.0327184443985115,0.001));
#8843=CARTESIAN_POINT('',(-0.0358407150264143,0.0332729554946229,0.001));
#8844=CARTESIAN_POINT('',(-0.0362688717972028,0.032918233771389,0.001));
#8845=CARTESIAN_POINT('',(-0.0362690216814603,0.0329181106065711,0.001));
#8846=CARTESIAN_POINT('',(-0.0343696607770781,0.0473666076951474,0.001));
#8847=CARTESIAN_POINT('',(-0.0343823029314603,0.0326408753635155,0.001));
#8848=CARTESIAN_POINT('',(-0.0343823029314603,0.0326408753635155,0.001));
#8849=CARTESIAN_POINT('',(-0.0343696607770781,0.0473666076951474,0.001));
#8850=CARTESIAN_POINT('',(-0.0322054366120158,0.0331755975857377,0.001));
#8851=CARTESIAN_POINT('',(-0.0322054366120158,0.0331755975857377,0.002));
#8852=CARTESIAN_POINT('',(-0.0326723058249788,0.0328191161042562,0.001));
#8853=CARTESIAN_POINT('',(-0.0326723058249788,0.0328191161042562,0.002));
#8854=CARTESIAN_POINT('',(-0.0333979279314603,0.0326408753635155,0.001));
#8855=CARTESIAN_POINT('',(-0.0333979279314603,0.0326408753635155,0.002));
#8856=CARTESIAN_POINT('',(-0.0343823029314603,0.0326408753635155,0.001));
#8857=CARTESIAN_POINT('',(-0.0343823029314603,0.0326408753635155,0.002));
#8858=CARTESIAN_POINT('',(-0.0322054366120158,0.0331755975857377,0.001));
#8859=CARTESIAN_POINT('',(-0.0322054366120158,0.0331755975857377,0.001));
#8860=CARTESIAN_POINT('',(-0.0322054366120158,0.0331755975857377,0.001));
#8861=CARTESIAN_POINT('',(-0.0329057404314603,0.0326408753635155,0.001));
#8862=CARTESIAN_POINT('',(-0.0343823029314603,0.0326408753635155,0.001));
#8863=CARTESIAN_POINT('',(-0.0315051327925715,0.0347797642524044,0.001));
#8864=CARTESIAN_POINT('',(-0.0315051327925715,0.0347797642524044,0.002));
#8865=CARTESIAN_POINT('',(-0.0315051327925715,0.0340668012894414,0.001));
#8866=CARTESIAN_POINT('',(-0.0315051327925715,0.0340668012894414,0.002));
#8867=CARTESIAN_POINT('',(-0.0317385673990529,0.0335320790672192,0.001));
#8868=CARTESIAN_POINT('',(-0.0317385673990529,0.0335320790672192,0.002));
#8869=CARTESIAN_POINT('',(-0.0322054366120158,0.0331755975857377,0.001));
#8870=CARTESIAN_POINT('',(-0.0322054366120158,0.0331755975857377,0.002));
#8871=CARTESIAN_POINT('',(-0.0315051327925715,0.0347797642524044,0.001));
#8872=CARTESIAN_POINT('',(-0.0315051327925715,0.0347797642524044,0.001));
#8873=CARTESIAN_POINT('',(-0.0315051327925715,0.0347797642524044,0.001));
#8874=CARTESIAN_POINT('',(-0.0315051327925715,0.03371031980796,0.001));
#8875=CARTESIAN_POINT('',(-0.0322054366120158,0.0331755975857377,0.001));
#8876=CARTESIAN_POINT('',(-0.0319570642161826,0.0359411140787933,0.001));
#8877=CARTESIAN_POINT('',(-0.0319570642161826,0.0359411140787933,0.002));
#8878=CARTESIAN_POINT('',(-0.0316557766004418,0.0356266609537933,0.001));
#8879=CARTESIAN_POINT('',(-0.0316557766004418,0.0356266609537933,0.002));
#8880=CARTESIAN_POINT('',(-0.0315051327925715,0.035239544344997,0.001));
#8881=CARTESIAN_POINT('',(-0.0315051327925715,0.035239544344997,0.002));
#8882=CARTESIAN_POINT('',(-0.0315051327925715,0.0347797642524044,0.001));
#8883=CARTESIAN_POINT('',(-0.0315051327925715,0.0347797642524044,0.002));
#8884=CARTESIAN_POINT('',(-0.0319570642161826,0.0359411140787933,0.001));
#8885=CARTESIAN_POINT('',(-0.0319570642161826,0.0359411140787933,0.001));
#8886=CARTESIAN_POINT('',(-0.0319570642161826,0.0359411140787933,0.001));
#8887=CARTESIAN_POINT('',(-0.0315051327925715,0.0354694343912932,0.001));
#8888=CARTESIAN_POINT('',(-0.0315051327925715,0.0347797642524044,0.001));
#8889=CARTESIAN_POINT('',(-0.0332065216814603,0.0365297642524044,0.001));
#8890=CARTESIAN_POINT('',(-0.0332065216814603,0.0365297642524044,0.002));
#8891=CARTESIAN_POINT('',(-0.0326748376536825,0.0364517839283303,0.001));
#8892=CARTESIAN_POINT('',(-0.0326748376536825,0.0364517839283303,0.002));
#8893=CARTESIAN_POINT('',(-0.0322583518319233,0.0362555672037933,0.001));
#8894=CARTESIAN_POINT('',(-0.0322583518319233,0.0362555672037933,0.002));
#8895=CARTESIAN_POINT('',(-0.0319570642161826,0.0359411140787933,0.001));
#8896=CARTESIAN_POINT('',(-0.0319570642161826,0.0359411140787933,0.002));
#8897=CARTESIAN_POINT('',(-0.0332065216814603,0.0365297642524044,0.001));
#8898=CARTESIAN_POINT('',(-0.0332065216814603,0.0365297642524044,0.001));
#8899=CARTESIAN_POINT('',(-0.0332065216814603,0.0365297642524044,0.001));
#8900=CARTESIAN_POINT('',(-0.0324089956397936,0.0364127937662932,0.001));
#8901=CARTESIAN_POINT('',(-0.0319570642161826,0.0359411140787933,0.001));
#8902=CARTESIAN_POINT('',(-0.0331988401651277,0.0365439237299072,0.001));
#8903=CARTESIAN_POINT('',(-0.0332156362647937,0.0365495125162933,0.001));
#8904=CARTESIAN_POINT('',(-0.0332153165984736,0.0365493047045457,0.001));
#8905=CARTESIAN_POINT('',(-0.0331988401651277,0.0365439237299072,0.001));
#8906=CARTESIAN_POINT('',(-0.0332077164879559,0.0365507073227889,0.001));
#8907=CARTESIAN_POINT('',(-0.0332065216814603,0.0365586270996266,0.001));
#8908=CARTESIAN_POINT('',(-0.0332065216814603,0.0365586270996266,0.001));
#8909=CARTESIAN_POINT('',(-0.0332077164879559,0.0365507073227889,0.001));
#8910=CARTESIAN_POINT('',(-0.0321560659522937,0.0371222121690711,0.001));
#8911=CARTESIAN_POINT('',(-0.0321560659522937,0.0371222121690711,0.002));
#8912=CARTESIAN_POINT('',(-0.0324219079661826,0.0368305455024044,0.001));
#8913=CARTESIAN_POINT('',(-0.0324219079661826,0.0368305455024044,0.002));
#8914=CARTESIAN_POINT('',(-0.0327720598759048,0.0366426838125896,0.001));
#8915=CARTESIAN_POINT('',(-0.0327720598759048,0.0366426838125896,0.002));
#8916=CARTESIAN_POINT('',(-0.0332065216814603,0.0365586270996266,0.001));
#8917=CARTESIAN_POINT('',(-0.0332065216814603,0.0365586270996266,0.002));
#8918=CARTESIAN_POINT('',(-0.0321560659522937,0.0371222121690711,0.001));
#8919=CARTESIAN_POINT('',(-0.0321560659522937,0.0371222121690711,0.001));
#8920=CARTESIAN_POINT('',(-0.0321560659522937,0.0371222121690711,0.001));
#8921=CARTESIAN_POINT('',(-0.032554828973127,0.0366847121690711,0.001));
#8922=CARTESIAN_POINT('',(-0.0332065216814603,0.0365586270996266,0.001));
#8923=CARTESIAN_POINT('',(-0.0332353561308755,0.0381320819358232,0.001));
#8924=CARTESIAN_POINT('',(-0.0317573029314603,0.0381536791829599,0.001));
#8925=CARTESIAN_POINT('',(-0.0317573029314603,0.0381536791829599,0.001));
#8926=CARTESIAN_POINT('',(-0.0332353561308755,0.0381320819358232,0.001));
#8927=CARTESIAN_POINT('',(-0.0344795251536825,0.0399325420301821,0.001));
#8928=CARTESIAN_POINT('',(-0.0344795251536825,0.0399325420301821,0.002));
#8929=CARTESIAN_POINT('',(-0.0326647103388677,0.0399325420301821,0.001));
#8930=CARTESIAN_POINT('',(-0.0326647103388677,0.0399325420301821,0.002));
#8931=CARTESIAN_POINT('',(-0.0317573029314603,0.0393395877477747,0.001));
#8932=CARTESIAN_POINT('',(-0.0317573029314603,0.0393395877477747,0.002));
#8933=CARTESIAN_POINT('',(-0.0317573029314603,0.0381536791829599,0.001));
#8934=CARTESIAN_POINT('',(-0.0317573029314603,0.0381536791829599,0.002));
#8935=CARTESIAN_POINT('',(-0.0344795251536825,0.0399325420301821,0.001));
#8936=CARTESIAN_POINT('',(-0.0344795251536825,0.0399325420301821,0.001));
#8937=CARTESIAN_POINT('',(-0.0344795251536825,0.0399325420301821,0.001));
#8938=CARTESIAN_POINT('',(-0.0317573029314603,0.0399325420301821,0.001));
#8939=CARTESIAN_POINT('',(-0.0317573029314603,0.0381536791829599,0.001));
#8940=CARTESIAN_POINT('',(-0.0344479922096547,0.0269118836443886,0.001));
#8941=CARTESIAN_POINT('',(-0.0358710182092381,0.0398550680718489,0.001));
#8942=CARTESIAN_POINT('',(-0.0358709965307843,0.039854805406937,0.001));
#8943=CARTESIAN_POINT('',(-0.0344479922096547,0.0269118836443886,0.001));
#8944=CARTESIAN_POINT('',(-0.0358379932661237,0.0392916023709441,0.001));
#8945=CARTESIAN_POINT('',(-0.0362690216814603,0.0396553067871266,0.001));
#8946=CARTESIAN_POINT('',(-0.0362689957950421,0.0396552848741233,0.001));
#8947=CARTESIAN_POINT('',(-0.0358379932661237,0.0392916023709441,0.001));
#8948=CARTESIAN_POINT('',(-0.0357969762371787,0.0392430459491168,0.001));
#8949=CARTESIAN_POINT('',(-0.036423969598127,0.0392322382107377,0.001));
#8950=CARTESIAN_POINT('',(-0.0364237674063112,0.0392322416959999,0.00100000025));
#8951=CARTESIAN_POINT('',(-0.0357969762371787,0.0392430459491168,0.001));
#8952=CARTESIAN_POINT('',(-0.036423969598127,0.0362867086968489,0.001));
#8953=CARTESIAN_POINT('',(-0.036423969598127,0.03334117918296,0.001));
#8954=CARTESIAN_POINT('',(-0.0364237674063112,0.0333411756976978,0.001));
#8955=CARTESIAN_POINT('',(-0.036423969598127,0.0362867086968489,0.001));
#8956=CARTESIAN_POINT('',(-0.0350826067509048,0.0378954326551822,0.001));
#8957=CARTESIAN_POINT('',(-0.0350826067509048,0.0378954326551822,0.002));
#8958=CARTESIAN_POINT('',(-0.0350826067509048,0.0387263788357377,0.002));
#8959=CARTESIAN_POINT('',(-0.0350826067509048,0.0370644864746266,0.002));
#8960=CARTESIAN_POINT('',(-0.0350826067509048,0.0387263788357377,0.001));
#8961=CARTESIAN_POINT('',(-0.0350826067509048,0.0387263788357377,0.001));
#8962=CARTESIAN_POINT('',(-0.0350826067509048,0.0378954326551822,0.001));
#8963=CARTESIAN_POINT('',(-0.0350826067509048,0.0370644864746266,0.001));
#8964=CARTESIAN_POINT('',(-0.0350826067509048,0.0370644864746266,0.001));
#8965=CARTESIAN_POINT('',(-0.0350051327925714,0.0388342347385155,0.001));
#8966=CARTESIAN_POINT('',(-0.0350051327925714,0.0388342347385155,0.002));
#8967=CARTESIAN_POINT('',(-0.035056782098127,0.0388210692292562,0.001));
#8968=CARTESIAN_POINT('',(-0.035056782098127,0.0388210692292562,0.002));
#8969=CARTESIAN_POINT('',(-0.0350826067509048,0.0387851172616636,0.001));
#8970=CARTESIAN_POINT('',(-0.0350826067509048,0.0387851172616636,0.002));
#8971=CARTESIAN_POINT('',(-0.0350826067509048,0.0387263788357377,0.001));
#8972=CARTESIAN_POINT('',(-0.0350826067509048,0.0387263788357377,0.002));
#8973=CARTESIAN_POINT('',(-0.0350051327925714,0.0388342347385155,0.002));
#8974=CARTESIAN_POINT('',(-0.0350826067509048,0.0388144864746266,0.002));
#8975=CARTESIAN_POINT('',(-0.0350826067509048,0.0387263788357377,0.002));
#8976=CARTESIAN_POINT('',(-0.0350051327925714,0.0388342347385155,0.002));
#8977=CARTESIAN_POINT('',(-0.0350051327925714,0.0388342347385155,0.001));
#8978=CARTESIAN_POINT('',(-0.0350051327925714,0.0388342347385155,0.001));
#8979=CARTESIAN_POINT('',(-0.0350051327925714,0.0388342347385155,0.001));
#8980=CARTESIAN_POINT('',(-0.0350826067509048,0.0388144864746266,0.001));
#8981=CARTESIAN_POINT('',(-0.0350826067509048,0.0387263788357377,0.001));
#8982=CARTESIAN_POINT('',(-0.0344696050640917,0.0349837685570867,0.001));
#8983=CARTESIAN_POINT('',(-0.0344696050640917,0.0349837685570867,0.002));
#8984=CARTESIAN_POINT('',(-0.0344217994592381,0.038872212169071,0.002));
#8985=CARTESIAN_POINT('',(-0.0344217994592381,0.038872212169071,0.001));
#8986=CARTESIAN_POINT('',(-0.0344217994592381,0.038872212169071,0.001));
#8987=CARTESIAN_POINT('',(-0.0344696050640917,0.0349837685570867,0.001));
#8988=CARTESIAN_POINT('',(-0.0333424808828492,0.0386489048774044,0.001));
#8989=CARTESIAN_POINT('',(-0.0333424808828492,0.0386489048774044,0.002));
#8990=CARTESIAN_POINT('',(-0.0335627499800714,0.0387977764051822,0.001));
#8991=CARTESIAN_POINT('',(-0.0335627499800714,0.0387977764051822,0.002));
#8992=CARTESIAN_POINT('',(-0.0339225228388677,0.038872212169071,0.001));
#8993=CARTESIAN_POINT('',(-0.0339225228388677,0.038872212169071,0.002));
#8994=CARTESIAN_POINT('',(-0.0344217994592381,0.038872212169071,0.001));
#8995=CARTESIAN_POINT('',(-0.0344217994592381,0.038872212169071,0.002));
#8996=CARTESIAN_POINT('',(-0.0333424808828492,0.0386489048774044,0.002));
#8997=CARTESIAN_POINT('',(-0.0336728845286825,0.038872212169071,0.002));
#8998=CARTESIAN_POINT('',(-0.0344217994592381,0.038872212169071,0.002));
#8999=CARTESIAN_POINT('',(-0.0333424808828492,0.0386489048774044,0.002));
#9000=CARTESIAN_POINT('',(-0.0333424808828492,0.0386489048774044,0.001));
#9001=CARTESIAN_POINT('',(-0.0333424808828492,0.0386489048774044,0.001));
#9002=CARTESIAN_POINT('',(-0.0333424808828492,0.0386489048774044,0.001));
#9003=CARTESIAN_POINT('',(-0.0336728845286825,0.038872212169071,0.001));
#9004=CARTESIAN_POINT('',(-0.0344217994592381,0.038872212169071,0.001));
#9005=CARTESIAN_POINT('',(-0.0330120772370159,0.0379592347385155,0.001));
#9006=CARTESIAN_POINT('',(-0.0330120772370159,0.0379592347385155,0.002));
#9007=CARTESIAN_POINT('',(-0.0330120772370159,0.0382701433033303,0.001));
#9008=CARTESIAN_POINT('',(-0.0330120772370159,0.0382701433033303,0.002));
#9009=CARTESIAN_POINT('',(-0.033122211785627,0.0385000333496266,0.001));
#9010=CARTESIAN_POINT('',(-0.033122211785627,0.0385000333496266,0.002));
#9011=CARTESIAN_POINT('',(-0.0333424808828492,0.0386489048774044,0.001));
#9012=CARTESIAN_POINT('',(-0.0333424808828492,0.0386489048774044,0.002));
#9013=CARTESIAN_POINT('',(-0.0330120772370159,0.0379592347385155,0.002));
#9014=CARTESIAN_POINT('',(-0.0330120772370159,0.0384255975857377,0.002));
#9015=CARTESIAN_POINT('',(-0.0333424808828492,0.0386489048774044,0.002));
#9016=CARTESIAN_POINT('',(-0.0330120772370159,0.0379592347385155,0.002));
#9017=CARTESIAN_POINT('',(-0.0330120772370159,0.0379592347385155,0.001));
#9018=CARTESIAN_POINT('',(-0.0330120772370159,0.0379592347385155,0.001));
#9019=CARTESIAN_POINT('',(-0.0330120772370159,0.0379592347385155,0.001));
#9020=CARTESIAN_POINT('',(-0.0330120772370159,0.0384255975857377,0.001));
#9021=CARTESIAN_POINT('',(-0.0333424808828492,0.0386489048774044,0.001));
#9022=CARTESIAN_POINT('',(-0.0334153975495158,0.0372247512315711,0.001));
#9023=CARTESIAN_POINT('',(-0.0334153975495158,0.0372247512315711,0.002));
#9024=CARTESIAN_POINT('',(-0.0331465173411825,0.0373903328287933,0.001));
#9025=CARTESIAN_POINT('',(-0.0331465173411825,0.0373903328287933,0.002));
#9026=CARTESIAN_POINT('',(-0.0330120772370159,0.0376351606644414,0.001));
#9027=CARTESIAN_POINT('',(-0.0330120772370159,0.0376351606644414,0.002));
#9028=CARTESIAN_POINT('',(-0.0330120772370159,0.0379592347385155,0.001));
#9029=CARTESIAN_POINT('',(-0.0330120772370159,0.0379592347385155,0.002));
#9030=CARTESIAN_POINT('',(-0.0334153975495158,0.0372247512315711,0.002));
#9031=CARTESIAN_POINT('',(-0.0330120772370159,0.0374731236274044,0.002));
#9032=CARTESIAN_POINT('',(-0.0330120772370159,0.0379592347385155,0.002));
#9033=CARTESIAN_POINT('',(-0.0334153975495158,0.0372247512315711,0.002));
#9034=CARTESIAN_POINT('',(-0.0334153975495158,0.0372247512315711,0.001));
#9035=CARTESIAN_POINT('',(-0.0334153975495158,0.0372247512315711,0.001));
#9036=CARTESIAN_POINT('',(-0.0334153975495158,0.0372247512315711,0.001));
#9037=CARTESIAN_POINT('',(-0.0330120772370159,0.0374731236274044,0.001));
#9038=CARTESIAN_POINT('',(-0.0330120772370159,0.0379592347385155,0.001));
#9039=CARTESIAN_POINT('',(-0.0347225807092381,0.0369763788357377,0.001));
#9040=CARTESIAN_POINT('',(-0.0347225807092381,0.0369763788357377,0.002));
#9041=CARTESIAN_POINT('',(-0.0341200054777566,0.0369763788357377,0.001));
#9042=CARTESIAN_POINT('',(-0.0341200054777566,0.0369763788357377,0.002));
#9043=CARTESIAN_POINT('',(-0.0336842777578492,0.0370591696343488,0.001));
#9044=CARTESIAN_POINT('',(-0.0336842777578492,0.0370591696343488,0.002));
#9045=CARTESIAN_POINT('',(-0.0334153975495158,0.0372247512315711,0.001));
#9046=CARTESIAN_POINT('',(-0.0334153975495158,0.0372247512315711,0.002));
#9047=CARTESIAN_POINT('',(-0.0347225807092381,0.0369763788357377,0.002));
#9048=CARTESIAN_POINT('',(-0.0338187178620159,0.0369763788357377,0.002));
#9049=CARTESIAN_POINT('',(-0.0334153975495158,0.0372247512315711,0.002));
#9050=CARTESIAN_POINT('',(-0.0347225807092381,0.0369763788357377,0.002));
#9051=CARTESIAN_POINT('',(-0.0347225807092381,0.0369763788357377,0.001));
#9052=CARTESIAN_POINT('',(-0.0347225807092381,0.0369763788357377,0.001));
#9053=CARTESIAN_POINT('',(-0.0347225807092381,0.0369763788357377,0.001));
#9054=CARTESIAN_POINT('',(-0.0338187178620159,0.0369763788357377,0.001));
#9055=CARTESIAN_POINT('',(-0.0334153975495158,0.0372247512315711,0.001));
#9056=CARTESIAN_POINT('',(-0.0348638567509048,0.0369763788357377,0.001));
#9057=CARTESIAN_POINT('',(-0.0348638567509048,0.0369763788357377,0.002));
#9058=CARTESIAN_POINT('',(-0.0350051327925714,0.0369763788357377,0.002));
#9059=CARTESIAN_POINT('',(-0.0350051327925714,0.0369763788357377,0.001));
#9060=CARTESIAN_POINT('',(-0.0350051327925714,0.0369763788357377,0.001));
#9061=CARTESIAN_POINT('',(-0.0348638567509048,0.0369763788357377,0.001));
#9062=CARTESIAN_POINT('',(-0.0350826067509048,0.0348678718912932,0.001));
#9063=CARTESIAN_POINT('',(-0.0350826067509048,0.0348678718912932,0.002));
#9064=CARTESIAN_POINT('',(-0.0350821790141933,0.035888769754551,0.002));
#9065=CARTESIAN_POINT('',(-0.0350826067509048,0.03384703855796,0.002));
#9066=CARTESIAN_POINT('',(-0.0350826067509048,0.0358887052246266,0.001));
#9067=CARTESIAN_POINT('',(-0.0350821790141933,0.035888769754551,0.001));
#9068=CARTESIAN_POINT('',(-0.0350826067509048,0.0348678718912932,0.001));
#9069=CARTESIAN_POINT('',(-0.0350826067509048,0.03384703855796,0.001));
#9070=CARTESIAN_POINT('',(-0.0350826067509048,0.03384703855796,0.001));
#9071=CARTESIAN_POINT('',(-0.0350152886477798,0.035898861079835,0.001));
#9072=CARTESIAN_POINT('',(-0.0350152886477798,0.035898861079835,0.002));
#9073=CARTESIAN_POINT('',(-0.0350051973224958,0.0359657514462485,0.002));
#9074=CARTESIAN_POINT('',(-0.0350051327925714,0.03596617918296,0.001));
#9075=CARTESIAN_POINT('',(-0.0350052050889589,0.0359658369918637,0.00100000012));
#9076=CARTESIAN_POINT('',(-0.0350152886477798,0.035898861079835,0.001));
#9077=CARTESIAN_POINT('',(-0.0348349939036825,0.03596617918296,0.001));
#9078=CARTESIAN_POINT('',(-0.0348349939036825,0.03596617918296,0.002));
#9079=CARTESIAN_POINT('',(-0.0346648550147937,0.03596617918296,0.002));
#9080=CARTESIAN_POINT('',(-0.0346648550147937,0.03596617918296,0.001));
#9081=CARTESIAN_POINT('',(-0.0346648550147937,0.03596617918296,0.001));
#9082=CARTESIAN_POINT('',(-0.0348349939036825,0.03596617918296,0.001));
#9083=CARTESIAN_POINT('',(-0.0332308272370158,0.0357086922037933,0.001));
#9084=CARTESIAN_POINT('',(-0.0332308272370158,0.0357086922037933,0.002));
#9085=CARTESIAN_POINT('',(-0.0335194557092381,0.0358803501899044,0.001));
#9086=CARTESIAN_POINT('',(-0.0335194557092381,0.0358803501899044,0.002));
#9087=CARTESIAN_POINT('',(-0.0339974649684973,0.03596617918296,0.001));
#9088=CARTESIAN_POINT('',(-0.0339974649684973,0.03596617918296,0.002));
#9089=CARTESIAN_POINT('',(-0.0346648550147937,0.03596617918296,0.001));
#9090=CARTESIAN_POINT('',(-0.0346648550147937,0.03596617918296,0.002));
#9091=CARTESIAN_POINT('',(-0.0332308272370158,0.0357086922037933,0.002));
#9092=CARTESIAN_POINT('',(-0.0336637699453492,0.03596617918296,0.002));
#9093=CARTESIAN_POINT('',(-0.0346648550147937,0.03596617918296,0.002));
#9094=CARTESIAN_POINT('',(-0.0332308272370158,0.0357086922037933,0.002));
#9095=CARTESIAN_POINT('',(-0.0332308272370158,0.0357086922037933,0.001));
#9096=CARTESIAN_POINT('',(-0.0332308272370158,0.0357086922037933,0.001));
#9097=CARTESIAN_POINT('',(-0.0332308272370158,0.0357086922037933,0.001));
#9098=CARTESIAN_POINT('',(-0.0336637699453492,0.03596617918296,0.001));
#9099=CARTESIAN_POINT('',(-0.0346648550147937,0.03596617918296,0.001));
#9100=CARTESIAN_POINT('',(-0.0327978845286825,0.0349058493218488,0.001));
#9101=CARTESIAN_POINT('',(-0.0327978845286825,0.0349058493218488,0.002));
#9102=CARTESIAN_POINT('',(-0.0327978845286825,0.0352694199237007,0.001));
#9103=CARTESIAN_POINT('',(-0.0327978845286825,0.0352694199237007,0.002));
#9104=CARTESIAN_POINT('',(-0.0329421987647937,0.0355370342176822,0.001));
#9105=CARTESIAN_POINT('',(-0.0329421987647937,0.0355370342176822,0.002));
#9106=CARTESIAN_POINT('',(-0.0332308272370158,0.0357086922037933,0.001));
#9107=CARTESIAN_POINT('',(-0.0332308272370158,0.0357086922037933,0.002));
#9108=CARTESIAN_POINT('',(-0.0327978845286825,0.0349058493218488,0.002));
#9109=CARTESIAN_POINT('',(-0.0327978845286825,0.0354512052246266,0.002));
#9110=CARTESIAN_POINT('',(-0.0332308272370158,0.0357086922037933,0.002));
#9111=CARTESIAN_POINT('',(-0.0327978845286825,0.0349058493218488,0.002));
#9112=CARTESIAN_POINT('',(-0.0327978845286825,0.0349058493218488,0.001));
#9113=CARTESIAN_POINT('',(-0.0327978845286825,0.0349058493218488,0.001));
#9114=CARTESIAN_POINT('',(-0.0327978845286825,0.0349058493218488,0.001));
#9115=CARTESIAN_POINT('',(-0.0327978845286825,0.0354512052246266,0.001));
#9116=CARTESIAN_POINT('',(-0.0332308272370158,0.0357086922037933,0.001));
#9117=CARTESIAN_POINT('',(-0.0331723419939603,0.0339974291829599,0.001));
#9118=CARTESIAN_POINT('',(-0.0331723419939603,0.0339974291829599,0.002));
#9119=CARTESIAN_POINT('',(-0.0329227036837751,0.0341949118218488,0.001));
#9120=CARTESIAN_POINT('',(-0.0329227036837751,0.0341949118218488,0.002));
#9121=CARTESIAN_POINT('',(-0.0327978845286825,0.0344977185348118,0.001));
#9122=CARTESIAN_POINT('',(-0.0327978845286825,0.0344977185348118,0.002));
#9123=CARTESIAN_POINT('',(-0.0327978845286825,0.0349058493218488,0.001));
#9124=CARTESIAN_POINT('',(-0.0327978845286825,0.0349058493218488,0.002));
#9125=CARTESIAN_POINT('',(-0.0331723419939603,0.0339974291829599,0.002));
#9126=CARTESIAN_POINT('',(-0.0327978845286825,0.0342936531412932,0.002));
#9127=CARTESIAN_POINT('',(-0.0327978845286825,0.0349058493218488,0.002));
#9128=CARTESIAN_POINT('',(-0.0331723419939603,0.0339974291829599,0.002));
#9129=CARTESIAN_POINT('',(-0.0331723419939603,0.0339974291829599,0.001));
#9130=CARTESIAN_POINT('',(-0.0331723419939603,0.0339974291829599,0.001));
#9131=CARTESIAN_POINT('',(-0.0331723419939603,0.0339974291829599,0.001));
#9132=CARTESIAN_POINT('',(-0.0327978845286825,0.0342936531412932,0.001));
#9133=CARTESIAN_POINT('',(-0.0327978845286825,0.0349058493218488,0.001));
#9134=CARTESIAN_POINT('',(-0.0343534400842381,0.0337012052246266,0.001));
#9135=CARTESIAN_POINT('',(-0.0343534400842381,0.0337012052246266,0.002));
#9136=CARTESIAN_POINT('',(-0.0338156796675714,0.0337012052246266,0.001));
#9137=CARTESIAN_POINT('',(-0.0338156796675714,0.0337012052246266,0.002));
#9138=CARTESIAN_POINT('',(-0.0334219803041455,0.033799946544071,0.001));
#9139=CARTESIAN_POINT('',(-0.0334219803041455,0.033799946544071,0.002));
#9140=CARTESIAN_POINT('',(-0.0331723419939603,0.0339974291829599,0.001));
#9141=CARTESIAN_POINT('',(-0.0331723419939603,0.0339974291829599,0.002));
#9142=CARTESIAN_POINT('',(-0.0343534400842381,0.0337012052246266,0.002));
#9143=CARTESIAN_POINT('',(-0.0335467994592381,0.0337012052246266,0.002));
#9144=CARTESIAN_POINT('',(-0.0331723419939603,0.0339974291829599,0.002));
#9145=CARTESIAN_POINT('',(-0.0343534400842381,0.0337012052246266,0.002));
#9146=CARTESIAN_POINT('',(-0.0343534400842381,0.0337012052246266,0.001));
#9147=CARTESIAN_POINT('',(-0.0343534400842381,0.0337012052246266,0.001));
#9148=CARTESIAN_POINT('',(-0.0343534400842381,0.0337012052246266,0.001));
#9149=CARTESIAN_POINT('',(-0.0335467994592381,0.0337012052246266,0.001));
#9150=CARTESIAN_POINT('',(-0.0331723419939603,0.0339974291829599,0.001));
#9151=CARTESIAN_POINT('',(-0.0343279876985957,0.0382623025956528,0.001));
#9152=CARTESIAN_POINT('',(-0.0343279876985957,0.0382623025956528,0.002));
#9153=CARTESIAN_POINT('',(-0.0349960182092381,0.0337498163357377,0.002));
#9154=CARTESIAN_POINT('',(-0.0349960182092381,0.0337498163357377,0.001));
#9155=CARTESIAN_POINT('',(-0.0349960182092381,0.0337498163357377,0.001));
#9156=CARTESIAN_POINT('',(-0.0343279876985957,0.0382623025956528,0.001));
#9157=CARTESIAN_POINT('',(-0.0350826067509048,0.0370644864746266,0.001));
#9158=CARTESIAN_POINT('',(-0.0350826067509048,0.0370644864746266,0.002));
#9159=CARTESIAN_POINT('',(-0.0350826067509048,0.0370057480487007,0.001));
#9160=CARTESIAN_POINT('',(-0.0350826067509048,0.0370057480487007,0.002));
#9161=CARTESIAN_POINT('',(-0.035056782098127,0.0369763788357377,0.001));
#9162=CARTESIAN_POINT('',(-0.035056782098127,0.0369763788357377,0.002));
#9163=CARTESIAN_POINT('',(-0.0350051327925714,0.0369763788357377,0.001));
#9164=CARTESIAN_POINT('',(-0.0350051327925714,0.0369763788357377,0.002));
#9165=CARTESIAN_POINT('',(-0.0350826067509048,0.0370644864746266,0.002));
#9166=CARTESIAN_POINT('',(-0.0350826067509048,0.0369763788357377,0.002));
#9167=CARTESIAN_POINT('',(-0.0350051327925714,0.0369763788357377,0.002));
#9168=CARTESIAN_POINT('',(-0.0350826067509048,0.0370644864746266,0.001));
#9169=CARTESIAN_POINT('',(-0.0350826067509048,0.0369763788357377,0.001));
#9170=CARTESIAN_POINT('',(-0.0350051327925714,0.0369763788357377,0.001));
#9171=CARTESIAN_POINT('',(-0.0350826067509048,0.03384703855796,0.001));
#9172=CARTESIAN_POINT('',(-0.0350826067509048,0.03384703855796,0.002));
#9173=CARTESIAN_POINT('',(-0.0350826067509048,0.0337943765209229,0.001));
#9174=CARTESIAN_POINT('',(-0.0350826067509048,0.0337943765209229,0.002));
#9175=CARTESIAN_POINT('',(-0.0350537439036825,0.0337619691135155,0.001));
#9176=CARTESIAN_POINT('',(-0.0350537439036825,0.0337619691135155,0.002));
#9177=CARTESIAN_POINT('',(-0.0349960182092381,0.0337498163357377,0.001));
#9178=CARTESIAN_POINT('',(-0.0349960182092381,0.0337498163357377,0.002));
#9179=CARTESIAN_POINT('',(-0.0350826067509048,0.03384703855796,0.002));
#9180=CARTESIAN_POINT('',(-0.0350826067509048,0.0337680455024044,0.002));
#9181=CARTESIAN_POINT('',(-0.0349960182092381,0.0337498163357377,0.002));
#9182=CARTESIAN_POINT('',(-0.0350826067509048,0.03384703855796,0.001));
#9183=CARTESIAN_POINT('',(-0.0350826067509048,0.0337680455024044,0.001));
#9184=CARTESIAN_POINT('',(-0.0349960182092381,0.0337498163357377,0.001));
#9185=CARTESIAN_POINT('',(-0.0357969762371788,0.0333303714445808,0.001));
#9186=CARTESIAN_POINT('',(-0.0357969762371788,0.0333303714445808,0.001));
#9187=CARTESIAN_POINT('',(-0.0220496327925714,0.0362380975857377,0.001));
#9188=CARTESIAN_POINT('',(-0.0220496327925714,0.0362380975857377,0.002));
#9189=CARTESIAN_POINT('',(-0.0220496327925714,0.0362380975857377,0.002));
#9190=CARTESIAN_POINT('',(-0.0435211918203492,0.0352658753635155,0.001));
#9191=CARTESIAN_POINT('',(-0.0435211918203492,0.0352658753635155,0.002));
#9192=CARTESIAN_POINT('',(-0.0435211918203492,0.0335158753635155,0.001));
#9193=CARTESIAN_POINT('',(-0.0435211918203492,0.0335158753635155,0.002));
#9194=CARTESIAN_POINT('',(-0.0443961918203492,0.0326408753635155,0.001));
#9195=CARTESIAN_POINT('',(-0.0443961918203492,0.0326408753635155,0.002));
#9196=CARTESIAN_POINT('',(-0.0461461918203492,0.0326408753635155,0.001));
#9197=CARTESIAN_POINT('',(-0.0461461918203492,0.0326408753635155,0.002));
#9198=CARTESIAN_POINT('',(-0.0435211918203492,0.0352658753635155,0.001));
#9199=CARTESIAN_POINT('',(-0.0435211918203492,0.0352658753635155,0.001));
#9200=CARTESIAN_POINT('',(-0.0435211918203492,0.0352658753635155,0.001));
#9201=CARTESIAN_POINT('',(-0.0435211918203492,0.0326408753635155,0.001));
#9202=CARTESIAN_POINT('',(-0.0461461918203492,0.0326408753635155,0.001));
#9203=CARTESIAN_POINT('',(-0.0461461918203492,0.0326408753635155,0.001));
#9204=CARTESIAN_POINT('',(-0.0461461918203492,0.0326408753635155,0.001));
#9205=CARTESIAN_POINT('',(-0.0435211918203492,0.0372733623426822,0.001));
#9206=CARTESIAN_POINT('',(-0.0435211918203492,0.0392808493218488,0.001));
#9207=CARTESIAN_POINT('',(-0.0435211367460731,0.0392808490566373,0.001));
#9208=CARTESIAN_POINT('',(-0.0435211918203492,0.0372733623426822,0.001));
#9209=CARTESIAN_POINT('',(-0.0440521094690448,0.039283405968684,0.001));
#9210=CARTESIAN_POINT('',(-0.0436872566348062,0.039669254993503,0.001));
#9211=CARTESIAN_POINT('',(-0.0436872564463192,0.0396692551819899,0.001));
#9212=CARTESIAN_POINT('',(-0.0440521094690448,0.039283405968684,0.001));
#9213=CARTESIAN_POINT('',(-0.0440731056596251,0.0393044021592643,0.001));
#9214=CARTESIAN_POINT('',(-0.0440756623064603,0.0398353198079599,0.001));
#9215=CARTESIAN_POINT('',(-0.0440756625716718,0.0398353748822361,0.00100000025));
#9216=CARTESIAN_POINT('',(-0.0440731056596251,0.0393044021592643,0.001));
#9217=CARTESIAN_POINT('',(-0.0441926327925714,0.0398353198079599,0.001));
#9218=CARTESIAN_POINT('',(-0.0443096032786825,0.0398353198079599,0.001));
#9219=CARTESIAN_POINT('',(-0.044309603013471,0.0398353748822361,0.001));
#9220=CARTESIAN_POINT('',(-0.0441926327925714,0.0398353198079599,0.001));
#9221=CARTESIAN_POINT('',(-0.0443121599255177,0.0393044021592645,0.001));
#9222=CARTESIAN_POINT('',(-0.0446980089503552,0.0396692549934833,0.001));
#9223=CARTESIAN_POINT('',(-0.0446980091388326,0.0396692551819798,0.001));
#9224=CARTESIAN_POINT('',(-0.0443121599255177,0.0393044021592645,0.001));
#9225=CARTESIAN_POINT('',(-0.0443331561161238,0.0392834059686949,0.001));
#9226=CARTESIAN_POINT('',(-0.0448640737647936,0.0392808493218488,0.001));
#9227=CARTESIAN_POINT('',(-0.0448641288390691,0.0392808490566373,0.00100000025));
#9228=CARTESIAN_POINT('',(-0.0443331561161238,0.0392834059686949,0.001));
#9229=CARTESIAN_POINT('',(-0.0448640737647936,0.0372346253635155,0.001));
#9230=CARTESIAN_POINT('',(-0.0448640737647936,0.0351884014051822,0.001));
#9231=CARTESIAN_POINT('',(-0.0448640737647936,0.0351884014051822,0.001));
#9232=CARTESIAN_POINT('',(-0.0448640737647936,0.0372346253635155,0.001));
#9233=CARTESIAN_POINT('',(-0.0451701718550714,0.0340946514051822,0.001));
#9234=CARTESIAN_POINT('',(-0.0451701718550714,0.0340946514051822,0.002));
#9235=CARTESIAN_POINT('',(-0.0449661064615529,0.0343184650625896,0.001));
#9236=CARTESIAN_POINT('',(-0.0449661064615529,0.0343184650625896,0.002));
#9237=CARTESIAN_POINT('',(-0.0448640737647936,0.0346830483959229,0.001));
#9238=CARTESIAN_POINT('',(-0.0448640737647936,0.0346830483959229,0.002));
#9239=CARTESIAN_POINT('',(-0.0448640737647936,0.0351884014051822,0.001));
#9240=CARTESIAN_POINT('',(-0.0448640737647936,0.0351884014051822,0.002));
#9241=CARTESIAN_POINT('',(-0.0451701718550714,0.0340946514051822,0.001));
#9242=CARTESIAN_POINT('',(-0.0451701718550714,0.0340946514051822,0.001));
#9243=CARTESIAN_POINT('',(-0.0451701718550714,0.0340946514051822,0.001));
#9244=CARTESIAN_POINT('',(-0.0448640737647936,0.0344303718912932,0.001));
#9245=CARTESIAN_POINT('',(-0.0448640737647936,0.0351884014051822,0.001));
#9246=CARTESIAN_POINT('',(-0.0461272031050714,0.033758930919071,0.001));
#9247=CARTESIAN_POINT('',(-0.0461272031050714,0.033758930919071,0.002));
#9248=CARTESIAN_POINT('',(-0.0456932476652566,0.033758930919071,0.001));
#9249=CARTESIAN_POINT('',(-0.0456932476652566,0.033758930919071,0.002));
#9250=CARTESIAN_POINT('',(-0.0453742372485899,0.0338708377477748,0.001));
#9251=CARTESIAN_POINT('',(-0.0453742372485899,0.0338708377477748,0.002));
#9252=CARTESIAN_POINT('',(-0.0451701718550714,0.0340946514051822,0.001));
#9253=CARTESIAN_POINT('',(-0.0451701718550714,0.0340946514051822,0.002));
#9254=CARTESIAN_POINT('',(-0.0461272031050714,0.033758930919071,0.001));
#9255=CARTESIAN_POINT('',(-0.0461272031050714,0.033758930919071,0.001));
#9256=CARTESIAN_POINT('',(-0.0461272031050714,0.033758930919071,0.001));
#9257=CARTESIAN_POINT('',(-0.0454762699453492,0.033758930919071,0.001));
#9258=CARTESIAN_POINT('',(-0.0451701718550714,0.0340946514051822,0.001));
#9259=CARTESIAN_POINT('',(-0.0470849939036825,0.0340946514051822,0.001));
#9260=CARTESIAN_POINT('',(-0.0470849939036825,0.0340946514051822,0.002));
#9261=CARTESIAN_POINT('',(-0.0468804221444232,0.0338708377477748,0.001));
#9262=CARTESIAN_POINT('',(-0.0468804221444232,0.0338708377477748,0.002));
#9263=CARTESIAN_POINT('',(-0.0465611585448862,0.033758930919071,0.001));
#9264=CARTESIAN_POINT('',(-0.0465611585448862,0.033758930919071,0.002));
#9265=CARTESIAN_POINT('',(-0.0461272031050714,0.033758930919071,0.001));
#9266=CARTESIAN_POINT('',(-0.0461272031050714,0.033758930919071,0.002));
#9267=CARTESIAN_POINT('',(-0.0470849939036825,0.0340946514051822,0.001));
#9268=CARTESIAN_POINT('',(-0.0470849939036825,0.0340946514051822,0.001));
#9269=CARTESIAN_POINT('',(-0.0470849939036825,0.0340946514051822,0.001));
#9270=CARTESIAN_POINT('',(-0.0467781362647936,0.033758930919071,0.001));
#9271=CARTESIAN_POINT('',(-0.0461272031050714,0.033758930919071,0.001));
#9272=CARTESIAN_POINT('',(-0.0473918515425714,0.0351884014051822,0.001));
#9273=CARTESIAN_POINT('',(-0.0473918515425714,0.0351884014051822,0.002));
#9274=CARTESIAN_POINT('',(-0.0473918515425714,0.0346830483959229,0.001));
#9275=CARTESIAN_POINT('',(-0.0473918515425714,0.0346830483959229,0.002));
#9276=CARTESIAN_POINT('',(-0.0472895656629418,0.0343184650625896,0.001));
#9277=CARTESIAN_POINT('',(-0.0472895656629418,0.0343184650625896,0.002));
#9278=CARTESIAN_POINT('',(-0.0470849939036825,0.0340946514051822,0.001));
#9279=CARTESIAN_POINT('',(-0.0470849939036825,0.0340946514051822,0.002));
#9280=CARTESIAN_POINT('',(-0.0473918515425714,0.0351884014051822,0.001));
#9281=CARTESIAN_POINT('',(-0.0473918515425714,0.0351884014051822,0.001));
#9282=CARTESIAN_POINT('',(-0.0473918515425714,0.0351884014051822,0.001));
#9283=CARTESIAN_POINT('',(-0.0473918515425714,0.0344303718912932,0.001));
#9284=CARTESIAN_POINT('',(-0.0470849939036825,0.0340946514051822,0.001));
#9285=CARTESIAN_POINT('',(-0.0473918515425714,0.0372346253635155,0.001));
#9286=CARTESIAN_POINT('',(-0.0473918515425714,0.0392808493218488,0.001));
#9287=CARTESIAN_POINT('',(-0.0473918056673809,0.0392808490791669,0.001));
#9288=CARTESIAN_POINT('',(-0.0473918515425714,0.0372346253635155,0.001));
#9289=CARTESIAN_POINT('',(-0.047923974257674,0.0392836642757132,0.001));
#9290=CARTESIAN_POINT('',(-0.0475572444356537,0.0396693706427971,0.001));
#9291=CARTESIAN_POINT('',(-0.0475572444356537,0.0396693706427971,0.001));
#9292=CARTESIAN_POINT('',(-0.047923974257674,0.0392836642757132,0.001));
#9293=CARTESIAN_POINT('',(-0.0479418879082011,0.0393068840645011,0.001));
#9294=CARTESIAN_POINT('',(-0.0479448029314603,0.0398353198079599,0.001));
#9295=CARTESIAN_POINT('',(-0.0479448031774997,0.0398353644100081,0.00100000025));
#9296=CARTESIAN_POINT('',(-0.0479418879082011,0.0393068840645011,0.001));
#9297=CARTESIAN_POINT('',(-0.0480815216814603,0.0398353198079599,0.001));
#9298=CARTESIAN_POINT('',(-0.0482182404314603,0.0398353198079599,0.001));
#9299=CARTESIAN_POINT('',(-0.0482182401854209,0.0398353644100078,0.001));
#9300=CARTESIAN_POINT('',(-0.0480815216814603,0.0398353198079599,0.001));
#9301=CARTESIAN_POINT('',(-0.0482211554547294,0.0393068840645294,0.001));
#9302=CARTESIAN_POINT('',(-0.0486057989272357,0.0396693706428268,0.001));
#9303=CARTESIAN_POINT('',(-0.0486057989272357,0.0396693706428268,0.001));
#9304=CARTESIAN_POINT('',(-0.0482211554547294,0.0393068840645294,0.001));
#9305=CARTESIAN_POINT('',(-0.0482390691052467,0.0392836642757132,0.001));
#9306=CARTESIAN_POINT('',(-0.0487711918203492,0.0392808493218488,0.001));
#9307=CARTESIAN_POINT('',(-0.0487712376955397,0.0392808490791669,0.00100000025));
#9308=CARTESIAN_POINT('',(-0.0482390691052467,0.0392836642757132,0.001));
#9309=CARTESIAN_POINT('',(-0.0487711918203492,0.0372733623426822,0.001));
#9310=CARTESIAN_POINT('',(-0.0487711918203492,0.0352658753635155,0.001));
#9311=CARTESIAN_POINT('',(-0.0487711918203492,0.0352658753635155,0.001));
#9312=CARTESIAN_POINT('',(-0.0487711918203492,0.0372733623426822,0.001));
#9313=CARTESIAN_POINT('',(-0.0461461918203492,0.0326408753635155,0.001));
#9314=CARTESIAN_POINT('',(-0.0461461918203492,0.0326408753635155,0.002));
#9315=CARTESIAN_POINT('',(-0.0478961918203492,0.0326408753635155,0.001));
#9316=CARTESIAN_POINT('',(-0.0478961918203492,0.0326408753635155,0.002));
#9317=CARTESIAN_POINT('',(-0.0487711918203492,0.0335158753635155,0.001));
#9318=CARTESIAN_POINT('',(-0.0487711918203492,0.0335158753635155,0.002));
#9319=CARTESIAN_POINT('',(-0.0487711918203492,0.0352658753635155,0.001));
#9320=CARTESIAN_POINT('',(-0.0487711918203492,0.0352658753635155,0.002));
#9321=CARTESIAN_POINT('',(-0.0461461918203492,0.0326408753635155,0.001));
#9322=CARTESIAN_POINT('',(-0.0487711918203492,0.0326408753635155,0.001));
#9323=CARTESIAN_POINT('',(-0.0487711918203492,0.0352658753635155,0.001));
#9324=CARTESIAN_POINT('',(-0.0220496327925714,0.0362380975857377,0.001));
#9325=CARTESIAN_POINT('',(0.,0.,0.));
#9326=CARTESIAN_POINT('',(-0.000507637874223282,-0.0165963023900986,0.012));
#9327=CARTESIAN_POINT('',(-0.0112076378742233,-0.0165963023900986,0.0094));
#9328=CARTESIAN_POINT('',(-0.0177076378742233,-0.0165963023900986,0.0094));
#9329=CARTESIAN_POINT('',(-0.00470763787422329,-0.0165963023900986,0.0094));
#9330=CARTESIAN_POINT('',(-0.00470763787422329,-0.0165963023900986,0.0065));
#9331=CARTESIAN_POINT('',(-0.00470763787422329,-0.0165963023900986,0.0036));
#9332=CARTESIAN_POINT('',(-0.0112076378742233,-0.0165963023900986,0.0036));
#9333=CARTESIAN_POINT('',(-0.0177076378742233,-0.0165963023900986,0.0036));
#9334=CARTESIAN_POINT('',(-0.0177076378742233,-0.0165963023900986,0.0065));
#9335=CARTESIAN_POINT('',(0.0224923621257767,-0.0165963023900986,0.007));
#9336=CARTESIAN_POINT('',(0.0179923621257767,-0.0165963023900986,0.007));
#9337=CARTESIAN_POINT('',(0.0269923621257767,-0.0165963023900986,0.007));
#9338=CARTESIAN_POINT('',(0.0269923621257767,-0.0165963023900986,0.0053));
#9339=CARTESIAN_POINT('',(0.0269923621257767,-0.0165963023900986,0.0036));
#9340=CARTESIAN_POINT('',(0.0224923621257767,-0.0165963023900986,0.0036));
#9341=CARTESIAN_POINT('',(0.0179923621257767,-0.0165963023900986,0.0036));
#9342=CARTESIAN_POINT('',(0.0179923621257767,-0.0165963023900986,0.0053));
#9343=CARTESIAN_POINT('',(-0.000507637874223282,-0.0165963023900986,0.));
#9344=CARTESIAN_POINT('',(-0.0395076378742233,-0.0165963023900986,0.));
#9345=CARTESIAN_POINT('',(0.0384923621257767,-0.0165963023900986,0.));
#9346=CARTESIAN_POINT('',(0.0384923621257767,-0.0165963023900986,0.012));
#9347=CARTESIAN_POINT('',(0.0384923621257767,-0.0165963023900986,0.012));
#9348=CARTESIAN_POINT('',(-0.000507637874223282,-0.0165963023900986,0.012));
#9349=CARTESIAN_POINT('',(-0.0395076378742233,-0.0165963023900986,0.012));
#9350=CARTESIAN_POINT('',(-0.0395076378742233,-0.0165963023900986,0.012));
#9351=CARTESIAN_POINT('',(0.0114923621257767,-0.0165963023900986,0.00530689614899457));
#9352=CARTESIAN_POINT('',(0.0114923621257767,-0.0165963023900986,0.00700689614899457));
#9353=CARTESIAN_POINT('',(0.0114923621257767,-0.0165963023900986,0.00360689614899457));
#9354=CARTESIAN_POINT('',(0.00699236212577671,-0.0165963023900986,0.00360689614899457));
#9355=CARTESIAN_POINT('',(0.00249236212577671,-0.0165963023900986,0.00360689614899457));
#9356=CARTESIAN_POINT('',(0.00249236212577671,-0.0165963023900986,0.00530689614899457));
#9357=CARTESIAN_POINT('',(0.00249236212577671,-0.0165963023900986,0.00700689614899457));
#9358=CARTESIAN_POINT('',(0.00699236212577671,-0.0165963023900986,0.00700689614899457));
#9359=CARTESIAN_POINT('',(-0.0283076378742233,-0.0165963023900986,0.0094));
#9360=CARTESIAN_POINT('',(-0.0348076378742233,-0.0165963023900986,0.0094));
#9361=CARTESIAN_POINT('',(-0.0218076378742233,-0.0165963023900986,0.0094));
#9362=CARTESIAN_POINT('',(-0.0218076378742233,-0.0165963023900986,0.0065));
#9363=CARTESIAN_POINT('',(-0.0218076378742233,-0.0165963023900986,0.0036));
#9364=CARTESIAN_POINT('',(-0.0283076378742233,-0.0165963023900986,0.0036));
#9365=CARTESIAN_POINT('',(-0.0348076378742233,-0.0165963023900986,0.0036));
#9366=CARTESIAN_POINT('',(-0.0348076378742233,-0.0165963023900986,0.0065));
#9367=CARTESIAN_POINT('',(-0.000507637874223289,-0.0145963023900986,0.012));
#9368=CARTESIAN_POINT('',(-0.000507637874223289,-0.0145963023900986,0.002));
#9369=CARTESIAN_POINT('',(-0.0375076378742233,-0.0145963023900986,0.002));
#9370=CARTESIAN_POINT('',(0.0364923621257767,-0.0145963023900986,0.002));
#9371=CARTESIAN_POINT('',(-0.0375076378742233,-0.0145963023900986,0.012));
#9372=CARTESIAN_POINT('',(-0.0375076378742233,-0.0145963023900986,0.012));
#9373=CARTESIAN_POINT('',(-0.000507637874223289,-0.0145963023900986,0.012));
#9374=CARTESIAN_POINT('',(0.0364923621257767,-0.0145963023900986,0.012));
#9375=CARTESIAN_POINT('',(0.0364923621257767,-0.0145963023900986,0.012));
#9376=CARTESIAN_POINT('',(0.0269923621257767,-0.0145963023900986,0.012));
#9377=CARTESIAN_POINT('',(0.0269923621257767,-0.0145963023900986,0.0036));
#9378=CARTESIAN_POINT('',(0.0269923621257767,-0.0145963023900986,0.007));
#9379=CARTESIAN_POINT('',(-0.000507637874223288,-0.0145963023900986,0.007));
#9380=CARTESIAN_POINT('',(0.0179923621257767,-0.0145963023900986,0.007));
#9381=CARTESIAN_POINT('',(0.0179923621257767,-0.0145963023900986,0.012));
#9382=CARTESIAN_POINT('',(0.0179923621257767,-0.0145963023900986,0.0036));
#9383=CARTESIAN_POINT('',(-0.000507637874223288,-0.0145963023900986,0.0036));
#9384=CARTESIAN_POINT('',(-0.000507637874223287,-0.0145963023900986,0.00360689614899457));
#9385=CARTESIAN_POINT('',(0.0114923621257767,-0.0145963023900986,0.00360689614899457));
#9386=CARTESIAN_POINT('',(0.00249236212577671,-0.0145963023900986,0.00360689614899457));
#9387=CARTESIAN_POINT('',(0.0114923621257767,-0.0145963023900986,0.012));
#9388=CARTESIAN_POINT('',(0.0114923621257767,-0.0145963023900986,0.00700689614899457));
#9389=CARTESIAN_POINT('',(-0.000507637874223289,-0.0145963023900986,0.00700689614899457));
#9390=CARTESIAN_POINT('',(0.00249236212577671,-0.0145963023900986,0.00700689614899457));
#9391=CARTESIAN_POINT('',(0.00249236212577671,-0.0145963023900986,0.012));
#9392=CARTESIAN_POINT('',(-0.00470763787422329,-0.0145963023900986,0.012));
#9393=CARTESIAN_POINT('',(-0.00470763787422329,-0.0145963023900986,0.0036));
#9394=CARTESIAN_POINT('',(-0.00470763787422329,-0.0145963023900986,0.0094));
#9395=CARTESIAN_POINT('',(-0.000507637874223289,-0.0145963023900986,0.0094));
#9396=CARTESIAN_POINT('',(-0.0177076378742233,-0.0145963023900986,0.0094));
#9397=CARTESIAN_POINT('',(-0.0177076378742233,-0.0145963023900986,0.012));
#9398=CARTESIAN_POINT('',(-0.0177076378742233,-0.0145963023900986,0.0036));
#9399=CARTESIAN_POINT('',(-0.000507637874223289,-0.0145963023900986,0.0036));
#9400=CARTESIAN_POINT('',(-0.0218076378742233,-0.0145963023900986,0.012));
#9401=CARTESIAN_POINT('',(-0.0218076378742233,-0.0145963023900986,0.0036));
#9402=CARTESIAN_POINT('',(-0.0218076378742233,-0.0145963023900986,0.0094));
#9403=CARTESIAN_POINT('',(-0.000507637874223289,-0.0145963023900986,0.0094));
#9404=CARTESIAN_POINT('',(-0.0348076378742233,-0.0145963023900986,0.0094));
#9405=CARTESIAN_POINT('',(-0.0348076378742233,-0.0145963023900986,0.012));
#9406=CARTESIAN_POINT('',(-0.0348076378742233,-0.0145963023900986,0.0036));
#9407=CARTESIAN_POINT('',(-0.000507637874223287,-0.0145963023900986,0.0036));
#9408=CARTESIAN_POINT('',(0.0394923621257767,0.000403697609901423,0.012));
#9409=CARTESIAN_POINT('',(0.0394923621257767,0.0124036976099014,0.));
#9410=CARTESIAN_POINT('',(0.0394923621257767,0.0124036976099014,0.012));
#9411=CARTESIAN_POINT('',(0.0394923621257767,0.0124036976099014,0.002));
#9412=CARTESIAN_POINT('',(0.0394923621257767,0.000403697609901423,0.002));
#9413=CARTESIAN_POINT('',(0.0394923621257767,-0.0115963023900986,0.002));
#9414=CARTESIAN_POINT('',(0.0394923621257767,-0.0115963023900986,0.012));
#9415=CARTESIAN_POINT('',(0.0394923621257767,-0.0115963023900986,0.012));
#9416=CARTESIAN_POINT('',(0.0394923621257767,0.000403697609901423,0.012));
#9417=CARTESIAN_POINT('',(0.0394923621257767,0.000403697609901424,0.007));
#9418=CARTESIAN_POINT('',(0.0394923621257767,-0.00619630239009858,0.007));
#9419=CARTESIAN_POINT('',(0.0394923621257767,0.00280369760990143,0.007));
#9420=CARTESIAN_POINT('',(0.0394923621257767,-0.00619630239009858,0.012));
#9421=CARTESIAN_POINT('',(0.0394923621257767,-0.00619630239009858,0.0036));
#9422=CARTESIAN_POINT('',(0.0394923621257767,0.000403697609901426,0.0036));
#9423=CARTESIAN_POINT('',(0.0394923621257767,0.00280369760990143,0.0036));
#9424=CARTESIAN_POINT('',(0.0394923621257767,0.00280369760990143,0.012));
#9425=CARTESIAN_POINT('',(0.0414923621257767,0.000403697609901409,0.012));
#9426=CARTESIAN_POINT('',(0.0414923621257767,0.000403697609901409,0.));
#9427=CARTESIAN_POINT('',(0.0414923621257767,0.0144036976099014,0.));
#9428=CARTESIAN_POINT('',(0.0414923621257767,-0.0135963023900986,0.));
#9429=CARTESIAN_POINT('',(0.0414923621257767,0.0144036976099014,0.012));
#9430=CARTESIAN_POINT('',(0.0414923621257767,0.0144036976099014,0.012));
#9431=CARTESIAN_POINT('',(0.0414923621257767,0.000403697609901409,0.012));
#9432=CARTESIAN_POINT('',(0.0414923621257767,-0.0135963023900986,0.012));
#9433=CARTESIAN_POINT('',(0.0414923621257767,-0.0135963023900986,0.));
#9434=CARTESIAN_POINT('',(0.0414923621257767,-0.00619630239009858,0.0053));
#9435=CARTESIAN_POINT('',(0.0414923621257767,-0.00619630239009858,0.007));
#9436=CARTESIAN_POINT('',(0.0414923621257767,-0.00619630239009858,0.0036));
#9437=CARTESIAN_POINT('',(0.0414923621257767,-0.00169630239009857,0.007));
#9438=CARTESIAN_POINT('',(0.0414923621257767,0.00280369760990143,0.007));
#9439=CARTESIAN_POINT('',(0.0414923621257767,0.00280369760990143,0.0053));
#9440=CARTESIAN_POINT('',(0.0414923621257767,0.00280369760990143,0.0036));
#9441=CARTESIAN_POINT('',(0.0414923621257767,-0.00169630239009857,0.0036));
#9442=CARTESIAN_POINT('',(-0.000507637874223282,0.0174036976099014,0.012));
#9443=CARTESIAN_POINT('',(-0.000507637874223282,0.0174036976099014,0.012));
#9444=CARTESIAN_POINT('',(-0.0395076378742233,0.0174036976099014,0.012));
#9445=CARTESIAN_POINT('',(0.0384923621257767,0.0174036976099014,0.012));
#9446=CARTESIAN_POINT('',(0.0384923621257767,0.0174036976099014,0.012));
#9447=CARTESIAN_POINT('',(0.0384923621257767,0.0174036976099014,0.));
#9448=CARTESIAN_POINT('',(-0.000507637874223282,0.0174036976099014,0.));
#9449=CARTESIAN_POINT('',(-0.0395076378742233,0.0174036976099014,0.));
#9450=CARTESIAN_POINT('',(-0.0395076378742233,0.0174036976099014,0.012));
#9451=CARTESIAN_POINT('',(-0.0425076378742233,0.000403697609901412,0.012));
#9452=CARTESIAN_POINT('',(-0.0425076378742233,0.000403697609901412,0.));
#9453=CARTESIAN_POINT('',(-0.0425076378742233,0.0144036976099014,0.));
#9454=CARTESIAN_POINT('',(-0.0425076378742233,-0.0135963023900986,0.));
#9455=CARTESIAN_POINT('',(-0.0425076378742233,-0.0135963023900986,0.012));
#9456=CARTESIAN_POINT('',(-0.0425076378742233,-0.0135963023900986,0.012));
#9457=CARTESIAN_POINT('',(-0.0425076378742233,0.000403697609901412,0.012));
#9458=CARTESIAN_POINT('',(-0.0425076378742233,0.0144036976099014,0.012));
#9459=CARTESIAN_POINT('',(-0.0425076378742233,0.0144036976099014,0.));
#9460=CARTESIAN_POINT('',(-0.0405076378742233,0.000403697609901423,0.012));
#9461=CARTESIAN_POINT('',(-0.0405076378742233,0.000403697609901423,0.002));
#9462=CARTESIAN_POINT('',(-0.0405076378742233,0.0124036976099014,0.002));
#9463=CARTESIAN_POINT('',(-0.0405076378742233,-0.0115963023900986,0.002));
#9464=CARTESIAN_POINT('',(-0.0405076378742233,0.0124036976099014,0.012));
#9465=CARTESIAN_POINT('',(-0.0405076378742233,0.0124036976099014,0.012));
#9466=CARTESIAN_POINT('',(-0.0405076378742233,0.000403697609901423,0.012));
#9467=CARTESIAN_POINT('',(-0.0405076378742233,-0.0115963023900986,0.012));
#9468=CARTESIAN_POINT('',(-0.0405076378742233,-0.0115963023900986,0.));
#9469=CARTESIAN_POINT('',(-0.000507637874223289,0.0154036976099014,0.012));
#9470=CARTESIAN_POINT('',(-0.0375076378742233,0.0154036976099014,0.012));
#9471=CARTESIAN_POINT('',(-0.0375076378742233,0.0154036976099014,0.012));
#9472=CARTESIAN_POINT('',(-0.0375076378742233,0.0154036976099014,0.002));
#9473=CARTESIAN_POINT('',(-0.000507637874223289,0.0154036976099014,0.002));
#9474=CARTESIAN_POINT('',(0.0364923621257767,0.0154036976099014,0.002));
#9475=CARTESIAN_POINT('',(0.0364923621257767,0.0154036976099014,0.012));
#9476=CARTESIAN_POINT('',(0.0364923621257767,0.0154036976099014,0.012));
#9477=CARTESIAN_POINT('',(-0.000507637874223289,0.0154036976099014,0.012));
#9478=CARTESIAN_POINT('',(-0.000507637874223282,0.000403697609901412,0.012));
#9479=CARTESIAN_POINT('',(0.0395937822759151,0.0156783442944288,0.012));
#9480=CARTESIAN_POINT('',(0.0387937822759151,0.0156783442944288,0.012));
#9481=CARTESIAN_POINT('',(0.0397018790245056,-0.0148361604660749,0.012));
#9482=CARTESIAN_POINT('',(0.0389018790245056,-0.0148361604660749,0.012));
#9483=CARTESIAN_POINT('',(-0.0407411828637123,-0.0146284615620971,0.012));
#9484=CARTESIAN_POINT('',(-0.0415411828637123,-0.0146284615620971,0.012));
#9485=CARTESIAN_POINT('',(-0.0405772738158703,0.0156077351421118,0.012));
#9486=CARTESIAN_POINT('',(-0.0413772738158703,0.0156077351421118,0.012));
#9487=CARTESIAN_POINT('',(-0.0375076378742233,0.0124036976099014,0.012));
#9488=CARTESIAN_POINT('',(0.0364923621257767,0.0124036976099014,0.012));
#9489=CARTESIAN_POINT('',(0.0364923621257767,-0.0115963023900986,0.012));
#9490=CARTESIAN_POINT('',(-0.0375076378742233,-0.0115963023900986,0.012));
#9491=CARTESIAN_POINT('',(0.0384923621257767,0.0144036976099014,0.012));
#9492=CARTESIAN_POINT('',(-0.0395076378742233,0.0144036976099014,0.012));
#9493=CARTESIAN_POINT('',(-0.0395076378742233,-0.0135963023900986,0.012));
#9494=CARTESIAN_POINT('',(0.0384923621257767,-0.0135963023900986,0.012));
#9495=CARTESIAN_POINT('',(-0.000507637874223282,0.000403697609901412,0.));
#9496=CARTESIAN_POINT('',(-0.0395076378742233,0.0144036976099014,0.));
#9497=CARTESIAN_POINT('',(0.0384923621257767,0.0144036976099014,0.));
#9498=CARTESIAN_POINT('',(0.0384923621257767,-0.0135963023900986,0.));
#9499=CARTESIAN_POINT('',(-0.0395076378742233,-0.0135963023900986,0.));
#9500=CARTESIAN_POINT('',(0.0364923621257767,-0.0115963023900986,0.012));
#9501=CARTESIAN_POINT('',(0.0364923621257767,-0.0115963023900986,0.002));
#9502=CARTESIAN_POINT('',(0.0364923621257767,0.0124036976099014,0.012));
#9503=CARTESIAN_POINT('',(0.0364923621257767,0.0124036976099014,0.002));
#9504=CARTESIAN_POINT('',(-0.0375076378742233,0.0124036976099014,0.012));
#9505=CARTESIAN_POINT('',(-0.0375076378742233,0.0124036976099014,0.002));
#9506=CARTESIAN_POINT('',(-0.0375076378742233,-0.0115963023900986,0.012));
#9507=CARTESIAN_POINT('',(-0.0375076378742233,-0.0115963023900986,0.002));
#9508=CARTESIAN_POINT('',(0.0384923621257767,0.0144036976099014,0.012));
#9509=CARTESIAN_POINT('',(0.0384923621257767,-0.0135963023900986,0.012));
#9510=CARTESIAN_POINT('',(-0.0395076378742233,-0.0135963023900986,0.012));
#9511=CARTESIAN_POINT('',(-0.0395076378742233,0.0144036976099014,0.012));
#9512=CARTESIAN_POINT('',(-0.000507637874223282,0.000403697609901416,0.002));
#9513=CARTESIAN_POINT('',(0.0364923621257768,-0.00169630239009857,0.007));
#9514=CARTESIAN_POINT('',(0.0364923621257768,0.00280369760990143,0.007));
#9515=CARTESIAN_POINT('',(0.0364923621257768,-0.00619630239009858,0.007));
#9516=CARTESIAN_POINT('',(0.0364923621257768,-0.00619630239009858,0.0053));
#9517=CARTESIAN_POINT('',(0.0364923621257768,-0.00619630239009858,0.0036));
#9518=CARTESIAN_POINT('',(0.0364923621257768,-0.00169630239009857,0.0036));
#9519=CARTESIAN_POINT('',(0.0364923621257768,0.00280369760990143,0.0036));
#9520=CARTESIAN_POINT('',(0.0364923621257768,0.00280369760990143,0.0053));
#9521=CARTESIAN_POINT('',(0.0224923621257767,-0.0125963023900986,0.007));
#9522=CARTESIAN_POINT('',(0.0269923621257767,-0.0125963023900986,0.007));
#9523=CARTESIAN_POINT('',(0.0179923621257767,-0.0125963023900986,0.007));
#9524=CARTESIAN_POINT('',(0.0179923621257767,-0.0125963023900986,0.0053));
#9525=CARTESIAN_POINT('',(0.0179923621257767,-0.0125963023900986,0.0036));
#9526=CARTESIAN_POINT('',(0.0224923621257767,-0.0125963023900986,0.0036));
#9527=CARTESIAN_POINT('',(0.0269923621257767,-0.0125963023900986,0.0036));
#9528=CARTESIAN_POINT('',(0.0269923621257767,-0.0125963023900986,0.0053));
#9529=CARTESIAN_POINT('',(0.0114923621257767,-0.0125963023900986,0.00530689614899457));
#9530=CARTESIAN_POINT('',(0.0114923621257767,-0.0125963023900986,0.00360689614899457));
#9531=CARTESIAN_POINT('',(0.0114923621257767,-0.0125963023900986,0.00700689614899457));
#9532=CARTESIAN_POINT('',(0.00699236212577671,-0.0125963023900986,0.00700689614899457));
#9533=CARTESIAN_POINT('',(0.00249236212577671,-0.0125963023900986,0.00700689614899457));
#9534=CARTESIAN_POINT('',(0.00249236212577671,-0.0125963023900986,0.00530689614899457));
#9535=CARTESIAN_POINT('',(0.00249236212577671,-0.0125963023900986,0.00360689614899457));
#9536=CARTESIAN_POINT('',(0.00699236212577671,-0.0125963023900986,0.00360689614899457));
#9537=CARTESIAN_POINT('',(-0.0112076378742233,-0.0125963023900986,0.0094));
#9538=CARTESIAN_POINT('',(-0.00470763787422329,-0.0125963023900986,0.0094));
#9539=CARTESIAN_POINT('',(-0.0177076378742233,-0.0125963023900986,0.0094));
#9540=CARTESIAN_POINT('',(-0.0177076378742233,-0.0125963023900986,0.0065));
#9541=CARTESIAN_POINT('',(-0.0177076378742233,-0.0125963023900986,0.0036));
#9542=CARTESIAN_POINT('',(-0.0112076378742233,-0.0125963023900986,0.0036));
#9543=CARTESIAN_POINT('',(-0.00470763787422329,-0.0125963023900986,0.0036));
#9544=CARTESIAN_POINT('',(-0.00470763787422329,-0.0125963023900986,0.0065));
#9545=CARTESIAN_POINT('',(-0.0283076378742233,-0.0125963023900986,0.0094));
#9546=CARTESIAN_POINT('',(-0.0218076378742233,-0.0125963023900986,0.0094));
#9547=CARTESIAN_POINT('',(-0.0348076378742233,-0.0125963023900986,0.0094));
#9548=CARTESIAN_POINT('',(-0.0348076378742233,-0.0125963023900986,0.0065));
#9549=CARTESIAN_POINT('',(-0.0348076378742233,-0.0125963023900986,0.0036));
#9550=CARTESIAN_POINT('',(-0.0283076378742233,-0.0125963023900986,0.0036));
#9551=CARTESIAN_POINT('',(-0.0218076378742233,-0.0125963023900986,0.0036));
#9552=CARTESIAN_POINT('',(-0.0218076378742233,-0.0125963023900986,0.0065));
#9553=CARTESIAN_POINT('',(-0.0405772738158703,0.0156077351421118,0.002));
#9554=CARTESIAN_POINT('',(-0.0405772738158703,0.0156077351421118,0.00151931150477795));
#9555=CARTESIAN_POINT('',(-0.0405772738158703,0.0156077351421118,0.002));
#9556=CARTESIAN_POINT('',(-0.0413772738158703,0.0156077351421118,0.002));
#9557=CARTESIAN_POINT('',(-0.0405772738158703,0.0156077351421118,0.012));
#9558=CARTESIAN_POINT('',(-0.0407411828637123,-0.0146284615620971,0.002));
#9559=CARTESIAN_POINT('',(-0.0407411828637123,-0.0146284615620971,0.00151931150477795));
#9560=CARTESIAN_POINT('',(-0.0407411828637123,-0.0146284615620971,0.002));
#9561=CARTESIAN_POINT('',(-0.0415411828637123,-0.0146284615620971,0.002));
#9562=CARTESIAN_POINT('',(-0.0407411828637123,-0.0146284615620971,0.012));
#9563=CARTESIAN_POINT('',(0.0397018790245056,-0.0148361604660749,0.002));
#9564=CARTESIAN_POINT('',(0.0397018790245056,-0.0148361604660749,0.00151931150477795));
#9565=CARTESIAN_POINT('',(0.0397018790245056,-0.0148361604660749,0.002));
#9566=CARTESIAN_POINT('',(0.0389018790245056,-0.0148361604660749,0.002));
#9567=CARTESIAN_POINT('',(0.0397018790245056,-0.0148361604660749,0.012));
#9568=CARTESIAN_POINT('',(0.0395937822759151,0.0156783442944288,0.002));
#9569=CARTESIAN_POINT('',(0.0395937822759151,0.0156783442944288,0.00151931150477795));
#9570=CARTESIAN_POINT('',(0.0395937822759151,0.0156783442944288,0.002));
#9571=CARTESIAN_POINT('',(0.0387937822759151,0.0156783442944288,0.002));
#9572=CARTESIAN_POINT('',(0.0395937822759151,0.0156783442944288,0.012));
#9573=MECHANICAL_DESIGN_GEOMETRIC_PRESENTATION_REPRESENTATION('',(#5383),
#9575);
#9574=MECHANICAL_DESIGN_GEOMETRIC_PRESENTATION_REPRESENTATION('',(#5384),
#9576);
#9575=(
GEOMETRIC_REPRESENTATION_CONTEXT(3)
GLOBAL_UNCERTAINTY_ASSIGNED_CONTEXT((#9577))
GLOBAL_UNIT_ASSIGNED_CONTEXT((#9583,#9581,#9579))
REPRESENTATION_CONTEXT('Part 2','TOP_LEVEL_ASSEMBLY_PART')
);
#9576=(
GEOMETRIC_REPRESENTATION_CONTEXT(3)
GLOBAL_UNCERTAINTY_ASSIGNED_CONTEXT((#9578))
GLOBAL_UNIT_ASSIGNED_CONTEXT((#9584,#9582,#9580))
REPRESENTATION_CONTEXT('Part 1','TOP_LEVEL_ASSEMBLY_PART')
);
#9577=UNCERTAINTY_MEASURE_WITH_UNIT(LENGTH_MEASURE(2.E-5),#9583,
'DISTANCE_ACCURACY_VALUE','Maximum Tolerance applied to model');
#9578=UNCERTAINTY_MEASURE_WITH_UNIT(LENGTH_MEASURE(1.E-8),#9584,
'DISTANCE_ACCURACY_VALUE','Maximum Tolerance applied to model');
#9579=(
NAMED_UNIT(*)
SI_UNIT($,.STERADIAN.)
SOLID_ANGLE_UNIT()
);
#9580=(
NAMED_UNIT(*)
SI_UNIT($,.STERADIAN.)
SOLID_ANGLE_UNIT()
);
#9581=(
NAMED_UNIT(*)
PLANE_ANGLE_UNIT()
SI_UNIT($,.RADIAN.)
);
#9582=(
NAMED_UNIT(*)
PLANE_ANGLE_UNIT()
SI_UNIT($,.RADIAN.)
);
#9583=(
LENGTH_UNIT()
NAMED_UNIT(*)
SI_UNIT($,.METRE.)
);
#9584=(
LENGTH_UNIT()
NAMED_UNIT(*)
SI_UNIT($,.METRE.)
);
#9585=PRODUCT_DEFINITION_SHAPE('','',#9587);
#9586=PRODUCT_DEFINITION_SHAPE('','',#9588);
#9587=PRODUCT_DEFINITION('','',#9591,#9589);
#9588=PRODUCT_DEFINITION('','',#9592,#9590);
#9589=PRODUCT_DEFINITION_CONTEXT('',#9603,'design');
#9590=PRODUCT_DEFINITION_CONTEXT('',#9604,'design');
#9591=PRODUCT_DEFINITION_FORMATION_WITH_SPECIFIED_SOURCE('','',#9595,
 .NOT_KNOWN.);
#9592=PRODUCT_DEFINITION_FORMATION_WITH_SPECIFIED_SOURCE('','',#9596,
 .NOT_KNOWN.);
#9593=PRODUCT_RELATED_PRODUCT_CATEGORY('','',(#9595));
#9594=PRODUCT_RELATED_PRODUCT_CATEGORY('','',(#9596));
#9595=PRODUCT('Part 2','Part 2','Part 2',(#9599));
#9596=PRODUCT('Part 1','Part 1','Part 1',(#9600));
#9597=PRODUCT_CATEGORY('','');
#9598=PRODUCT_CATEGORY('','');
#9599=PRODUCT_CONTEXT('',#9603,'mechanical');
#9600=PRODUCT_CONTEXT('',#9604,'mechanical');
#9601=APPLICATION_PROTOCOL_DEFINITION('international standard',
'ap242_managed_model_based_3d_engineering',2020,#9603);
#9602=APPLICATION_PROTOCOL_DEFINITION('international standard',
'ap242_managed_model_based_3d_engineering',2020,#9604);
#9603=APPLICATION_CONTEXT('managed model based 3d engineering');
#9604=APPLICATION_CONTEXT('managed model based 3d engineering');
ENDSEC;
END-ISO-10303-21;
